case,synchronous_reactance,constant_impedance_loads_included,gscr,minimum_eigenvalue,maximum_eigenvalue,termination_vs_direct_kron_relative_error
xd2_without_load,xd2,False,0.8109979585235259,0.8109979585235259,107.06148391671337,1.5472860255770328e-16
xd2_with_tds_z_load,xd2,True,0.8935618719842418,0.8935618719842418,107.0772971114535,3.8213591092690775e-16
xd1_without_load,xd1,False,0.7819276853020176,0.7819276853020176,107.04241444006918,1.644219306685216e-16
xd1_with_tds_z_load,xd1,True,0.8671808474851409,0.8671808474851409,107.05866499339722,3.1757770394404015e-16
