order,direct_eigenvalue
1,0.17140949759782695
2,0.9023408111847897
3,1.6075056378523638
4,2.315521515543158
5,3.638299844138911
6,4.999065748812079
7,7.91613010567329
8,17.963662469564042
