bus,psasp_bus_index,capacity_mva,rated_mw,capacity_pu_on_100_mva
BUS1,2,1880.0,1500.0,18.8
BUS2,10,706.0,600.0,7.06
BUS3,5,882.0,750.0,8.82
BUS4,18,235.0,200.0,2.35
BUS5,17,637.5,510.0,6.375
BUS6,14,100.0,0.1,1.0
BUS7,35,286.0,250.0,2.86
BUS8,34,388.399994,340.0,3.88399994
