,BUS1,BUS2,BUS3,BUS4,BUS5,BUS6,BUS7,BUS8
BUS1,-14.490645081886605,8.750330101363932,2.2873754083487077,0.6181232272088132,0.43820808753723206,0.9671793954411791,0.16549172889529493,0.22034733585635607
BUS2,8.750330101363934,-22.635256472721604,4.97308540965956,1.6012910658059092,1.1252350609979898,2.497199848661361,0.434760590684028,0.5788539194413725
BUS3,2.2873754083487094,4.973085409659562,-19.52048159060184,2.741137648779812,1.9285569888493095,4.073353581298629,0.7260942969496516,0.9667949005021674
BUS4,0.6181232272088132,1.6012910658059096,2.741137648779811,-11.176001771320108,1.0048293067628147,2.185225073547573,1.2026238460952283,1.6012258629188183
BUS5,0.43820808753723195,1.1252350609979895,1.928556988849309,1.004829306762814,-13.03968232627593,5.491174250599026,0.2743031752266335,0.3652117667509418
BUS6,0.9671793954411799,2.4971998486613614,4.07335358129863,2.185225073547572,5.491174250599028,-17.358514901375223,0.5935718626159072,0.7902994953009927
BUS7,0.1654917288952949,0.4347605906840279,0.7260942969496511,1.2026238460952283,0.2743031752266336,0.5935718626159076,-14.58638485236358,10.9770817459801
BUS8,0.22034733585635607,0.5788539194413725,0.9667949005021669,1.601225862918818,0.36521176675094197,0.7902994953009929,10.9770817459801,-15.784528617273509
