,BUS1,BUS2,BUS3,BUS4,BUS5,BUS6,BUS7,BUS8
BUS1,1.812579456611954,0.3461569164424701,-0.1968029593084856,0.04795396063715268,0.07397771890951649,0.12468914048318791,-0.010063194177866932,-0.013334675936231133
BUS2,0.3461569164424702,3.1719878859241604,-0.030447519087511123,0.28830403439514907,0.30842610792097375,0.579588384818217,0.017390283108023367,0.02332219491419191
BUS3,-0.19680295930848563,-0.030447519087511282,5.051505505522396,0.00093512897606704,0.19376737471162253,0.27371104176557326,-0.10070636227798511,-0.13380466875654806
BUS4,0.04795396063715265,0.28830403439514907,0.0009351289760670813,0.656917494601647,0.2212544923398132,0.40075632255456733,0.01014798020513406,0.013976093779880235
BUS5,0.07397771890951642,0.3084261079209735,0.1937673747116225,0.22125449233981304,2.1437562488993116,1.2905818905286035,0.021597752322656132,0.028862228895650252
BUS6,0.12468914048318788,0.5795883848182167,0.2737110417655732,0.4007563225545672,1.290581890528604,2.3295929739596564,0.02567027093330393,0.03440791087210742
BUS7,-0.010063194177866937,0.017390283108023354,-0.10070636227798505,0.010147980205134029,0.021597752322656143,0.025670270933303947,0.65322174236654,0.8729151344506867
BUS8,-0.013334675936231144,0.023322194914191893,-0.13380466875654795,0.0139760937798802,0.028862228895650266,0.03440791087210744,0.8729151344506868,1.1665063992773212
