{
  "hour": 0,
  "dispatch": 1,
  "load": 0.7310635597667295,
  "wind": 0.7203226596401452,
  "solar": 0.00043448208611364267,
  "gen": [
    47,
    1,
    2,
    3,
    4,
    5,
    6,
    7,
    8,
    9,
    10,
    11,
    12,
    13,
    14,
    15,
    16,
    17,
    18,
    19,
    20,
    21,
    22,
    23,
    24,
    25,
    26,
    27,
    28,
    29,
    30,
    31,
    32,
    33,
    34,
    35,
    36,
    37,
    38,
    39,
    40,
    41,
    42,
    43,
    44,
    45,
    46,
    48,
    49
  ],
  "pg": [
    1.9851937842096612,
    0.04507349699432151,
    0.04507349699612317,
    0.04507349699432177,
    0.045073496996123105,
    0.09024649698808504,
    0.6106175185769511,
    0.0467649970952567,
    0.05915577810028729,
    0.05915577810028729,
    0.05915577810028729,
    0.05915577810028729,
    0.05915577810028729,
    0.05915577810028729,
    0.0,
    0.023879996923469638,
    0.179099996915312,
    0.17909999691215056,
    0.031839996837267064,
    0.049749996840043303,
    0.06268499683895241,
    0.1790999970793117,
    0.4771993555584033,
    1.0927582875804858,
    0.009882826890262793,
    0.942398135607202,
    0.0001661442118015125,
    0.0001661442118015125,
    0.0001661442118015125,
    0.0005702212415289225,
    0.0005702212415289225,
    0.6522665747573443,
    6.897837599140191e-06,
    9.865610936548037e-05,
    9.865610936548037e-05,
    9.865610936548037e-05,
    9.865610936548037e-05,
    1.379069996702678,
    0.11939999679590116,
    0.25869999678272615,
    0.09352999679528842,
    0.09352999679833068,
    0.09352999679491028,
    0.09352999679540609,
    0.09352999679522958,
    0.17412499711384982,
    0.0,
    0.6716249966890971,
    0.6716249966890985
  ],
  "qg": [
    -0.4666992298941664,
    0.0045217938267815535,
    0.0051878424730081455,
    0.004665409915699086,
    0.005144347462340406,
    0.008678338737845643,
    -0.1273025420401063,
    -0.0056995711301417425,
    -0.034099559586983914,
    -0.03409956951001305,
    -0.03409955808857823,
    -0.034099573880965364,
    -0.03409957372116846,
    -0.03409955690189488,
    0.0011104724116887208,
    0.001645800057634606,
    0.010181207341032974,
    0.011921899836292821,
    -0.0035994922556877203,
    -0.005499522140776274,
    -0.006999522351466968,
    -0.021999699331890894,
    -0.0814841451306378,
    -0.15136562220707717,
    0.0008544052808584763,
    0.08764391943858688,
    0.028926280991222342,
    0.08777510579678575,
    0.1297134674534896,
    0.12085956000844232,
    0.12078165571097242,
    -0.01803701176154624,
    -0.006598333882942984,
    -0.09419822335092115,
    -0.09419589197300005,
    -0.09419821304350252,
    -0.09419821225440686,
    0.11402037921271296,
    -0.013299804308122214,
    -0.028899801397059114,
    -0.010399802361138542,
    -0.010399804385057112,
    -0.010399801809546728,
    -0.010399802381590223,
    -0.010399802351315263,
    -0.01301872309578627,
    -0.049909123441868895,
    -0.02130051311489021,
    0.030639646041191224
  ],
  "pd": [
    0.05398904388877298,
    0.012391527338046066,
    0.058097621094661996,
    0.17353255718182858,
    0.31203254857963547,
    0.002215122586093191,
    0.018452044248512253,
    0.3272094280803928,
    0.005219793816734449,
    0.00562187877460615,
    0.008275639496559378,
    0.03367278756285556,
    0.010315306828308553,
    0.01752359352760851,
    0.009891289963643852,
    0.0170557128493578,
    0.4319562149237698,
    0.0037503560616033225,
    0.04707318261337972,
    0.15178341627876837,
    0.026113590354867582,
    0.21790811525966908,
    0.007493401487608978,
    0.04664916574871501,
    0.014950249797229618,
    0.2802532156365758,
    0.007800448182711005,
    0.06980194868652734,
    0.015249985856733978,
    0.00694510381778393,
    0.023386723276937676,
    0.04633480841801532,
    0.011287621362798305,
    0.013319978058949812,
    0.003260543476559614,
    0.016207679120028393,
    0.00551221924064114,
    0.004050092121107682,
    0.020608681749824106,
    0.0072960143264719605,
    0.010169094116355209,
    0.013466190770903157,
    0.007098627165334943,
    0.02748798984722902,
    0.01712881920533447,
    0.01062235352341058,
    0.15027011471005128,
    0.06246207054646937,
    0.09402939505719676,
    0.024285931455450754,
    0.016076087679270382,
    0.017991474205859215,
    0.13715483444783613,
    0.026303666880406928,
    0.004327896273819039,
    0.0064626018683378895,
    0.04015732133798646,
    0.015403509204284991,
    0.006543018859912229,
    0.01638313437437241,
    0.027429504762447692,
    0.0353396124791237,
    0.06030543304515753,
    0.3607067603889044,
    0.06269601088559473,
    0.016690181069474435,
    0.016156504670844726,
    0.36389419750948726,
    0.015366956026296655,
    0.007018210173760603,
    0.010819740684547597,
    0.005336763986297126,
    0.005768091486559497,
    0.021617549462302193,
    0.006155555173235863,
    0.005263657630320453,
    0.0421604354917473,
    0.08894119268122032,
    0.2733446649967802,
    0.0037942198751893265,
    0.015045288059999294,
    0.3842470070133931,
    0.003874636866763667,
    0.03285399637591683,
    0.03213024345174777,
    0.01153618297311899,
    0.026164764804051253,
    0.07937888131947149,
    0.0644432527934372,
    0.24913915053290375,
    0.028781972348016143,
    0.006367563605568215,
    0.1219633336758835,
    0.013144522804605797,
    0.0044887302569677195,
    0.0014182633059474554,
    0.10695459879387254,
    0.5647027361062126,
    0.0321667966297361,
    0.22117596937182635,
    0.01108292356606362,
    0.011280310727200637,
    0.17472419078424836,
    0.008480337293294062,
    0.01530116030591765,
    0.0415317208303479,
    0.008480337293294062,
    0.060027628892446165,
    0.010403034455480561,
    0.2724015930046812,
    0.19574226812754184,
    0.0661904947012797,
    0.010987885303293945,
    0.11726990562218108,
    0.23410848374409982,
    0.1078757388791786,
    0.0655398481330873,
    0.010147162209562206,
    0.010578489709824576,
    0.3348490422799551,
    0.030324516459123943,
    0.02773655145754972,
    0.007880865174285344,
    0.016682870433876767,
    0.014738241364897268,
    0.007376431318046301,
    0.056306515373233515,
    0.011265689456005302,
    0.008962839242740104,
    0.015535100645043005,
    0.037891024302709596,
    0.13898249334725296,
    0.01027144301472255,
    0.02238516620005726,
    0.04985853477609095,
    0.17258948518972952,
    0.056620872703933206,
    0.01051269398944557,
    0.3402662232578266,
    0.00394774322274034,
    0.006886618733002592,
    0.0673309538545158,
    0.013875586364372527,
    0.008261018225364044,
    0.056745153509093545,
    0.01538157729749199,
    0.12273826104923623,
    0.005351385257492461,
    0.018766401579211948,
    0.0023613352980465362,
    0.026354841329590598,
    0.38557023205657087,
    0.16074625552150848,
    0.2746971325823486,
    0.03928004506626638,
    0.016412376916763078,
    0.014694377551311264,
    0.005183240638746113,
    0.0069524144533815975,
    0.056167613296877826
  ],