{
  "hour": 0,
  "dispatch": 2,
  "load": 0.7391848761170899,
  "wind": 0.6561222830095699,
  "solar": 0.0004206254749579351,
  "gen": [
    47,
    1,
    2,
    3,
    4,
    5,
    6,
    7,
    8,
    9,
    10,
    11,
    12,
    13,
    14,
    15,
    16,
    17,
    18,
    19,
    20,
    21,
    22,
    23,
    24,
    25,
    26,
    27,
    28,
    29,
    30,
    31,
    32,
    33,
    34,
    35,
    36,
    37,
    38,
    39,
    40,
    41,
    42,
    43,
    44,
    45,
    46,
    48,
    49
  ],
  "pg": [
    2.477208317069381,
    0.045073497597745676,
    0.04507349759918731,
    0.04507349759774578,
    0.0450734975991873,
    0.09024649759275909,
    0.5561948593072124,
    0.04676499767460102,
    0.053883386369877925,
    0.053883386369877925,
    0.053883386369877925,
    0.053883386369877925,
    0.053883386369877925,
    0.053883386369877925,
    0.0,
    0.023879997539637966,
    0.17909999753314124,
    0.17909999753061814,
    0.0318399974642051,
    0.04974999746650075,
    0.0626849974656305,
    0.17909999766076382,
    0.43466789004817985,
    0.9953637482168378,
    0.009001997722891298,
    0.8584047828614202,
    0.00016084549912201453,
    0.00016084549912201453,
    0.00016084549912201453,
    0.0005520356033423934,
    0.0005520356033423934,
    0.5941318497108258,
    6.6778500404321775e-06,
    9.55097440967985e-05,
    9.55097440967985e-05,
    9.55097440967985e-05,
    9.55097440967985e-05,
    1.3790699973607403,
    0.11939999743306322,
    0.2586999974225721,
    0.09352999743258417,
    0.09352999743500873,
    0.09352999743228788,
    0.0935299974326792,
    0.09352999743253665,
    0.17412499768870032,
    0.0,
    0.6716249973499903,
    0.6716249973499909
  ],
  "qg": [
    -0.4666993232449455,
    0.004367587446553949,
    0.0049940673487907285,
    0.004511557507754916,
    0.004950473811449428,
    0.008488162120377006,
    -0.14000509808706202,
    -0.005699653991340297,
    -0.03409964456411944,
    -0.03409965256432884,
    -0.03409964332963197,
    -0.03409965610976009,
    -0.03409965597891612,
    -0.034099642348722266,
    0.0011655321991760742,
    0.00167139488912621,
    0.010426704561409367,
    0.012116348333228746,
    -0.0035995686437267057,
    -0.005499595606474458,
    -0.00699959576501677,
    -0.021999757973702506,
    -0.07454979705117938,
    -0.14064813816778365,
    0.0011518406321697058,
    0.0936883411909496,
    0.029815197202031175,
    0.09047924912129889,
    0.13370371146524912,
    0.12799018549525096,
    0.12790281722797014,
    -0.022695917107537333,
    -0.006598496881626043,
    -0.09419838456433566,
    -0.09419544165914383,
    -0.09419837495806496,
    -0.09419837422551249,
    0.11888705984398945,
    -0.013299844445259605,
    -0.0288998421793333,
    -0.010399842927649077,
    -0.010399844511511274,
    -0.010399842499298342,
    -0.010399842944538584,
    -0.010399842919521047,
    -0.011218842643343836,
    -0.04542925154505128,
    -0.02038269521807095,
    0.03154013542578595
  ],
  "pd": [
    0.05458880310124709,
    0.012529183650184674,
    0.05874302210502513,
    0.17546031404391363,
    0.31549888882429633,
    0.0022397301746347824,
    0.01865702627319535,
    0.3308443668524871,
    0.005277780015476022,
    0.0056843316973404215,
    0.008367572797645459,
    0.03404685539395316,
    0.010429898602012138,
    0.01771826148052665,
    0.010001171373864227,
    0.01724518315981171,
    0.4367547759025437,
    0.0037920184144806714,
    0.047596114173179424,
    0.1534695639794302,
    0.026403683774902455,
    0.220328836024221,
    0.007576644980200172,
    0.04716738694503151,
    0.01511633071659449,
    0.28336652225948644,
    0.00788710262816935,
    0.07057737197165974,
    0.015419396515802496,
    0.007022256323112354,
    0.023646524186985707,
    0.046849537448301164,
    0.01141301448724787,
    0.01346794844285338,
    0.0032967645474822217,
    0.01638772870351588,
    0.005573453965922858,
    0.0040950842136886784,
    0.020837621657740765,
    0.007377065063648557,
    0.010282061626788722,
    0.013615785418076795,
    0.007177485147096943,
    0.027793351342002573,
    0.017319101647423417,
    0.010740356249981316,
    0.15193945128586783,
    0.06315595581544417,
    0.09507395876618012,
    0.024555721584609728,
    0.016254675425814807,
    0.018191339801241584,
    0.13867847460832725,
    0.026595871842692895,
    0.004375974466613172,
    0.0065343943048750755,
    0.040603425245111756,
    0.015574625339787084,
    0.006615704641247955,
    0.016565133073783985,
    0.027734216551913212,
    0.03573219691150012,
    0.06097536043089875,
    0.36471381787617224,
    0.06339249497580164,
    0.016875590721753164,
    0.01633598576218769,
    0.3679366639360427,
    0.01553766609598123,
    0.007096174810724063,
    0.010939936166532932,
    0.005396049595654756,
    0.00583216867256384,
    0.02185769678678235,
    0.006223936656905898,
    0.0053221311080430475,
    0.04262879180567258,
    0.08992923202840516,
    0.27638122518017993,
    0.003836369507047697,
    0.015212424750489712,
    0.3885155708871425,
    0.003917679843420577,
    0.03321896833270202,
    0.0324871753053461,
    0.011664337345127678,
    0.026455426716230652,
    0.08026069384879363,
    0.06515914682972147,
    0.2519068139319431,
    0.029101708572729833,
    0.006438300270979854,
    0.12331821288261412,
    0.013290544072585276,
    0.004538595139358932,
    0.0014340186596671545,
    0.10814274737593027,
    0.570975965707885,
    0.032524134549151956,
    0.22363299242046436,
    0.011206042721935084,
    0.011405622638486696,
    0.17666518539198448,
    0.008574544562958242,
    0.015471139457130693,
    0.04199309281221188,
    0.008574544562958242,
    0.060694470177974254,
    0.01051860078714619,
    0.27542767668998897,
    0.19791675058035083,
    0.06692579868364133,
    0.011109948688039861,
    0.1185726459779424,
    0.23670917287897572,
    0.10907412031983779,
    0.06626792414389711,
    0.010259886080505208,
    0.010696005157414291,
    0.3385688488079107,
    0.030661388661336893,
    0.028044674199882394,
    0.007968412964542228,
    0.016868198872991992,
    0.014901967102520534,
    0.007458375400021438,
    0.05693201915853827,
    0.011390838940964355,
    0.009062406581195523,
    0.015707678617488164,
    0.03831195212914877,
    0.14052643679861998,
    0.010385547509445113,
    0.022633840906705296,
    0.050412408551185534,
    0.1745067655537226,
    0.05724986865526862,
    0.010629478518563754,
    0.34404620873993835,
    0.003991598331032286,
    0.006963121533022987,
    0.06807892709038399,
    0.014029728948702367,
    0.008352789100123116,
    0.057375530084208516,
    0.015552449793503571,
    0.12410174885129824,
    0.005410833293177098,
    0.0189748757699257,
    0.0023875671498582002,
    0.02664761478402109,
    0.3898534955129144,
    0.16253197056062574,
    0.27774871720099653,
    0.03971640339377124,
    0.01659470046882867,
    0.014857616009953507,
    0.005240820771670167,
    0.007029648171873525,
    0.05679157403207602
  ],