{
  "hour": 11,
  "dispatch": 3,
  "load": 0.8790170508234674,
  "wind": 0.44086728587153956,
  "solar": 0.9472472056721353,
  "gen": [
    47,
    1,
    2,
    3,
    4,
    5,
    6,
    7,
    8,
    9,
    10,
    11,
    12,
    13,
    14,
    15,
    16,
    17,
    18,
    19,
    20,
    21,
    22,
    23,
    24,
    25,
    26,
    27,
    28,
    29,
    30,
    31,
    32,
    33,
    34,
    35,
    36,
    37,
    38,
    39,
    40,
    41,
    42,
    43,
    44,
    45,
    46,
    48,
    49
  ],
  "pg": [
    1.2869105783389534,
    0.045073498532046424,
    0.045073498532917596,
    0.04507349853204647,
    0.045073498532917575,
    0.09024649852902815,
    0.3737231982333041,
    0.04676499856539696,
    0.036205784984914315,
    0.036205784984914315,
    0.036205784984914315,
    0.036205784984914315,
    0.036205784984914315,
    0.036205784984914315,
    0.0,
    0.023879998406246692,
    0.1790999984016851,
    0.1790999984000776,
    0.03183999843528241,
    0.04974999843694858,
    0.0626849984364219,
    0.17909999855670208,
    0.29206575954417746,
    0.6688133073585604,
    0.006048699162157523,
    0.5767866701057351,
    0.36222354246020183,
    0.36222354246020183,
    0.36222354246020183,
    1.243182388679401,
    1.243182388679401,
    0.39921414470239647,
    0.01503849663725082,
    0.21508763400314904,
    0.21508763400314904,
    0.21508763400314904,
    0.21508763400314904,
    1.3790699983399062,
    0.11939999842298384,
    0.25869999841550406,
    0.09352999842233911,
    0.093529998424102,
    0.09352999842199519,
    0.09352999842237626,
    0.09352999842232053,
    0.17412499854802183,
    0.0,
    0.6716249983593048,
    0.671624998359305
  ],
  "qg": [
    -0.4666993835666816,
    0.005860590934102908,
    0.006863458451800394,
    0.006004166796988814,
    0.00681983377137372,
    0.010378570090933464,
    -0.10857744471709344,
    -0.005699573914009462,
    -0.03409954282269324,
    -0.03409956829887173,
    -0.034099541354759934,
    -0.03409957748639846,
    -0.03409957733220994,
    -0.034099540190005266,
    0.001812194256869325,
    0.0019442305790643225,
    0.013169894744248728,
    0.014184855174479077,
    -0.0035995981547954827,
    -0.005499636912152213,
    -0.006999637112030335,
    -0.021999778827119697,
    -0.0759293801241613,
    -0.15486832245318793,
    0.0008031788517645431,
    0.055293707924234055,
    0.04983427058809176,
    0.12270413123384033,
    0.17375537133969882,
    0.16752930957489007,
    0.15942216808479728,
    -0.024718545914420288,
    -0.006592405415353826,
    -0.09418611110205567,
    -0.08039627363028881,
    -0.09418672393232792,
    -0.09418677161403073,
    0.16499996650931903,
    -0.013299851607176193,
    -0.02889984636925444,
    -0.010399848876914832,
    -0.01039985162209092,
    -0.01039984796228699,
    -0.010399848869003431,
    -0.010399848881164311,
    0.0005599048077716204,
    -0.017052514479055484,
    -0.015803264912131288,
    0.035407809370668196
  ],
  "pd": [
    0.06491540920331307,
    0.014899339011457772,
    0.06985548502894096,
    0.20865227735396644,
    0.3751820576324723,
    0.0026634216639951063,
    0.022186390362784317,
    0.3934304516075675,
    0.006276181742879557,
    0.006759641120832464,
    0.009950473015321652,
    0.0404875253609289,
    0.012402930587119124,
    0.021070038708238516,
    0.011893100697641514,
    0.020507467795711495,
    0.5193760146495539,
    0.004509357470724388,
    0.05659990790252307,
    0.1825015200919683,
    0.03139848905541426,
    0.2620086123389509,
    0.009009924770940541,
    0.056090078013045455,
    0.01797589868933991,
    0.33697118643317625,
    0.009379111932286398,
    0.08392854801262466,
    0.018336295680177528,
    0.00835066198282294,
    0.028119755455842717,
    0.05571210068119137,
    0.013572023264714336,
    0.016015690666003574,
    0.003920416046672665,
    0.01948780801675627,
    0.006627788563208944,
    0.0048697544615620095,
    0.024779490662713545,
    0.008772590167218203,
    0.012227127176954431,
    0.016191494076168267,
    0.008535255563495868,
    0.03305104111096236,
    0.02059536950079384,
    0.01277211774846498,
    0.18068195479676372,
    0.07510321682235706,
    0.11305917307691439,
    0.029200946428355586,
    0.019329584947608048,
    0.021632609620765533,
    0.16491238890499071,
    0.03162703348862835,
    0.0052037809408749264,
    0.007770510729279452,
    0.04828440660173307,
    0.018520889260850455,
    0.007867202604870033,
    0.019698772108953905,
    0.032980719746896495,
    0.0424916842368064,
    0.07251011652242784,
    0.4337070128762989,
    0.07538450227862056,
    0.020067959270299758,
    0.01942627682319863,
    0.4375395272178891,
    0.018476938408309284,
    0.008438563687905286,
    0.013009452352187317,
    0.006416824471011312,
    0.006935444530997158,
    0.025992534192849928,
    0.007401323567933596,
    0.006328922765928965,
    0.05069291332098937,
    0.10694121440318305,
    0.32866447530289444,
    0.004562098493773796,
    0.01809017090594696,
    0.4620113619128145,
    0.004658790369364377,
    0.039503026264006626,
    0.038632799383691394,
    0.013870889061994313,
    0.0314600202489719,
    0.09544367137841209,
    0.07748535303008865,
    0.29956022075012945,
    0.034606901290919916,
    0.007656238512672401,
    0.14664641458887906,
    0.015804726573805942,
    0.005397164692056089,
    0.0017052930785975268,
    0.12860019453547328,
    0.6789879307380792,
    0.038676750236232564,
    0.2659378185561318,
    0.013325898490483766,
    0.0135632330942061,
    0.2100850751468087,
    0.01019659778955222,
    0.018397826873735174,
    0.04993695865728118,
    0.01019659778955222,
    0.07217609004311491,
    0.01250841263321794,
    0.3275305433073323,
    0.2353568153579834,
    0.07958620378155674,
    0.013211626273876715,
    0.1410031251225924,
    0.28148763018519896,
    0.12970775601951084,
    0.07880387860632385,
    0.012200756665429727,
    0.012719376725415572,
    0.40261617978867276,
    0.03646162726815743,
    0.033349906908242355,
    0.009475803807876979,
    0.020059169099791524,
    0.017720983744601102,
    0.008869282042808785,
    0.06770189325442347,
    0.013545652753189632,
    0.01077674904309571,
    0.018679112329998682,
    0.045559453744180314,
    0.1671099315320494,
    0.012350189564069717,
    0.026915502096214572,
    0.05994896286616047,
    0.2075183453584042,
    0.06807987058627755,
    0.012640265190841462,
    0.40912969613527467,
    0.004746692074446724,
    0.008280340618757062,
    0.08095747038084136,
    0.01668374362462941,
    0.00993289267430518,
    0.06822930348491753,
    0.018494518749325752,
    0.14757817266275194,
    0.006434404812027781,
    0.022564367694638408,
    0.0028392250741597993,
    0.031688564682186,
    0.463602382774805,
    0.193278269135064,
    0.33029065684691783,
    0.0472295861407449,
    0.019733932790986845,
    0.017668242721551694,
    0.006232230890338384,
    0.008359452153331174,
    0.067534880014767
  ],