{
  "hour": 11,
  "dispatch": 2,
  "load": 0.9112738037691114,
  "wind": 0.45463199041620744,
  "solar": 0.907487302416202,
  "gen": [
    47,
    1,
    2,
    3,
    4,
    5,
    6,
    7,
    8,
    9,
    10,
    11,
    12,
    13,
    14,
    15,
    16,
    17,
    18,
    19,
    20,
    21,
    22,
    23,
    24,
    25,
    26,
    27,
    28,
    29,
    30,
    31,
    32,
    33,
    34,
    35,
    36,
    37,
    38,
    39,
    40,
    41,
    42,
    43,
    44,
    45,
    46,
    48,
    49
  ],
  "pg": [
    1.8743669515507555,
    0.045073498709347896,
    0.04507349871011207,
    0.04507349870934794,
    0.045073498710112056,
    0.0902464987067006,
    0.385391538275819,
    0.04676499873918536,
    0.037336197580940624,
    0.037336197580940624,
    0.037336197580940624,
    0.037336197580940624,
    0.037336197580940624,
    0.037336197580940624,
    0.0,
    0.023879998605502925,
    0.1790999986015516,
    0.17909999860014889,
    0.03183999862258769,
    0.04974999862411385,
    0.06268499862365419,
    0.17909999873111138,
    0.3011846010109291,
    0.6896949147410034,
    0.006237550908510366,
    0.5947950330615241,
    0.347019514494746,
    0.347019514494746,
    0.347019514494746,
    1.191000855487862,
    1.191000855487862,
    0.4116783599616841,
    0.014407268413159622,
    0.20605951181043727,
    0.20605951181043727,
    0.20605951181043727,
    0.20605951181043727,
    1.379069998545316,
    0.11939999861285103,
    0.2586999986062678,
    0.09352999861227591,
    0.0935299986138304,
    0.09352999861197052,
    0.09352999861230814,
    0.09352999861225979,
    0.17412499872667797,
    0.0,
    0.6716249985579864,
    0.6716249985579865
  ],
  "qg": [
    -0.4666993401574044,
    0.006343378653811157,
    0.007467141426564781,
    0.0064871274838903285,
    0.007423405459823147,
    0.010994845814900088,
    -0.10502149678224562,
    -0.005699582439097282,
    -0.034099546776656435,
    -0.03409957584970528,
    -0.034099545362451654,
    -0.034099586026958034,
    -0.03409958587896883,
    -0.03409954424958743,
    0.002029302850321933,
    0.0020490772192386206,
    0.01415097475312542,
    0.014971585985910332,
    -0.0035995880137515163,
    -0.005499634578580015,
    -0.006999634843685129,
    -0.021999794903474854,
    -0.06194495016164395,
    -0.12420891833785554,
    0.001351891209546649,
    0.082318309409786,
    0.05166916529500324,
    0.13062704052126017,
    0.18604479314312042,
    0.17822387934665118,
    0.17075825863878571,
    -0.01521778658267941,
    -0.006588269114570308,
    -0.09417034909789289,
    -0.06817923999714585,
    -0.09417210530928292,
    -0.09417224080464187,
    0.1741498807330567,
    -0.013299867713931175,
    -0.028899862945508715,
    -0.010399865242496826,
    -0.010399867727081043,
    -0.01039986441167618,
    -0.010399865234762435,
    -0.010399865246624689,
    0.0034748853339454677,
    -0.010148834584235076,
    -0.010202996528914203,
    0.040844292428906054
  ],
  "pd": [
    0.06729757040834887,
    0.015446090973886438,
    0.07241892918553128,
    0.21630906280067397,
    0.3889498849247321,
    0.0027611596254204077,
    0.02300055080713237,
    0.40786792909097885,
    0.006506494958911455,
    0.007007695550984466,
    0.01031561945866634,
    0.04197327140160527,
    0.01285807337118216,
    0.0218432330763456,
    0.012329534564996077,
    0.02126001784193337,
    0.538435239695017,
    0.004674834613335541,
    0.058676920224693084,
    0.18919866713854291,
    0.03255070027063266,
    0.271623382689459,
    0.009340556488633392,
    0.058148381418507,
    0.018635549287078328,
    0.34933681267488886,
    0.00972329148621642,
    0.08700842278387474,
    0.019009171546623665,
    0.008657101135806557,
    0.02915164898257387,
    0.05775653368288628,
    0.014070067530195081,
    0.01660340870467321,
    0.004064281164810237,
    0.0202029402295612,
    0.0068710044804190995,
    0.005048456872880878,
    0.02568880852825125,
    0.00909451256161573,
    0.01267581861042834,
    0.01678566346542703,
    0.008848468634598072,
    0.034263895021718574,
    0.02135114522231028,
    0.013240808368765188,
    0.18731233036474085,
    0.07785923379403288,
    0.11720803664078312,
    0.03027251576120988,
    0.02003891094488276,
    0.02242644831075783,
    0.17096407832512298,
    0.03278763145961262,
    0.005394740918313139,
    0.008055660425318946,
    0.05005627004103729,
    0.019200539045415174,
    0.008155900543733547,
    0.020421645942465785,
    0.03419099311741706,
    0.044050975674198835,
    0.07517097607291401,
    0.44962249477967964,
    0.078150841411239,
    0.020804380940048814,
    0.02013915106329736,
    0.4535956485641129,
    0.01915497535522672,
    0.008748228516183468,
    0.013486852295782848,
    0.006652298767514513,
    0.00718995031173829,
    0.026946366377452624,
    0.0076729254277359184,
    0.006561171387137602,
    0.052553160263364665,
    0.1108655709665501,
    0.34072527522927076,
    0.004729511041561689,
    0.018754014881568314,
    0.47896551126104503,
    0.00482975115997629,
    0.04095264474138387,
    0.04005048367565245,
    0.014379900623476577,
    0.0326144894368965,
    0.09894610961325011,
    0.08032878580224716,
    0.3105529995864755,
    0.03587684965438992,
    0.007937194830828961,
    0.15202780868280086,
    0.016384702991768623,
    0.0055952211551423435,
    0.001767871179312076,
    0.13331935749142101,
    0.7039043369834124,
    0.040096047365840895,
    0.27569677659230696,
    0.013814910865139729,
    0.014060954792157387,
    0.2177944391008176,
    0.010570776123721691,
    0.019072960712887502,
    0.051769464792123215,
    0.010570776123721691,
    0.07482469202748174,
    0.012967426227634455,
    0.3395497320224087,
    0.24399356095917957,
    0.08250673019325536,
    0.013696445270649744,
    0.14617743086260315,
    0.29181721018098256,
    0.13446756248417008,
    0.08169569650790083,
    0.012648480396315265,
    0.013186131940539043,
    0.41739074034036605,
    0.03779963738034274,
    0.034573728115000084,
    0.00982353160463102,
    0.020795268202011122,
    0.018371279883985285,
    0.009194752680030335,
    0.07018630836629697,
    0.014042729316082006,
    0.011172216834209306,
    0.019364568330093618,
    0.047231321249353045,
    0.17324226283454577,
    0.012803396942956015,
    0.027903203871410192,
    0.06214887341705339,
    0.21513351959381183,
    0.07057815610191769,
    0.013104117298199823,
    0.42414327922629524,
    0.0049208785403532015,
    0.00858419923150503,
    0.08392831732713517,
    0.017295976795537734,
    0.010297393982590958,
    0.07073307264855842,
    0.0191732008313021,
    0.1529937589147961,
    0.006670524243589895,
    0.023392398542753087,
    0.0029434143861742294,
    0.03285142062587646,
    0.48061491684586705,
    0.2003708839727522,
    0.34241113176624355,
    0.04896274147651435,
    0.020458096894616553,
    0.01831660345575914,
    0.006460931268722999,
    0.00866621387384425,
    0.07001316634358082
  ],