{
  "hour": 12,
  "dispatch": 0,
  "load": 0.8726757463353124,
  "wind": 0.40196922478254365,
  "solar": 0.962742741772273,
  "gen": [
    47,
    1,
    2,
    3,
    4,
    5,
    6,
    7,
    8,
    9,
    10,
    11,
    12,
    13,
    14,
    15,
    16,
    17,
    18,
    19,
    20,
    21,
    22,
    23,
    24,
    25,
    26,
    27,
    28,
    29,
    30,
    31,
    32,
    33,
    34,
    35,
    36,
    37,
    38,
    39,
    40,
    41,
    42,
    43,
    44,
    45,
    46,
    48,
    49
  ],
  "pg": [
    1.3435923214637133,
    0.045073498559462924,
    0.045073498560318705,
    0.04507349855946296,
    0.0450734985603187,
    0.09024649855649924,
    0.3407493118481623,
    0.0467649985907348,
    0.03301132061604162,
    0.03301132061604162,
    0.03301132061604162,
    0.03301132061604162,
    0.03301132061604162,
    0.03301132061604162,
    0.0,
    0.023879998432738202,
    0.17909999842824834,
    0.17909999842666757,
    0.03183999846251502,
    0.04974999846414732,
    0.06268499846362964,
    0.17909999858201076,
    0.26629657203393947,
    0.60980339276411,
    0.005515017764016499,
    0.5258963367830018,
    0.3681489734827501,
    0.3681489734827501,
    0.3681489734827501,
    1.2635189781857994,
    1.2635189781857994,
    0.36399117242508894,
    0.015284503768376605,
    0.21860614340326293,
    0.21860614340326293,
    0.21860614340326293,
    0.21860614340326293,
    1.3790699983676384,
    0.119399998450699,
    0.25869999844335845,
    0.0935299984500675,
    0.09352999845179767,
    0.09352999844973056,
    0.09352999845010408,
    0.09352999845004918,
    0.17412499857227767,
    0.0,
    0.6716249983884595,
    0.6716249983884596
  ],
  "qg": [
    -0.46669939815624173,
    0.005736135909847903,
    0.006707323949354077,
    0.005879842339182717,
    0.00666367348664294,
    0.010222977124123993,
    -0.11344544326724292,
    -0.0056995875074851024,
    -0.03409955802674542,
    -0.03409958213894997,
    -0.03409955657495362,
    -0.03409959089151291,
    -0.03409959074061614,
    -0.034099555421386096,
    0.0017711870499544091,
    0.0019242246558132505,
    0.012983636448526459,
    0.014034832235202004,
    -0.003599608983172747,
    -0.005499646287897819,
    -0.006999646477108639,
    -0.0219997844234174,
    -0.07842977667734571,
    -0.16177438223322949,
    0.0007243066975885991,
    0.0486222604727351,
    0.04974126056403416,
    0.12148720776426317,
    0.17171730474013253,
    0.16723255635505294,
    0.15886416613002446,
    -0.029011223586135806,
    -0.0065927856289356365,
    -0.09418658556766797,
    -0.08183326890122125,
    -0.09418716963336342,
    -0.09418721509808016,
    0.163818842859415,
    -0.013299854663091032,
    -0.028899849560318405,
    -0.010399852001154937,
    -0.010399854678478268,
    -0.010399851110059498,
    -0.010399851993642142,
    -0.01039985200519889,
    4.022305835775546e-05,
    -0.018276825362470436,
    -0.01701330428525906,
    0.034242496431857124
  ],
  "pd": [
    0.06444710386686282,
    0.014791853900383546,
    0.06935154156126727,
    0.2071470419076131,
    0.37247546205083804,
    0.0026442075113959967,
    0.022026335837503283,
    0.3905922105447591,
    0.0062309048288341305,
    0.006710876489318552,
    0.009878689448515736,
    0.04019544487620449,
    0.012313454780791258,
    0.02091803763965744,
    0.011807302847916777,
    0.020359525162002838,
    0.5156291914796827,
    0.004476826578700153,
    0.05619159130653077,
    0.18118493845413755,
    0.03117197765909736,
    0.26011845971016656,
    0.008944926399936952,
    0.05568543937365629,
    0.01784621901255714,
    0.33454024735764204,
    0.009311450213397784,
    0.08332308026009562,
    0.018204016068554617,
    0.008290419590185468,
    0.027916897125266644,
    0.055310188802732106,
    0.013474113523417224,
    0.01590015209822939,
    0.003892133828655494,
    0.019347221296253877,
    0.006579975127368256,
    0.004834623634697631,
    0.024600729289192456,
    0.008709303948426417,
    0.012138919631524196,
    0.016074687247496455,
    0.008473681496915884,
    0.03281260806220774,
    0.02044679273663637,
    0.012679978594252088,
    0.17937849965922348,
    0.0745614157668891,
    0.1122435544936479,
    0.02899028829325908,
    0.01919013966191352,
    0.02147655011731204,
    0.16372269676996795,
    0.03139887335314454,
    0.005166240418305049,
    0.007714453597604162,
    0.047936078746198714,
    0.01838727797528503,
    0.007810447929701046,
    0.01955666347537435,
    0.03274279400250092,
    0.04218514557784899,
    0.07198702231519993,
    0.43057821324184326,
    0.0748406720057164,
    0.019923187288835183,
    0.019286133994010406,
    0.4343830794958651,
    0.01834364418796827,
    0.008377687164818999,
    0.012915601045762625,
    0.006370532948247781,
    0.006885411638585616,
    0.025805021819135188,
    0.007347929784143331,
    0.0062832653736142495,
    0.05032721029115748,
    0.10616973129915411,
    0.32629346155477335,
    0.004529187123480272,
    0.017959666859580732,
    0.4586783722738403,
    0.004625181455577156,
    0.03921804804030894,
    0.03835409905143698,
    0.013770823277171228,
    0.031233064961340835,
    0.09475513253708821,
    0.07692636703945778,
    0.2973991675936111,
    0.03435724413322125,
    0.007601005750580572,
    0.14558849476112018,
    0.015690709919108918,
    0.005358229082498818,
    0.0016929909478905062,
    0.1276724616888562,
    0.6740896534992488,
    0.038397732838753744,
    0.2640193202962854,
    0.013229764314443336,
    0.01346538676595387,
    0.20856950337413965,
    0.010123038657489623,
    0.018265103370798088,
    0.049576709149309096,
    0.010123038657489623,
    0.07165540553159251,
    0.012418175870351496,
    0.32516770984200083,
    0.23365893108127989,
    0.07901206207319919,
    0.013116316467419746,
    0.13998591646964748,
    0.2794569542489571,
    0.1287720331292387,
    0.07823538065896075,
    0.012112739359134136,
    0.01262761804947197,
    0.39971167209396313,
    0.03619858995798876,
    0.033109317815961756,
    0.009407444545494668,
    0.01991446053137183,
    0.017593143046119898,
    0.008805298280523302,
    0.06721348598274576,
    0.013447933251027165,
    0.010699004650070931,
    0.01854435960962539,
    0.04523078393255924,
    0.16590438613580624,
    0.01226109423601114,
    0.02672133135278727,
    0.059516485900068306,
    0.20602129019484056,
    0.06758873655366995,
    0.012549077232301793,
    0.4061781993743078,
    0.004712449030210687,
    0.008220605530478643,
    0.08037343623748229,
    0.01656338566544423,
    0.00986123593358903,
    0.06773709143054694,
    0.018361097702894975,
    0.1465135310522356,
    0.006387986463174487,
    0.02240158640842747,
    0.002818742660663059,
    0.03145996065538801,
    0.46025791537470717,
    0.19188394310420848,
    0.3279079116854936,
    0.04688886785059634,
    0.019591570505227765,
    0.01754078250133978,
    0.006187271041517365,
    0.00829914634764882,
    0.06704767759094205
  ],