{
  "hour": 14,
  "dispatch": 2,
  "load": 0.968128164038846,
  "wind": 0.3449562686416167,
  "solar": 0.7855445813820198,
  "gen": [
    47,
    1,
    2,
    3,
    4,
    5,
    6,
    7,
    8,
    9,
    10,
    11,
    12,
    13,
    14,
    15,
    16,
    17,
    18,
    19,
    20,
    21,
    22,
    23,
    24,
    25,
    26,
    27,
    28,
    29,
    30,
    31,
    32,
    33,
    34,
    35,
    36,
    37,
    38,
    39,
    40,
    41,
    42,
    43,
    44,
    45,
    46,
    48,
    49
  ],
  "pg": [
    3.940810788801969,
    0.04507349892433719,
    0.04507349892497325,
    0.045073498924337214,
    0.04507349892497323,
    0.09024649892213926,
    0.2924194289274985,
    0.04676499894661851,
    0.028329188605924135,
    0.028329188605924135,
    0.028329188605924135,
    0.028329188605924135,
    0.028329188605924135,
    0.028329188605924135,
    0.0,
    0.023879998848879057,
    0.1790999988457173,
    0.17909999884457023,
    0.03183999884244796,
    0.04974999884390545,
    0.06268499884353067,
    0.17909999893824488,
    0.22852662884969824,
    0.5233124577800783,
    0.004732800005762981,
    0.4513062862638272,
    0.3003891057421588,
    0.3003891057421588,
    0.3003891057421588,
    1.0309612773190646,
    1.0309612773190646,
    0.3123648003803568,
    0.012471305774020945,
    0.17837046591608968,
    0.17837046591608968,
    0.17837046591608968,
    0.17837046591608968,
    1.3790699987919455,
    0.11939999883730862,
    0.25869999883193867,
    0.09352999883685773,
    0.09352999883812953,
    0.09352999883661857,
    0.09352999883688677,
    0.09352999883684322,
    0.1741249989400072,
    0.0,
    0.6716249987959629,
    0.6716249987959632
  ],
  "qg": [
    -0.4666836743896509,
    0.0070396166025781855,
    0.008335291445383667,
    0.00718442209646313,
    0.008291140456315904,
    0.011898637206653895,
    -0.12312101486633475,
    -0.0056995874148768385,
    -0.03409954350114328,
    -0.03409957946656884,
    -0.03409954206761957,
    -0.034099591561037264,
    -0.03409959141280905,
    -0.03409954093134399,
    0.002421978778065576,
    0.0022378936104980266,
    0.01592148960422324,
    0.016388513991100976,
    -0.003599144806868757,
    -0.0054993880946253345,
    -0.006999390525168406,
    -0.021999812893664816,
    -0.009826430456411158,
    -0.015804936552606282,
    0.0029698921961136574,
    0.15850224730992213,
    0.0544137788454437,
    0.1455716968535125,
    0.20978231975177689,
    0.203807250155843,
    0.19813746162501325,
    0.00022678887279234427,
    -0.006470424198202658,
    -0.09006847993253286,
    -0.0385841635913672,
    -0.09063892983094729,
    -0.0906806984503333,
    0.19281825450949433,
    -0.013299896503298582,
    -0.028899893204011932,
    -0.0103998947548024,
    -0.010399896523291105,
    -0.010399894177390446,
    -0.010399894752296806,
    -0.010399894756258386,
    0.009626755563289404,
    0.004456457165873921,
    0.0031541841175657757,
    0.05388885033959794
  ],
  "pd": [
    0.07149626491426878,
    0.016409772380458442,
    0.0769371451961671,
    0.22980458229790088,
    0.41321646297506026,
    0.002933428337037704,
    0.024435554860340474,
    0.4333148036605067,
    0.00691243509123736,
    0.007444905581458726,
    0.010959210816919737,
    0.04459198323562925,
    0.013660288394588117,
    0.023206032092011143,
    0.013098774059445588,
    0.022586430067026278,
    0.5720282070039925,
    0.0049664974815192805,
    0.0623377724824613,
    0.20100276941774523,
    0.03458153801946758,
    0.28856996185505884,
    0.009923313681398172,
    0.06177625814731877,
    0.019798220954594402,
    0.37113193168429165,
    0.010329927510294488,
    0.09243687710242901,
    0.02019515350185033,
    0.009197217558369037,
    0.030970419967602685,
    0.06135996303678207,
    0.014947898852759784,
    0.017639295148787777,
    0.004317851611613254,
    0.021463401396741216,
    0.007299686356852899,
    0.005363430028775208,
    0.02729153294425507,
    0.009661919077107683,
    0.01346666276178035,
    0.017832920781595544,
    0.009400524472817195,
    0.0364016189678606,
    0.02268324288343016,
    0.014066902223484433,
    0.19899874411818483,
    0.082716870335479,
    0.12452064445867639,
    0.03216121760937046,
    0.021289138327214224,
    0.023825634116996,
    0.1816305248553279,
    0.03483325134211768,
    0.005731318731109969,
    0.0085582529701034,
    0.05317928005065382,
    0.020398460416298485,
    0.008664747068147672,
    0.02169575215611054,
    0.0363241687147375,
    0.04679931544963781,
    0.07986089225156442,
    0.47767443613676674,
    0.08302667134797144,
    0.022102365985006856,
    0.0213956324252585,
    0.481895474931976,
    0.020350054008096544,
    0.009294030374772921,
    0.014328296827774922,
    0.007067335597483577,
    0.0076385312142664965,
    0.028627549810628677,
    0.008151639141207085,
    0.006970522781079691,
    0.05583195122012027,
    0.11778247243696602,
    0.36198312053412457,
    0.005024585171361611,
    0.019924077615919453,
    0.5088481630188175,
    0.005131079269405884,
    0.04350767969190574,
    0.04254923280950729,
    0.01527706242853299,
    0.034649306990950306,
    0.1051193560513379,
    0.08534049766002427,
    0.3299283970227983,
    0.038115205818209374,
    0.00843239630877835,
    0.1615128216066007,
    0.017406944389418453,
    0.005944306927198514,
    0.0018781686382353614,
    0.1416371503988832,
    0.7478209190301662,
    0.042597639217709225,
    0.29289749474831245,
    0.014676822966828906,
    0.014938217571119393,
    0.23138263120528418,
    0.011230286702850614,
    0.02026292247333305,
    0.05499936099904684,
    0.011230286702850614,
    0.07949300354922965,
    0.013776463774272779,
    0.3607342352025145,
    0.25921631592140104,
    0.08765432397207713,
    0.014550966305503857,
    0.1552974387934713,
    0.31002368197015967,
    0.14285699188557213,
    0.08679268990608255,
    0.013437618916859182,
    0.014008814533642102,
    0.44343174297471266,
    0.040157956244331335,
    0.03673078254363382,
    0.01043642160833876,
    0.022092684703366467,
    0.019517463787023136,
    0.009768413175151957,
    0.07456523119427193,
    0.014918855007838617,
    0.011869251291116253,
    0.02057272348582548,
    0.050178082742133395,
    0.18405084526542503,
    0.013602200704745788,
    0.029644084382869466,
    0.0660263407874493,
    0.2285556969662908,
    0.07498152630480863,
    0.013921682998878606,
    0.45060557267024054,
    0.005227892085809769,
    0.00911976730524593,
    0.08916460390797773,
    0.0183750725534573,
    0.010939848253638959,
    0.07514610809269523,
    0.020369416571377322,
    0.16253903746048187,
    0.007086698160764353,
    0.024851849970877176,
    0.0031270539698454725,
    0.0349010203136004,
    0.5106004749957278,
    0.21287202070886146,
    0.36377415763759635,
    0.0520175262538072,
    0.021734477282672096,
    0.019459376097180806,
    0.0068640286830354185,
    0.009206898840009425,
    0.07438128684310454
  ],