{
  "hour": 15,
  "dispatch": 0,
  "load": 0.9335669344540782,
  "wind": 0.41961588989850007,
  "solar": 0.6612480037542744,
  "gen": [
    47,
    1,
    2,
    3,
    4,
    5,
    6,
    7,
    8,
    9,
    10,
    11,
    12,
    13,
    14,
    15,
    16,
    17,
    18,
    19,
    20,
    21,
    22,
    23,
    24,
    25,
    26,
    27,
    28,
    29,
    30,
    31,
    32,
    33,
    34,
    35,
    36,
    37,
    38,
    39,
    40,
    41,
    42,
    43,
    44,
    45,
    46,
    48,
    49
  ],
  "pg": [
    3.582681038676091,
    0.04507349548374648,
    0.04507349548642088,
    0.0450734954837474,
    0.04507349548642058,
    0.090246495474516,
    0.3557083898669585,
    0.04676499558823735,
    0.03446053534202442,
    0.03446053534202442,
    0.03446053534202442,
    0.03446053534202442,
    0.03446053534202442,
    0.03446053534202442,
    0.0,
    0.023879995202273907,
    0.17909999518921793,
    0.17909999518441136,
    0.03183999515956168,
    0.04974999516544388,
    0.06268499516386797,
    0.1790999955550744,
    0.2779871347399583,
    0.6365740896116205,
    0.005757130009407421,
    0.5489834687542077,
    0.2528585916436195,
    0.2528585916436195,
    0.2528585916436195,
    0.8678324600951697,
    0.8678324600951697,
    0.37997058062088984,
    0.010497973307602859,
    0.15014693922046807,
    0.15014693922046807,
    0.15014693922046807,
    0.15014693922046807,
    1.379069994949885,
    0.11939999513137135,
    0.2586999951090691,
    0.09352999512956148,
    0.09352999513483101,
    0.09352999512859467,
    0.09352999512968775,
    0.09352999512949832,
    0.17412499557065947,
    0.0,
    0.6716249949590801,
    0.6716249949590833
  ],
  "qg": [
    -0.46669349931268395,
    0.006584174500047524,
    0.007765767833154659,
    0.0067282484471855005,
    0.007721931270347945,
    0.011312442581483282,
    -0.12085999029578028,
    -0.005698242886574697,
    -0.03409801787482269,
    -0.03409820954005138,
    -0.034098011682138746,
    -0.03409827083684594,
    -0.03409827031361282,
    -0.03409800715089974,
    0.002213877858744097,
    0.002145093698421785,
    0.015016160587997178,
    0.015686779606659092,
    -0.0035972548309360685,
    -0.005498057432257997,
    -0.006998079091102926,
    -0.021999250552396394,
    -0.02297440330601854,
    -0.04157846025628665,
    0.0024868454745107255,
    0.1433694079434537,
    0.04898558511609271,
    0.13468643408451597,
    0.1952135666319816,
    0.18005374337346744,
    0.17598911084849156,
    -0.0050857063714714375,
    -0.006343057698525539,
    -0.0929156766124844,
    -0.052697722261893294,
    -0.09296542890834802,
    -0.09296929327946019,
    0.18282494173151684,
    -0.01329958249113211,
    -0.028899570040971375,
    -0.010399575632245155,
    -0.010399582515190403,
    -0.010399573407545167,
    -0.010399575624801623,
    -0.010399575636841912,
    0.007203933859590107,
    -0.0013610953327363165,
    -0.000602661751378568,
    0.050299265151381126
  ],
  "pd": [
    0.06894391810943368,
    0.015823959538996627,
    0.0741905642810656,
    0.22160078323136456,
    0.3984650389636897,
    0.0028287078113958574,
    0.023563229425620932,
    0.4178458885229563,
    0.006665667912002118,
    0.007179129725951861,
    0.010567977698020165,
    0.043000093000954843,
    0.013172629445147042,
    0.022377599418864257,
    0.01263116062316368,
    0.021780116580813646,
    0.5516073588915366,
    0.004789198373749422,
    0.0601123749094981,
    0.1938271669313557,
    0.033347010898699674,
    0.2782682961527271,
    0.009569061078154303,
    0.05957090608751474,
    0.019091443809585898,
    0.35788288432297094,
    0.009961159190625015,
    0.08913697090167538,
    0.01947420625271207,
    0.008868885877313742,
    0.02986480623318596,
    0.05916947230569949,
    0.01441427346797097,
    0.017009589545753306,
    0.00416370852766519,
    0.020697178936846913,
    0.007039094685783749,
    0.005171960816875594,
    0.026317251882260466,
    0.0093169980058517,
    0.012985916058256228,
    0.01719630293264412,
    0.0090649349335491,
    0.03510211673547333,
    0.021873473274259054,
    0.013564727557617756,
    0.1918946833770358,
    0.07976395887975644,
    0.12007537910948356,
    0.03101309356256448,
    0.020529136888645178,
    0.022975082256914865,
    0.1751464925729296,
    0.033589738301657734,
    0.0055267162519681435,
    0.008252731700574053,
    0.051280831709562526,
    0.019670255308947428,
    0.008355424063364,
    0.020921235001115892,
    0.03502743138071701,
    0.04512862561151013,
    0.07700993642311692,
    0.4606219254596423,
    0.08006270029878175,
    0.021313333113586606,
    0.02063182925143513,
    0.464692277293862,
    0.019623576962224724,
    0.00896224257075915,
    0.013816790629920358,
    0.006815038621514771,
    0.007365843112842678,
    0.027605574251807093,
    0.00786063358810334,
    0.006721681928069363,
    0.053838805109966706,
    0.11357775324568316,
    0.34906067679237984,
    0.004845212389816667,
    0.019212807511064932,
    0.4906827807490636,
    0.0049479047526066145,
    0.041954498034366274,
    0.041030266769256744,
    0.014731686225685353,
    0.03341236058411146,
    0.10136669774302381,
    0.08229392527212699,
    0.3181502755926053,
    0.03675453020945706,
    0.008131367999095022,
    0.15574697167497387,
    0.016785533481484326,
    0.00573210097754804,
    0.001811119852840912,
    0.13658084251063166,
    0.7211244428497082,
    0.04107694511597944,
    0.2824413403497368,
    0.014152874726323825,
    0.014404937798626427,
    0.2231224973345247,
    0.010829376439667306,
    0.019539555938123856,
    0.05303593754633618,
    0.010829376439667306,
    0.07665518098802436,
    0.013284657477281532,
    0.3478563754469342,
    0.24996254670007945,
    0.08452515024547225,
    0.014031511024844796,
    0.14975347195577868,
    0.29895613942022947,
    0.13775713684804378,
    0.0836942756738081,
    0.012957909050222606,
    0.013508713541550513,
    0.42760166298800145,
    0.03872435644115517,
    0.03541952949318773,
    0.010063851553414964,
    0.021303997444242065,
    0.018820709398594218,
    0.00941969036864165,
    0.07190332529165311,
    0.014386266459937345,
    0.011445530616406999,
    0.019838297357149162,
    0.04838677421275488,
    0.1774804099090648,
    0.0131166154290798,
    0.028585819532983878,
    0.06366926492976813,
    0.2203964818859188,
    0.07230475907346837,
    0.013424692517449646,
    0.4345193939723062,
    0.005041261446052023,
    0.008794200522557416,
    0.08598151466322063,
    0.017719100415938407,
    0.010549306359331084,
    0.07246346545232554,
    0.019642248300913805,
    0.1567365526254952,
    0.0068337099602038525,
    0.023964663207436187,
    0.0030154211982866726,
    0.03365508798706952,
    0.49237253690042543,
    0.20527269754776273,
    0.35078777562111985,
    0.05016055138821762,
    0.02095857767849406,
    0.018764695382526973,
    0.006618989565279415,
    0.008878221546658283,
    0.07172594757410683
  ],