{
  "hour": 15,
  "dispatch": 3,
  "load": 0.9389740654265634,
  "wind": 0.4445161456134266,
  "solar": 0.5787035088352286,
  "gen": [
    47,
    1,
    2,
    3,
    4,
    5,
    6,
    7,
    8,
    9,
    10,
    11,
    12,
    13,
    14,
    15,
    16,
    17,
    18,
    19,
    20,
    21,
    22,
    23,
    24,
    25,
    26,
    27,
    28,
    29,
    30,
    31,
    32,
    33,
    34,
    35,
    36,
    37,
    38,
    39,
    40,
    41,
    42,
    43,
    44,
    45,
    46,
    48,
    49
  ],
  "pg": [
    3.916597375485908,
    0.04507349851561497,
    0.04507349851649398,
    0.04507349851561501,
    0.045073498516493976,
    0.09024649851257666,
    0.37681633663650177,
    0.04676499855132581,
    0.03650544394235705,
    0.03650544394235705,
    0.03650544394235705,
    0.03650544394235705,
    0.03650544394235705,
    0.03650544394235705,
    0.0,
    0.02387999843293663,
    0.17909999842869678,
    0.1790999984271277,
    0.03183999840956309,
    0.0497499984115011,
    0.0626849984109831,
    0.1790999985402688,
    0.2944830561459828,
    0.6743487735413926,
    0.006098761517816212,
    0.5815604733060461,
    0.22129390696455606,
    0.22129390696455606,
    0.22129390696455606,
    0.7594997442514954,
    0.7594997442514954,
    0.40251826017587006,
    0.009187496906268088,
    0.13140389093718002,
    0.13140389093718002,
    0.13140389093718002,
    0.13140389093718002,
    1.3790699983462087,
    0.11939999840024275,
    0.2586999983930383,
    0.09352999839968824,
    0.09352999840138793,
    0.09352999839938918,
    0.09352999839973214,
    0.09352999839966629,
    0.17412499854888888,
    0.0,
    0.6716249983450855,
    0.6716249983450857
  ],
  "qg": [
    -0.4666967261327036,
    0.006651839540940132,
    0.007850792765067841,
    0.00679631454799555,
    0.007806797197427848,
    0.011400922874479365,
    -0.12458921365951593,
    -0.005699545918861606,
    -0.03409951076204285,
    -0.03409953954425642,
    -0.034099509210619085,
    -0.03409954981839207,
    -0.03409954965304245,
    -0.03409950797457092,
    0.002269017827897311,
    0.0021728239409636594,
    0.015270531898731635,
    0.015895828359124436,
    -0.003599182534147147,
    -0.00549934008958581,
    -0.006999341270640022,
    -0.02199976631673666,
    -0.010661439358182943,
    -0.013982628109047246,
    0.002977405572774387,
    0.1668753771500385,
    0.0485507471340387,
    0.13664291422433827,
    0.19894838354083005,
    0.18623049399215422,
    0.18306339049748474,
    0.0014642645959668452,
    -0.006518096376821175,
    -0.09324954632511664,
    -0.04679544678645753,
    -0.09331353608676453,
    -0.0933184065048858,
    0.18492905591406175,
    -0.013299870125544741,
    -0.02889986661622078,
    -0.010399868186327588,
    -0.010399870157637414,
    -0.010399867563854897,
    -0.010399868187928176,
    -0.01039986818578616,
    0.008506540175898003,
    0.001708530937838292,
    0.0018960671969235673,
    0.052765262001328764
  ],
  "pd": [
    0.0693432347317517,
    0.01591561040898025,
    0.07462026897944898,
    0.22288427391030335,
    0.40077291060536574,
    0.002845091418242487,
    0.023699705411366456,
    0.4202660122036212,
    0.006704274827145662,
    0.007220710563130272,
    0.010629186420628697,
    0.04324914545354751,
    0.01324892406316881,
    0.022507208348274726,
    0.012704319105221403,
    0.021906264946401723,
    0.5548022162979391,
    0.00481693695563827,
    0.06046054007281642,
    0.1949497954638631,
    0.03354015361703685,
    0.27987999968169575,
    0.009624484170622274,
    0.059915935114869014,
    0.01920201963797322,
    0.3599557079812731,
    0.010018853278101432,
    0.08965324376692826,
    0.01958699900479811,
    0.008920253621552353,
    0.03003778035299576,
    0.05951217626673559,
    0.014497759570186139,
    0.017108107472071983,
    0.004187824331802473,
    0.020817055030506907,
    0.007079864453316287,
    0.005201916322463162,
    0.02646967890437482,
    0.009370961172957102,
    0.013061129250083497,
    0.017295902285157295,
    0.00911743817529193,
    0.03530542486003877,
    0.02200016235294438,
    0.013643293170647965,
    0.1930061191484301,
    0.08022594415004558,
    0.12077084429516459,
    0.031192718453470436,
    0.02064803969873013,
    0.023108151750147726,
    0.17616092441467754,
    0.03378428687404775,
    0.005558726467325255,
    0.008300530738370821,
    0.051577845413881135,
    0.01978418355853769,
    0.008403817885567742,
    0.021042408806209285,
    0.03523030693480465,
    0.04539000632272006,
    0.07745597065703722,
    0.46328980388146646,
    0.08052641585098208,
    0.02143677791368844,
    0.02075132684592705,
    0.4673837308067262,
    0.019737234855266364,
    0.009014151028095007,
    0.013896816168313139,
    0.006854510677613912,
    0.007408505376215586,
    0.027765463114663477,
    0.007906161630891664,
    0.006760613271071256,
    0.05415063435314992,
    0.1142355847997957,
    0.35108240306299204,
    0.004873275399563864,
    0.019324086266478677,
    0.4935247687882018,
    0.004976562546760785,
    0.04219749450026976,
    0.04126791017549746,
    0.01481701075243117,
    0.03360588180161671,
    0.10195380402401624,
    0.08277056386735156,
    0.31999297175671854,
    0.0369674089558438,
    0.008178464109865368,
    0.15664904333511356,
    0.016882753696369608,
    0.0057653007617190985,
    0.001821609686927533,
    0.13737190577190622,
    0.7253011270980946,
    0.04131485887876878,
    0.28407721375415246,
    0.014234846831866701,
    0.014488369829531871,
    0.22441480163694863,
    0.010892099158948135,
    0.019652727189377973,
    0.053343116656883065,
    0.010892099158948135,
    0.07709916051217512,
    0.013361600951019997,
    0.34987112651859187,
    0.2514103060179623,
    0.08501471188372106,
    0.014112780203361248,
    0.15062082983507502,
    0.3006876649715484,
    0.13855501309434368,
    0.0841790249654914,
    0.0130329600281207,
    0.013586954726722372,
    0.4300782911873288,
    0.03894864423389385,
    0.035624676042283816,
    0.010122140425298352,
    0.021427388173034176,
    0.018929717158999517,
    0.009474248320154024,
    0.07231978251915391,
    0.014469590348223342,
    0.011511822042129667,
    0.019953198890314473,
    0.04866702581105878,
    0.17850835957824396,
    0.013192585619243215,
    0.02875138588336137,
    0.06403803126209162,
    0.2216729973659031,
    0.07272354136728734,
    0.013502447060833981,
    0.4370360890121397,
    0.0050704599533034425,
    0.008845135696318226,
    0.0864795114257865,
    0.017821727761796174,
    0.010610406939320166,
    0.07288316695840984,
    0.019756014336574892,
    0.15764435584446573,
    0.0068732901589224436,
    0.02410346425949988,
    0.0030328862313277996,
    0.03385001505862761,
    0.4952243118466238,
    0.20646161750599273,
    0.35281950508403115,
    0.050451076535369246,
    0.021079967768826348,
    0.018873378715073923,
    0.006657326123874334,
    0.008929643362206616,
    0.07214137744672286
  ],