{
  "hour": 17,
  "dispatch": 1,
  "load": 0.8613602031259386,
  "wind": 0.3457352270491006,
  "solar": 0.2443040478308199,
  "gen": [
    47,
    1,
    2,
    3,
    4,
    5,
    6,
    7,
    8,
    9,
    10,
    11,
    12,
    13,
    14,
    15,
    16,
    17,
    18,
    19,
    20,
    21,
    22,
    23,
    24,
    25,
    26,
    27,
    28,
    29,
    30,
    31,
    32,
    33,
    34,
    35,
    36,
    37,
    38,
    39,
    40,
    41,
    42,
    43,
    44,
    45,
    46,
    48,
    49
  ],
  "pg": [
    4.940693870524784,
    0.04507349795995835,
    0.045073497961178495,
    0.04507349795995838,
    0.04507349796117849,
    0.09024649795575454,
    0.2930797519695226,
    0.04676499800705472,
    0.028393159786180348,
    0.028393159786180348,
    0.028393159786180348,
    0.028393159786180348,
    0.028393159786180348,
    0.028393159786180348,
    0.0,
    0.023879997880176414,
    0.17909999787462122,
    0.1790999978724929,
    0.031839997808126116,
    0.04974999781077687,
    0.0626849978100644,
    0.17909999799042312,
    0.2290426732154881,
    0.5244941688425675,
    0.00474348731511366,
    0.4523253975483383,
    0.0934208906743142,
    0.0934208906743142,
    0.0934208906743142,
    0.3206285412379334,
    0.3206285412379334,
    0.3130701627975016,
    0.0038785710633620963,
    0.055473142924752944,
    0.055473142924752944,
    0.055473142924752944,
    0.055473142924752944,
    1.3790699977352063,
    0.11939999779355018,
    0.2586999977844699,
    0.0935299977930654,
    0.0935299977951876,
    0.09352999779278358,
    0.09352999779314299,
    0.09352999779302658,
    0.17412499801108525,
    0.0,
    0.6716249977281237,
    0.671624997728124
  ],
  "qg": [
    -0.46657406139772595,
    0.00526318397059631,
    0.006110675280488623,
    0.005408351601407121,
    0.006066634175056676,
    0.009651424482959125,
    -0.16992186328403744,
    -0.0056995914764528584,
    -0.03409957402438058,
    -0.03409958844315323,
    -0.03409957250098109,
    -0.03409959428305691,
    -0.03409959412544458,
    -0.034099571280596305,
    0.0018512771516552902,
    0.001982946102984593,
    0.013436787190852189,
    0.01446482457276672,
    -0.0035989158610220252,
    -0.005499134858379857,
    -0.006999137672567587,
    -0.02199974259666463,
    0.008224621002101293,
    0.023323220405045794,
    0.003222869460748324,
    0.18530663730639213,
    0.040133714379739886,
    0.1198947985021605,
    0.17657334094908786,
    0.17444276456761204,
    0.17374506649849913,
    -0.0094831894927853,
    -0.006559499584613188,
    -0.09404247222103271,
    -0.061489788770514975,
    -0.094044467941138,
    -0.09404463097029217,
    0.16771679988674656,
    -0.013299859316118913,
    -0.028899857021939014,
    -0.010399857845602968,
    -0.010399859374538379,
    -0.010399857419033457,
    -0.010399857859102725,
    -0.01039985783913724,
    0.005314853092306907,
    -0.005945355324020917,
    -0.0026347579310844367,
    0.04858384766888448
  ],
  "pd": [
    0.06361145100085057,
    0.01460005544298466,
    0.06845229534241834,
    0.20446107141600406,
    0.36764576189821313,
    0.002609921415471594,
    0.02174073152689869,
    0.3855275997151076,
    0.006150111850319202,
    0.006623859962038468,
    0.009750597499385626,
    0.03967425095598073,
    0.012153792466106993,
    0.02064680406892875,
    0.01165420354829395,
    0.020095533538928147,
    0.508943289618992,
    0.0044187778420360655,
    0.05546298347927919,
    0.17883560537300738,
    0.03076778645565853,
    0.25674563574574855,
    0.008828942082040872,
    0.05496339456146615,
    0.017614816153925444,
    0.3302024338683286,
    0.009190713367353765,
    0.08224267219446461,
    0.01796797383720708,
    0.008182921929696416,
    0.027554912897998773,
    0.054593009674122,
    0.013299401536264494,
    0.0156939829009546,
    0.0038416665059416866,
    0.019096355703302058,
    0.006494655931569577,
    0.0047719355253177005,
    0.02428174412612021,
    0.008596374827196867,
    0.011981520425481807,
    0.01586625494157979,
    0.008363807572352864,
    0.03238714363753528,
    0.020181669559240743,
    0.012515563751419888,
    0.1770525897525367,
    0.0735946157550802,
    0.11078814932605824,
    0.02861438594784368,
    0.01894131086673939,
    0.02119807459892935,
    0.16159978770845734,
    0.03099174010847127,
    0.005099252402505557,
    0.0076144241956332985,
    0.04731451595770782,
    0.018148859479863527,
    0.00770917381797715,
    0.019303082152052283,
    0.032318234821285215,
    0.04163815221910786,
    0.07105360315585868,
    0.4249951242223382,
    0.0738702510200805,
    0.01966485343736518,
    0.019036060489083247,
    0.4287506547079672,
    0.01810579146970723,
    0.00826905795000901,
    0.012748131006263893,
    0.0062879294828193525,
    0.0067961320026636565,
    0.025470421206434005,
    0.007252652910320403,
    0.006201793462506758,
    0.04967464291427289,
    0.1047930823123017,
    0.32206257994878845,
    0.004470459454223622,
    0.017726792980331817,
    0.4527309227629934,
    0.004565209076567475,
    0.038709527528479684,
    0.03785678092738501,
    0.013592264005327311,
    0.030828081669877345,
    0.09352649085541441,
    0.07592890190555149,
    0.2935429436232886,
    0.033911751197068206,
    0.007502447369226927,
    0.14370072268750034,
    0.015487256452204376,
    0.005288751647193263,
    0.0016710387940643211,
    0.12601699771732483,
    0.6653490753026,
    0.037899848937541294,
    0.26059591585372144,
    0.01305822067938923,
    0.013290787934233233,
    0.20586508854709934,
    0.009991778356260887,
    0.018028269051425898,
    0.048933873139584576,
    0.009991778356260887,
    0.07072628627867082,
    0.012257155690482106,
    0.3209514252867561,
    0.23062919438697005,
    0.0779875527910225,
    0.012946243852982858,
    0.1381707901834318,
    0.27583337784701933,
    0.12710231157326352,
    0.0772209422102404,
    0.011955679619388029,
    0.012463882139232333,
    0.39452881383777366,
    0.03572922122566394,
    0.03268000610659811,
    0.009285462989697619,
    0.01965623983533392,
    0.017365021695018922,
    0.00869112444954072,
    0.0663419628447598,
    0.013273560730170714,
    0.010560276090324007,
    0.018303904316426197,
    0.0446442993280174,
    0.1637531882162722,
    0.012102110853919438,
    0.026374849419716243,
    0.05874476585318901,
    0.2033499167539716,
    0.06671234773210395,
    0.012386359720950998,
    0.4009114929429369,
    0.0046513450968800685,
    0.008114013113446342,
    0.07933127470789895,
    0.016348616655330314,
    0.009733370295323106,
    0.06685877896663535,
    0.01812301867376975,
    0.14461376450281385,
    0.006305156686881871,
    0.022111116414242845,
    0.0027821934560967815,
    0.031052035322690085,
    0.45428998473065135,
    0.1893958814633314,
    0.32365609632457143,
    0.04628088371395668,
    0.019337536560177324,
    0.017313340082831367,
    0.006107043840162905,
    0.008191535531727676,
    0.06617830440616586
  ],