{
  "hour": 18,
  "dispatch": 3,
  "load": 0.8396708681794722,
  "wind": 0.4376851085838372,
  "solar": 0.05001718851338755,
  "gen": [
    47,
    1,
    2,
    3,
    4,
    5,
    6,
    7,
    8,
    9,
    10,
    11,
    12,
    13,
    14,
    15,
    16,
    17,
    18,
    19,
    20,
    21,
    22,
    23,
    24,
    25,
    26,
    27,
    28,
    29,
    30,
    31,
    32,
    33,
    34,
    35,
    36,
    37,
    38,
    39,
    40,
    41,
    42,
    43,
    44,
    45,
    46,
    48,
    49
  ],
  "pg": [
    5.025225345636664,
    0.04507349414962239,
    0.04507349415313557,
    0.04507349414962272,
    0.045073494153135496,
    0.09024649413751976,
    0.37102566654651875,
    0.046764994302705004,
    0.03594445185733905,
    0.03594445185733905,
    0.03594445185733905,
    0.03594445185733905,
    0.03594445185733905,
    0.03594445185733905,
    0.0,
    0.02387999400236271,
    0.17909999398685778,
    0.17909999398083531,
    0.031839993738256495,
    0.04974999374547395,
    0.06268499374342128,
    0.17909999425675843,
    0.28995763073462044,
    0.6639858171260243,
    0.006005039689770246,
    0.5726234275602342,
    0.019126372818765346,
    0.019126372818765346,
    0.019126372818765346,
    0.06564335847998604,
    0.06564335847998604,
    0.3963326195248363,
    0.0007940728848385407,
    0.011357202926980857,
    0.011357202926980857,
    0.011357202926980857,
    0.011357202926980857,
    1.3790699935562034,
    0.11939999368839184,
    0.2586999936640567,
    0.09352999368756863,
    0.0935299936932032,
    0.09352999368702182,
    0.09352999368782475,
    0.09352999368744058,
    0.17412499434037096,
    0.0,
    0.6716249935091534,
    0.6716249935091557
  ],
  "qg": [
    -0.46668739339620235,
    0.0049593402072016166,
    0.005729359667846784,
    0.00510448642201443,
    0.005685369028495507,
    0.009267980973891995,
    -0.18294436183460325,
    -0.005699047832008549,
    -0.03409901735572741,
    -0.034099042628679896,
    -0.03409901380662618,
    -0.03409905357103505,
    -0.03409905320080568,
    -0.034099010965063084,
    0.0017976190651574798,
    0.001961691451548293,
    0.013211731990764508,
    0.014296561905450436,
    -0.003597730729405214,
    -0.005498061207723094,
    -0.006998063976923452,
    -0.021999352509700712,
    0.012534683773981415,
    0.03598133615762308,
    0.0032988117816863814,
    0.213177368998302,
    0.03974402014948729,
    0.12061032658879381,
    0.17812073130281955,
    0.20023436005219228,
    0.2000023077094733,
    -0.0009313516149781398,
    -0.006532057729203855,
    -0.09399484463421973,
    -0.06645158639528193,
    -0.09399588606716783,
    -0.0939959765406341,
    0.16161488296198567,
    -0.013299650157923797,
    -0.028899646202078813,
    -0.01039964726598181,
    -0.010399650341370319,
    -0.010399646500139869,
    -0.010399647314054471,
    -0.010399647242647234,
    0.004999209501649067,
    -0.006766969873038794,
    -0.004201534052360894,
    0.04713457672056234
  ],
  "pd": [
    0.062009693615054026,
    0.014232421215642055,
    0.06672864389422266,
    0.19931267397976132,
    0.35838831995636233,
    0.002544202730583801,
    0.02119329271284988,
    0.37581988717976816,
    0.0059952499988014316,
    0.006457068976300141,
    0.009505074227791626,
    0.03867524018834649,
    0.011847755950012353,
    0.02012691071026195,
    0.01136074684646826,
    0.019589521354627087,
    0.4961279291725229,
    0.004307511553760693,
    0.05406640720207622,
    0.17433246565142202,
    0.02999304341137075,
    0.2502806956782553,
    0.00860662639883959,
    0.05357939809853213,
    0.017171269254270205,
    0.3218878273166007,
    0.008959288163474969,
    0.08017177449377601,
    0.01751553431022379,
    0.007976873247704986,
    0.026861071073061314,
    0.05321833962521495,
    0.012964518204691052,
    0.015298803218229984,
    0.0037449320720804465,
    0.0186155031475389,
    0.006331118346073221,
    0.004651776609714276,
    0.023670321773979323,
    0.008379915264431131,
    0.01167982177637646,
    0.015466737391865878,
    0.008153204130022676,
    0.031571624643548145,
    0.019673488441445033,
    0.012200417714647731,
    0.17259434695429052,
    0.07174147897725411,
    0.10799846706524373,
    0.027893866240922067,
    0.018464362391266594,
    0.020664300065896812,
    0.15753065157915078,
    0.03021135783709741,
    0.004970851539622475,
    0.007422690474706535,
    0.046123120789098415,
    0.017691865192541477,
    0.007515054270206276,
    0.018817024155901974,
    0.031504450974093795,
    0.04058968976779568,
    0.06926444991612467,
    0.4142936063597517,
    0.07201017365507154,
    0.01916968592053735,
    0.018556726186766338,
    0.41795457134501407,
    0.017649881649132507,
    0.008060840334522933,
    0.012427128849056189,
    0.006129597337710148,
    0.006625003149936037,
    0.024829067572066994,
    0.007070028710071156,
    0.0060456302508922,
    0.048423818967910176,
    0.10215435782271459,
    0.3139529376123047,
    0.004357891805851461,
    0.017280426467133538,
    0.44133100831513067,
    0.0044502556013512025,
    0.03773480881598548,
    0.03690353465648781,
    0.013250006299872072,
    0.030051820372143313,
    0.0911714628669271,
    0.07401698703002046,
    0.28615143516688235,
    0.03305784208022582,
    0.007313533261843204,
    0.14008229093838137,
    0.01509728220986691,
    0.005155579130621959,
    0.0016289614842681763,
    0.1228438480146568,
    0.6485953654165515,
    0.036945518199896776,
    0.2540340244590175,
    0.0127294103616008,
    0.012956121496009256,
    0.20068133749489386,
    0.009740182070881877,
    0.017574311270996356,
    0.04770170202127582,
    0.009740182070881877,
    0.06894537498621647,
    0.01194851645419389,
    0.31286976219235324,
    0.22482187495505368,
    0.07602380040496942,
    0.012620253148737468,
    0.13469160396466914,
    0.2688878021171124,
    0.12390183330856291,
    0.07527649333228968,
    0.011654631650331074,
    0.012150037462556964,
    0.38459444775224366,
    0.03482954761208451,
    0.031857112738729175,
    0.00905165195897471,
    0.019161289211855555,
    0.01692776470249816,
    0.008472279059930875,
    0.06467145026718296,
    0.012939328078645666,
    0.010294364843880329,
    0.017843005948813787,
    0.04352014109774205,
    0.15962982874959947,
    0.011797375697921586,
    0.02571072198365544,
    0.05726555320984,
    0.1982294985598098,
    0.06503250874050012,
    0.01207446708442081,
    0.39081640888545355,
    0.00453422268816915,
    0.007909699578250629,
    0.0773336869593294,
    0.015936953078046382,
    0.009488280810428035,
    0.06517525278809062,
    0.017666675066496097,
    0.1409723420586516,
    0.006146390755073737,
    0.02155435118616705,
    0.002712136904219695,
    0.030270134797869972,
    0.44285081258653547,
    0.18462683049530235,
    0.31550632871843665,
    0.04511551574728304,
    0.018850610990629152,
    0.01687738445040739,
    0.005953266455392458,
    0.00798526995638678,
    0.06451191280222884
  ],