{
  "hour": 18,
  "dispatch": 2,
  "load": 0.8410300309160283,
  "wind": 0.4400524327532264,
  "solar": 0.07880438751153594,
  "gen": [
    47,
    1,
    2,
    3,
    4,
    5,
    6,
    7,
    8,
    9,
    10,
    11,
    12,
    13,
    14,
    15,
    16,
    17,
    18,
    19,
    20,
    21,
    22,
    23,
    24,
    25,
    26,
    27,
    28,
    29,
    30,
    31,
    32,
    33,
    34,
    35,
    36,
    37,
    38,
    39,
    40,
    41,
    42,
    43,
    44,
    45,
    46,
    48,
    49
  ],
  "pg": [
    4.890614735991484,
    0.04507349464906177,
    0.045073494652272145,
    0.045073494649062074,
    0.045073494652272075,
    0.09024649463799836,
    0.37303244724491,
    0.04676499478877572,
    0.036138865987425974,
    0.036138865987425974,
    0.036138865987425974,
    0.036138865987425974,
    0.036138865987425974,
    0.036138865987425974,
    0.0,
    0.023879994504279155,
    0.17909999449002506,
    0.17909999448450128,
    0.03183999427401124,
    0.049749994280588246,
    0.06268499427870892,
    0.17909999474711014,
    0.2915259356503574,
    0.6675771425839546,
    0.006037519377374266,
    0.5757205977710461,
    0.030134482566861295,
    0.030134482566861295,
    0.030134482566861295,
    0.10342413904033995,
    0.10342413904033995,
    0.39847627890670156,
    0.0012510984561331445,
    0.01789379705469442,
    0.01789379705469442,
    0.01789379705469442,
    0.01789379705469442,
    1.3790699941015567,
    0.11939999422849618,
    0.2586999942059092,
    0.09352999422763522,
    0.09352999423287377,
    0.09352999422708454,
    0.09352999422786282,
    0.09352999422752144,
    0.1741249948201206,
    0.0,
    0.6716249940620513,
    0.6716249940620532
  ],
  "qg": [
    -0.46669056681907334,
    0.005013257104570699,
    0.005797284492577647,
    0.005158305293678989,
    0.005753316622168526,
    0.00933422601688608,
    -0.17798534710111968,
    -0.005699103408197608,
    -0.03409907336989973,
    -0.03409909822110613,
    -0.03409907003762864,
    -0.03409910885767719,
    -0.034099108509828426,
    -0.034099067370050876,
    0.001793161878512106,
    0.0019595326971021507,
    0.013192054662310498,
    0.014281201156138632,
    -0.0035979655941426074,
    -0.005498253382799001,
    -0.006998255695352558,
    -0.021999397090531208,
    0.0073213580180611386,
    0.024791116004375658,
    0.0032435978287366583,
    0.2037376434817162,
    0.03947526303496897,
    0.11966382365650398,
    0.176692368370071,
    0.19345858260222537,
    0.19320676980457596,
    -0.0029343671887498285,
    -0.006543307643931495,
    -0.09403911808758834,
    -0.06820957298071648,
    -0.0940398878474655,
    -0.09403995488380057,
    0.1616091845809236,
    -0.013299671005701594,
    -0.028899666972525093,
    -0.010399668153637494,
    -0.01039967117321645,
    -0.01039966738194243,
    -0.010399668196384654,
    -0.010399668132923479,
    0.004682036368388634,
    -0.007516357890366045,
    -0.004477010248440453,
    0.04685699574955352
  ],
  "pd": [
    0.06211006778314869,
    0.01425545902402668,
    0.06683665655689677,
    0.19963529843853764,
    0.3589684377955792,
    0.002548320993675566,
    0.021227597980320555,
    0.37642822123739594,
    0.006004954420740442,
    0.006467520937744258,
    0.009520459949969442,
    0.03873784322399226,
    0.011866933736225159,
    0.020159489841057202,
    0.011379136318293863,
    0.01962123062127094,
    0.49693100406704444,
    0.004314484058599226,
    0.054153923690683066,
    0.1746146550187858,
    0.030041592704320535,
    0.25068582131514056,
    0.008620557816889291,
    0.053666126272751774,
    0.01719906413223278,
    0.3224088623516595,
    0.008973790429874022,
    0.08030154735186239,
    0.01754388644490835,
    0.007989785293702268,
    0.026904550689003746,
    0.05330448335945788,
    0.012985503677343479,
    0.015323567163290036,
    0.003750993937885487,
    0.018645635785408347,
    0.0063413664331068535,
    0.004659306371274798,
    0.023708636571522838,
    0.008393479708541962,
    0.011698727730041955,
    0.015491773169473241,
    0.008166401600194636,
    0.03162272916244266,
    0.019705333624362543,
    0.012220166349209891,
    0.17287372285478964,
    0.07185760584146546,
    0.10817328257641957,
    0.027939017627030462,
    0.018494250379843463,
    0.020697749060843457,
    0.15778564410015608,
    0.030260260512358698,
    0.004978897783022887,
    0.007434705473297691,
    0.04619777959821744,
    0.017720502751400715,
    0.007527218776698453,
    0.018847482992828193,
    0.03155544675996938,
    0.0406553916944808,
    0.06937656725026319,
    0.4149642172539685,
    0.07212673545135859,
    0.019200715605812928,
    0.018586763683244228,
    0.41863110818876226,
    0.017678451249854916,
    0.008073888296793872,
    0.012447244457557221,
    0.006139519225687007,
    0.006635726943927465,
    0.02486925801418696,
    0.007081472860312959,
    0.006055416222595404,
    0.048502201882927365,
    0.10231971356124402,
    0.31446112855950303,
    0.004364945860454187,
    0.017308398036251865,
    0.44204538424946455,
    0.00445745916385495,
    0.03779588958936631,
    0.036963269858759445,
    0.013271453887854926,
    0.030100464806484657,
    0.09131904075686235,
    0.0741367972252479,
    0.2866146242358733,
    0.033111352317164035,
    0.0073253715692786076,
    0.14030904005772102,
    0.015121719955870189,
    0.0051639243898244135,
    0.0016315982599770951,
    0.12304269352301496,
    0.6496452370807769,
    0.037005321360305245,
    0.2544452255533352,
    0.01275001526868699,
    0.012977093377034317,
    0.20100617738893076,
    0.009755948358625928,
    0.017602758547072474,
    0.04777891605633957,
    0.009755948358625928,
    0.06905697583851508,
    0.011967857339935084,
    0.3133761998196214,
    0.22518579077776657,
    0.07614685899913722,
    0.012640681364667906,
    0.1349096272592401,
    0.2693230468002398,
    0.12410239136196914,
    0.07539834227162194,
    0.011673496829114473,
    0.01216970454735493,
    0.3852169850604685,
    0.03488592568239686,
    0.031908679372954114,
    0.009066303733274786,
    0.019192305305503768,
    0.01695516542326713,
    0.008485993011942725,
    0.0647761329811525,
    0.012960272776415998,
    0.010311028179030507,
    0.017871888156965603,
    0.04359058650237775,
    0.15988821917744614,
    0.011816471934370198,
    0.025752339546648788,
    0.057358248108473134,
    0.19855036969865597,
    0.0651377758944464,
    0.012094011844572488,
    0.39144901758955625,
    0.004541562166946554,
    0.007922502891228986,
    0.07745886584736622,
    0.015962749986786217,
    0.00950363934935112,
    0.06528075099970211,
    0.017695271850473236,
    0.141200531890492,
    0.006156339826305327,
    0.021589240893614445,
    0.0027165269998587712,
    0.03031913261452282,
    0.4435676486054225,
    0.1849256831978163,
    0.3160170341166976,
    0.045188543561118205,
    0.018881124194064836,
    0.01690470362141217,
    0.005962902919194641,
    0.007998195594011428,
    0.06461633727527845
  ],