{
  "hour": 1,
  "dispatch": 3,
  "load": 0.6919358860636025,
  "wind": 0.40902853476135653,
  "solar": 0.0004399528227475258,
  "gen": [
    47,
    1,
    2,
    3,
    4,
    5,
    6,
    7,
    8,
    9,
    10,
    11,
    12,
    13,
    14,
    15,
    16,
    17,
    18,
    19,
    20,
    21,
    22,
    23,
    24,
    25,
    26,
    27,
    28,
    29,
    30,
    31,
    32,
    33,
    34,
    35,
    36,
    37,
    38,
    39,
    40,
    41,
    42,
    43,
    44,
    45,
    46,
    48,
    49
  ],
  "pg": [
    3.1955274406495913,
    0.04507349729607629,
    0.04507349729770976,
    0.04507349729607642,
    0.04507349729770975,
    0.09024649729044616,
    0.3467334889172019,
    0.04676499736649209,
    0.03359105938874165,
    0.03359105938874165,
    0.03359105938874165,
    0.03359105938874165,
    0.03359105938874165,
    0.03359105938874165,
    0.0,
    0.02387999721028719,
    0.17909999720296976,
    0.17909999720010064,
    0.03183999712136343,
    0.04974999712403482,
    0.06268499712305213,
    0.1790999973481285,
    0.2709732237087034,
    0.6205126483743684,
    0.005611871496925812,
    0.5351320320282827,
    0.00016823619960736286,
    0.00016823619960736286,
    0.00016823619960736286,
    0.0005774011238190168,
    0.0005774011238190168,
    0.3703835187971036,
    6.984691013939719e-06,
    9.98983276499897e-05,
    9.98983276499897e-05,
    9.98983276499897e-05,
    9.98983276499897e-05,
    1.3790699969992795,
    0.11939999708928721,
    0.25869999707741737,
    0.09352999708873783,
    0.0935299970914862,
    0.09352999708840093,
    0.0935299970888453,
    0.09352999708868409,
    0.17412499737107093,
    0.0,
    0.6716249970021696,
    0.6716249970021708
  ],
  "qg": [
    -0.46669913731381546,
    0.003060965252965076,
    0.0033573788470599546,
    0.003205768336029979,
    0.003313626262995712,
    0.006838847492347447,
    -0.17598132938027355,
    -0.005699625725053543,
    -0.03409961665463331,
    -0.03409962448126983,
    -0.034099615246592524,
    -0.03409962810482547,
    -0.034099627959214555,
    -0.03409961412044115,
    0.0008573968686193184,
    0.0015277651710848717,
    0.009056615849416482,
    0.011034321541739089,
    -0.003599487317562533,
    -0.005499521657887772,
    -0.006999521921623483,
    -0.021999734641764884,
    -0.07986363629493526,
    -0.1644654285531559,
    0.000742031554896331,
    0.05025732821135486,
    0.025369828969546003,
    0.07696081461130251,
    0.11375232774572702,
    0.0968531416984536,
    0.09680289786082043,
    -0.05701514774374707,
    -0.0065986243653034906,
    -0.09419852632997934,
    -0.09419698153375729,
    -0.0941985177494368,
    -0.09419851709208041,
    0.1065685315440391,
    -0.013299823142431354,
    -0.028899820557186845,
    -0.01039982140751581,
    -0.01039982321508881,
    -0.010399820917744667,
    -0.010399821426502436,
    -0.01039982139838443,
    -0.01563777494509944,
    -0.05660248646766518,
    -0.026652413141786114,
    0.025579747489655455
  ],
  "pd": [
    0.05109946518579704,
    0.011728313268778061,
    0.054988144865474486,
    0.16424482127491732,
    0.2953320748896668,
    0.0020965657347727156,
    0.017464461764245324,
    0.3096966638843472,
    0.004940422226494121,
    0.005320986963829103,
    0.00783271423023998,
    0.031870566912089525,
    0.00976321535235743,
    0.01658570318894455,
    0.009361892538440542,
    0.016142864221863847,
    0.4088372376395401,
    0.0035496310955062805,
    0.04455375170363536,
    0.14365972866452514,
    0.02471594985019188,
    0.20624532955897798,
    0.007092342832151925,
    0.04415242888971848,
    0.01415008887000067,
    0.26525362192248203,
    0.007382955904298639,
    0.06606603840135276,
    0.014433782583286748,
    0.006573390917604223,
    0.02213502899517464,
    0.04385489645871113,
    0.010683490080822023,
    0.012607071844078837,
    0.003086034051843667,
    0.015340218594030066,
    0.005217196580919563,
    0.003833324808792358,
    0.019505672628132954,
    0.006905520142914752,
    0.00962482817514471,
    0.012745459021291556,
    0.00671869745367758,
    0.026016789315991443,
    0.016212057810470207,
    0.010053828424504143,
    0.1422274213803735,
    0.059119002105274196,
    0.08899679366550056,
    0.022986110135032874,
    0.015215670134538617,
    0.017028542156025256,
    0.12981409158439244,
    0.024895853180568413,
    0.004096260445496527,
    0.006116713232802246,
    0.03800803822147369,
    0.014579089119360103,
    0.006192826180269242,
    0.015506283206685331,
    0.025961434445106363,
    0.033448180732314536,
    0.05707779124138657,
    0.3414011661837815,
    0.05934042158881455,
    0.015796896278832046,
    0.015291783082005616,
    0.34441800664701877,
    0.014544492325056923,
    0.006642584506210583,
    0.010240651113741317,
    0.005051131968264298,
    0.005459374141041824,
    0.020460544150900723,
    0.005826100160655533,
    0.004981938379657938,
    0.03990394254928796,
    0.08418091989849788,
    0.258714827799181,
    0.003591147248670097,
    0.014240040535188939,
    0.3636815017150295,
    0.003667260196137093,
    0.031095598719698296,
    0.03041058219249533,
    0.010918748282083645,
    0.024764385362216333,
    0.07513039850878596,
    0.06099414835650655,
    0.23580483061161506,
    0.02724151583432403,
    0.006026761567613978,
    0.1154356638719908,
    0.012441007231423572,
    0.004248486340430519,
    0.001342355618963389,
    0.10123022013110505,
    0.534478955830969,
    0.030445178986798507,
    0.20933828296968227,
    0.010489748032724212,
    0.010676570721961385,
    0.16537267676920098,
    0.008026456278337788,
    0.0144822180953112,
    0.03930887768727326,
    0.008026456278337788,
    0.0568148556046824,
    0.009846247658685062,
    0.257822230506159,
    0.18526583349352954,
    0.06264787512419857,
    0.010399796367535945,
    0.11099343548346247,
    0.22157862879414741,
    0.10210205934754518,
    0.062032052185601955,
    0.009604070098562801,
    0.010012312271340328,
    0.31692739389371183,
    0.028701500553918232,
    0.026252047517253078,
    0.007459068851765634,
    0.01578997691997141,
    0.013949427463042226,
    0.006981633090381749,
    0.053292901944618665,
    0.010662732004240115,
    0.008483133963139766,
    0.014703637578851554,
    0.035863036974676514,
    0.13154393129955147,
    0.009721699199193615,
    0.02118707683126751,
    0.047190027429537686,
    0.16335222398189528,
    0.053590434375626016,
    0.009950038041594604,
    0.32205463880944313,
    0.0037364537847434536,
    0.006518036046719135,
    0.06372729510645779,
    0.013132943117487176,
    0.007818875512518707,
    0.05370806347625682,
    0.014558331042778195,
    0.11616911591121823,
    0.00506497068598557,
    0.017761994195252675,
    0.0022349529119854356,
    0.024944288692592867,
    0.3649339056688046,
    0.1521428626276649,
    0.2599949091883986,
    0.03717771515819736,
    0.015533960642127876,
    0.01390791130987841,
    0.004905825432190941,
    0.006580310276464859,
    0.053161434126266574
  ],