{
  "hour": 21,
  "dispatch": 2,
  "load": 0.6598615635377251,
  "wind": 0.21070357469607653,
  "solar": 0.00041718801141799364,
  "gen": [
    47,
    1,
    2,
    3,
    4,
    5,
    6,
    7,
    8,
    9,
    10,
    11,
    12,
    13,
    14,
    15,
    16,
    17,
    18,
    19,
    20,
    21,
    22,
    23,
    24,
    25,
    26,
    27,
    28,
    29,
    30,
    31,
    32,
    33,
    34,
    35,
    36,
    37,
    38,
    39,
    40,
    41,
    42,
    43,
    44,
    45,
    46,
    48,
    49
  ],
  "pg": [
    3.8658109322808674,
    0.04507349537699601,
    0.04507349537980284,
    0.04507349537699692,
    0.045073495379802805,
    0.09024649536736051,
    0.17861342026986407,
    0.04676499547475662,
    0.01730382036834059,
    0.01730382036834059,
    0.01730382036834059,
    0.01730382036834059,
    0.01730382036834059,
    0.01730382036834059,
    0.0,
    0.02387999520373503,
    0.1790999951912841,
    0.17909999518635036,
    0.03183999504284776,
    0.04974999504762308,
    0.062684995045946,
    0.17909999543929525,
    0.13958690416465677,
    0.3196457509569359,
    0.00289085304483017,
    0.2756634867748769,
    0.00015953102681419513,
    0.00015953102681419513,
    0.00015953102681419513,
    0.0005475242211931575,
    0.0005475242211931575,
    0.19079630095879122,
    6.623276869272067e-06,
    9.472921300063813e-05,
    9.472921300063813e-05,
    9.472921300063813e-05,
    9.472921300063813e-05,
    1.3790699948295027,
    0.11939999499274542,
    0.2586999949726061,
    0.09352999499186666,
    0.09352999499653196,
    0.09352999499132172,
    0.09352999499205579,
    0.09352999499177207,
    0.17412499546801383,
    0.0,
    0.6716249948534361,
    0.6716249948534435
  ],
  "qg": [
    -0.46669821932984995,
    0.002358312368294489,
    0.002476204794787135,
    0.0025037571048143626,
    0.0024323499960961833,
    0.005957404803972728,
    -0.1974509398317903,
    -0.0056993777183903215,
    -0.03409936431275546,
    -0.03409937664074738,
    -0.034099361950852,
    -0.03409938245758807,
    -0.03409938221726559,
    -0.034099360062161854,
    0.0006490377571874656,
    0.0014312661057930233,
    0.008125005465832315,
    0.010294507575526787,
    -0.003599043155993598,
    -0.005499118983899627,
    -0.006999120124026057,
    -0.02199955402846008,
    -0.07296336348577005,
    -0.15544013741701182,
    0.0006786535937754661,
    0.035880396504744824,
    0.02248494501064203,
    0.06819255293960302,
    0.10080702530860258,
    0.07812815726148392,
    0.07809560929222643,
    -0.07069700407642765,
    -0.0065975412279456825,
    -0.09419743548743838,
    -0.09419482670897437,
    -0.09419742272285139,
    -0.0941974217547001,
    0.09953163159464093,
    -0.013299702470627485,
    -0.028899698383532048,
    -0.010399699615144713,
    -0.010399702575998027,
    -0.010399698823715225,
    -0.010399699647949547,
    -0.010399699599367318,
    -0.0174031615164816,
    -0.0630866898550019,
    -0.030363149293910527,
    0.022054415779622118
  ],
  "pd": [
    0.048730776467261,
    0.01118465350196444,
    0.052439198454343014,
    0.1566313393369498,
    0.2816421125491718,
    0.001999380537519307,
    0.01665490586369218,
    0.295340838608215,
    0.004711411563659357,
    0.005074335423605106,
    0.007469632899247048,
    0.030393223616547616,
    0.0093106466615173,
    0.015816881677999273,
    0.00892792695466542,
    0.015394570277335125,
    0.3898858034319002,
    0.0033850898209485296,
    0.04248848607619412,
    0.13700045782170248,
    0.02357025504956754,
    0.1966849362436897,
    0.006763581026261682,
    0.04210576636934224,
    0.013494168974346478,
    0.25295793038218695,
    0.007040722882947527,
    0.06300358208658198,
    0.013764712215396945,
    0.006268684853608388,
    0.021108971417571825,
    0.04182202589702102,
    0.010188262541022475,
    0.01202267768765735,
    0.002942982573378254,
    0.014629130863631363,
    0.004975356189074447,
    0.0036556330619989972,
    0.018601497476128468,
    0.006585418404106496,
    0.009178674348809757,
    0.012154650000364895,
    0.006407255781951311,
    0.024810794789018455,
    0.015460556433688898,
    0.009587788518203145,
    0.13563454438517938,
    0.05637857198866323,
    0.08487139430222221,
    0.021920601140723226,
    0.014510355782194574,
    0.016239193078663415,
    0.1237966279353126,
    0.023741819056087347,
    0.003906380456143332,
    0.00583317622167349,
    0.03624619568512724,
    0.013903283143739866,
    0.0059057609936626395,
    0.01478749763888042,
    0.024758005863935444,
    0.03189770798141362,
    0.05443198037622694,
    0.32557569544951365,
    0.056589727688995305,
    0.015064639495566263,
    0.014582940554183726,
    0.328452691866538,
    0.01387029006556298,
    0.0063346710099621605,
    0.009765951140358331,
    0.004816989413825393,
    0.005206307736312652,
    0.01951210643381053,
    0.005556034364987646,
    0.004751003257471621,
    0.038054216369220614,
    0.08027875781999963,
    0.2467222386067554,
    0.003424681514760793,
    0.013579950977606383,
    0.34682323779542834,
    0.003497266286749943,
    0.029654178665385365,
    0.02900091571748302,
    0.0104126154726253,
    0.023616445359015182,
    0.07164776856892618,
    0.05816679682585046,
    0.2248742222380213,
    0.02597874975648024,
    0.005747394218413586,
    0.11008470464499867,
    0.011864310912408296,
    0.004051550000121632,
    0.0012801314332631867,
    0.09653774674556918,
    0.5097034661390804,
    0.0290339087956599,
    0.19963451743270333,
    0.010003501303231912,
    0.010181663925387097,
    0.1577069136855163,
    0.0076543941370376106,
    0.013810902524844586,
    0.03748673542457816,
    0.0076543941370376106,
    0.054181232982082606,
    0.009389830049141828,
    0.24587101718979182,
    0.1766779336372259,
    0.05974386596270563,
    0.009917719299972007,
    0.10584839340708647,
    0.21130746849168572,
    0.09736917231562671,
    0.05915658917115705,
    0.009158878501903623,
    0.009548196824390882,
    0.3022363919471842,
    0.027371057655544838,
    0.02503514772062129,
    0.007113307654936676,
    0.015058040879930887,
    0.013302809120920538,
    0.006658003176095646,
    0.05082253762367559,
    0.010168466694116344,
    0.00808990276897251,
    0.014022058225176659,
    0.03420062483816029,
    0.1254462818441569,
    0.009271054967705037,
    0.020204961075525142,
    0.04500255863327285,
    0.15578011791998614,
    0.05110627809599681,
    0.009488809283672487,
    0.30712596613299875,
    0.0035632524431037154,
    0.00621589592852537,
    0.060773250001824486,
    0.012524172475946022,
    0.007456435667976293,
    0.051218454561798216,
    0.013883487296833735,
    0.11078415790234868,
    0.004830186645096148,
    0.016938646336013403,
    0.002131352850226852,
    0.023788009365534987,
    0.34801758722543163,
    0.14509036059067498,
    0.2479429824993002,
    0.035454361808881965,
    0.014813892101421929,
    0.013263217427108273,
    0.00467841848548247,
    0.006275283469243765,
    0.050697163926603415
  ],