{
  "hour": 22,
  "dispatch": 0,
  "load": 0.6450991550111039,
  "wind": 0.2465573856132623,
  "solar": 0.00037394109365107434,
  "gen": [
    47,
    1,
    2,
    3,
    4,
    5,
    6,
    7,
    8,
    9,
    10,
    11,
    12,
    13,
    14,
    15,
    16,
    17,
    18,
    19,
    20,
    21,
    22,
    23,
    24,
    25,
    26,
    27,
    28,
    29,
    30,
    31,
    32,
    33,
    34,
    35,
    36,
    37,
    38,
    39,
    40,
    41,
    42,
    43,
    44,
    45,
    46,
    48,
    49
  ],
  "pg": [
    3.4341271745100888,
    0.04507349561604998,
    0.04507349561871139,
    0.045073495616050806,
    0.04507349561871141,
    0.09024649560690773,
    0.20900669578436248,
    0.04676499571293569,
    0.020248278736103555,
    0.020248278736103555,
    0.020248278736103555,
    0.020248278736103555,
    0.020248278736103555,
    0.020248278736103555,
    0.0,
    0.023879995450397505,
    0.17909999543853697,
    0.17909999543384095,
    0.031839995309849045,
    0.04974999531417985,
    0.06268499531258089,
    0.17909999568084387,
    0.163339336821074,
    0.3740374162707434,
    0.003382767330613959,
    0.322571027597831,
    0.0001429935784477962,
    0.0001429935784477962,
    0.0001429935784477962,
    0.0004907662743651683,
    0.0004907662743651683,
    0.22326264382052127,
    5.936688802804455e-06,
    8.490930837097484e-05,
    8.490930837097484e-05,
    8.490930837097484e-05,
    8.490930837097484e-05,
    1.3790699950981697,
    0.11939999525924158,
    0.2586999952399442,
    0.09352999525834965,
    0.0935299952628199,
    0.09352999525780369,
    0.09352999525852496,
    0.09352999525826199,
    0.17412499570563506,
    0.0,
    0.6716249951238086,
    0.6716249951238166
  ],
  "qg": [
    -0.4666985835770422,
    0.002213809250939457,
    0.002296527454395343,
    0.0023589729404852973,
    0.002252791302053123,
    0.005768106196348922,
    -0.19239487562211915,
    -0.005699418528431649,
    -0.03409940624566927,
    -0.034099417482744504,
    -0.0340994040373639,
    -0.034099422827140555,
    -0.034099422601423526,
    -0.03409940226973741,
    0.0005566058337033246,
    0.0013891182006186286,
    0.0077179226579901,
    0.009975987032318293,
    -0.0035991759235116548,
    -0.005499232988590106,
    -0.0069992337382727065,
    -0.021999582429720565,
    -0.08825194275744169,
    -0.18755440357616707,
    0.00020097588576269956,
    0.01434199768031277,
    0.02100066048932957,
    0.06368323695704894,
    0.0941480315714938,
    0.06641413006605885,
    0.06639061284089175,
    -0.07685955014264619,
    -0.006598130529106249,
    -0.09419807313553878,
    -0.09419682070263051,
    -0.09419806275273604,
    -0.09419806194707975,
    0.09173917527102318,
    -0.013299712413055142,
    -0.028899708238332683,
    -0.0103997095584427,
    -0.010399712511500046,
    -0.010399708756410076,
    -0.010399709588367717,
    -0.010399709544083799,
    -0.019111259337563167,
    -0.07055984292108954,
    -0.032936104404927745,
    0.019584977797801818
  ],
  "pd": [
    0.04764057259757003,
    0.010934430677438212,
    0.05126602984873243,
    0.15312718642498574,
    0.27534122134183936,
    0.001954650439683645,
    0.01628230267248026,
    0.2887334797998699,
    0.004606007966779282,
    0.004960812502035389,
    0.007302522434725697,
    0.029713267079811444,
    0.009102349077206676,
    0.015463026745616162,
    0.008728191567300236,
    0.015050163286409055,
    0.38116328672986083,
    0.0033093586652069634,
    0.041537934591164984,
    0.1339354865634054,
    0.023042941816996634,
    0.19228470513415974,
    0.006612266338863816,
    0.04116377708125855,
    0.013192277719977075,
    0.2472987610735067,
    0.006883207983968479,
    0.0615940673204602,
    0.013456768373531628,
    0.0061284419726054876,
    0.020636721968805213,
    0.04088638444460377,
    0.009960330953371446,
    0.011753706604302314,
    0.002877142231349524,
    0.014301848266596173,
    0.004864047628783724,
    0.0035738493187615164,
    0.01818534517976302,
    0.006438089567010817,
    0.008973329246204457,
    0.011882726435304533,
    0.006263912795157819,
    0.0242557282284175,
    0.015114673201910164,
    0.00937329072231134,
    0.13260013131253243,
    0.05511727180414872,
    0.08297265331752819,
    0.021430193929468874,
    0.014185730418694175,
    0.015875890204823266,
    0.12102705247163321,
    0.02321066759729952,
    0.003818986997665735,
    0.005702676530298159,
    0.03543529658475994,
    0.013592239196083959,
    0.00577363743734938,
    0.014456672063798838,
    0.024204120296016617,
    0.031184093153236756,
    0.05321422929686597,
    0.3182919230824788,
    0.05532370353375227,
    0.014727613708903502,
    0.014256691325745398,
    0.3211045553983271,
    0.013559984238333406,
    0.006192951888106597,
    0.009547467494164338,
    0.004709223831581059,
    0.00508983233303761,
    0.019075582013678344,
    0.0054317348851934955,
    0.004644713916079948,
    0.037202868269490375,
    0.07848276319865091,
    0.24120257405865175,
    0.0033480646145076297,
    0.01327614061012852,
    0.3390641158738363,
    0.003419025521558851,
    0.02899075602619901,
    0.02835210786273802,
    0.010179664666075219,
    0.02308809875784741,
    0.07004486625110566,
    0.0568654905142288,
    0.2198433410362341,
    0.025397553732787164,
    0.005618813640146715,
    0.10762189203050247,
    0.011598882807099649,
    0.003960908811768178,
    0.0012514923607215417,
    0.09437800637812452,
    0.4983003912967771,
    0.028384362820488573,
    0.19516829835705937,
    0.009779703189968335,
    0.009953879961821333,
    0.15417869804765383,
    0.007483150198128805,
    0.013501925314382405,
    0.03664808299618082,
    0.007483150198128805,
    0.05296909161796175,
    0.00917976097580801,
    0.2403703961486875,
    0.17272529875422307,
    0.058407277494705354,
    0.009695840299816893,
    0.10348035545533119,
    0.20658010240920582,
    0.09519083131343849,
    0.05783313924674546,
    0.008953976271554122,
    0.009334584773010675,
    0.29547476596973593,
    0.026758712949860593,
    0.024475061941121284,
    0.0069541688910197,
    0.014721162717353391,
    0.013005198965023855,
    0.0065090504740620385,
    0.04968553691895523,
    0.009940977978721111,
    0.007908915640436134,
    0.01370835704398596,
    0.03343548920422552,
    0.12263980035916097,
    0.00906364312790601,
    0.019752936126440003,
    0.043995762371757285,
    0.15229500851502142,
    0.049962929555610006,
    0.009276525849059674,
    0.3002549507083682,
    0.0034835354370599614,
    0.006076834040204599,
    0.05941363217652268,
    0.012243981962110753,
    0.007289620451625474,
    0.050072596411961885,
    0.013572886221433626,
    0.10830569713481425,
    0.0047221258146812805,
    0.016559695309135036,
    0.0020836702706858654,
    0.023255824538150296,
    0.34023174534440637,
    0.14184440220384154,
    0.24239600749542228,
    0.034661177598746616,
    0.014482476029999284,
    0.01296649301572319,
    0.004573753009028727,
    0.006134892964155598,
    0.04956296807950311
  ],