{
  "hour": 23,
  "dispatch": 3,
  "load": 0.6386401581328756,
  "wind": 0.18072076797611203,
  "solar": 0.00042362508651217504,
  "gen": [
    47,
    1,
    2,
    3,
    4,
    5,
    6,
    7,
    8,
    9,
    10,
    11,
    12,
    13,
    14,
    15,
    16,
    17,
    18,
    19,
    20,
    21,
    22,
    23,
    24,
    25,
    26,
    27,
    28,
    29,
    30,
    31,
    32,
    33,
    34,
    35,
    36,
    37,
    38,
    39,
    40,
    41,
    42,
    43,
    44,
    45,
    46,
    48,
    49
  ],
  "pg": [
    3.7201577463604782,
    0.04507349555192119,
    0.045073495554625094,
    0.0450734955519221,
    0.0450734955546251,
    0.09024649554264019,
    0.15319699501335016,
    0.04676499564286536,
    0.014841512349270227,
    0.014841512349270227,
    0.014841512349270227,
    0.014841512349270227,
    0.014841512349270227,
    0.014841512349270227,
    0.0,
    0.023879995376523157,
    0.1790999953644982,
    0.1790999953597291,
    0.031839995228908936,
    0.04974999523339527,
    0.06268499523177423,
    0.17909999560883486,
    0.11972389436881467,
    0.274160633850481,
    0.0024794889366322567,
    0.23643698074314737,
    0.0001619925385819097,
    0.0001619925385819097,
    0.0001619925385819097,
    0.0005559723415399626,
    0.0005559723415399626,
    0.16364626981772898,
    6.7254718734672905e-06,
    9.619085389397353e-05,
    9.619085389397353e-05,
    9.619085389397353e-05,
    9.619085389397353e-05,
    1.3790699950147145,
    0.11939999517953549,
    0.25869999516005626,
    0.09352999517866609,
    0.09352999518317828,
    0.09352999517812964,
    0.09352999517884668,
    0.09352999517857578,
    0.1741249956315002,
    0.0,
    0.6716249950455768,
    0.6716249950455853
  ],
  "qg": [
    -0.46669843345498585,
    0.0020712248023960576,
    0.0021172264620868114,
    0.0022167555269510643,
    0.0020733855592167,
    0.005592520331009326,
    -0.19865629018431943,
    -0.005699414604756858,
    -0.03409940247601296,
    -0.034099413598224916,
    -0.03409940024415239,
    -0.034099418922817155,
    -0.03409941869533029,
    -0.03409939845718455,
    0.000514674667206548,
    0.0013689520264158054,
    0.007528891011294638,
    0.009824765889496318,
    -0.0035991291893944723,
    -0.005499192801223155,
    -0.006999193678054014,
    -0.02199957792530972,
    -0.08253609444968246,
    -0.17659864321176325,
    0.0002881888195305219,
    0.01595099352145084,
    0.020469476277435686,
    0.06206963298135623,
    0.09176502856389694,
    0.06354257092272714,
    0.06352107248885248,
    -0.07822192946089271,
    -0.006598079591042605,
    -0.09419801451012065,
    -0.09419669836279673,
    -0.09419800391801882,
    -0.09419800309798973,
    0.09125428735480182,
    -0.013299711280038611,
    -0.02889970722793453,
    -0.010399708474543835,
    -0.010399711381763564,
    -0.010399707692687377,
    -0.010399708505735773,
    -0.010399708459553458,
    -0.019204181825334617,
    -0.07100336118279686,
    -0.03351138904647501,
    0.01904478161315614
  ],
  "pd": [
    0.04716357567811286,
    0.010824950680352241,
    0.05075273336681962,
    0.15159401433600067,
    0.27258439229427395,
    0.001935079679142613,
    0.016119277591273778,
    0.28584256197711244,
    0.004559890729068731,
    0.0049111428160418125,
    0.007229406590064151,
    0.029415765683600246,
    0.009011212631254874,
    0.015308204590445029,
    0.008640801339537806,
    0.014899474889239987,
    0.37734692383439083,
    0.0032762240112216515,
    0.04112203978217586,
    0.1325944696315476,
    0.022812226448506317,
    0.1903594719346662,
    0.006546061620861974,
    0.04075162849045879,
    0.013060191233817305,
    0.24482270462023786,
    0.006814290487277783,
    0.06097736229852695,
    0.013322033698651784,
    0.006067081502262318,
    0.020430098658670688,
    0.04047701322246166,
    0.009860604041571599,
    0.011636023681180992,
    0.0028483351052726253,
    0.01415865230580585,
    0.004815346792321882,
    0.003538066476056131,
    0.01800326605776576,
    0.006373628778166098,
    0.008883484599628299,
    0.011763751712807568,
    0.006201195935470222,
    0.024012869945796114,
    0.014963338905053273,
    0.009279441497670682,
    0.13127248450421258,
    0.054565415110872886,
    0.08214189713905046,
    0.021215626053174126,
    0.014043697077341932,
    0.015716934291650067,
    0.11981528006730878,
    0.02297827288962086,
    0.003780749736146623,
    0.00564557899789462,
    0.03508050388623886,
    0.013456148131859687,
    0.005715829415289236,
    0.01431192594375774,
    0.02396177873314549,
    0.030871865244143197,
    0.052681426644380906,
    0.3151050540227609,
    0.05476977996147541,
    0.01458015481017355,
    0.01411394749473655,
    0.31788952511222013,
    0.013424216123953045,
    0.006130945518075605,
    0.009451874340366559,
    0.004662073154369992,
    0.005038870847668389,
    0.01888458947598913,
    0.005377350131478813,
    0.004598209138556704,
    0.03683037791952294,
    0.07769696163844564,
    0.23878755512588218,
    0.0033145424207096244,
    0.01314321445437458,
    0.33566926711463946,
    0.0033847928381042403,
    0.028700488706491428,
    0.02806823494993988,
    0.010077741695336775,
    0.02285693125957562,
    0.06934354837006762,
    0.05629612993941298,
    0.21764217949010264,
    0.025143263025691313,
    0.005562555777337347,
    0.10654433758130763,
    0.011482750043229102,
    0.003921250570935855,
    0.0012389619067777787,
    0.0934330551348397,
    0.4933112037481584,
    0.028100166957846524,
    0.19321419344152016,
    0.009681784797294393,
    0.00985421763999027,
    0.15263499779375725,
    0.007408225834341356,
    0.013366738509721086,
    0.03628114738352866,
    0.007408225834341356,
    0.052438743384290415,
    0.009087849450230818,
    0.23796370932189084,
    0.17099590234007742,
    0.05782247991735056,
    0.009598761576737119,
    0.10244426776609457,
    0.20451173783889076,
    0.09423774173408711,
    0.05725409017661229,
    0.008864325394884312,
    0.00924112308818271,
    0.292516351629601,
    0.02649079375935168,
    0.0242300075995613,
    0.006884540904672398,
    0.01457376840859222,
    0.012874985587958772,
    0.006443879195560715,
    0.049188064979394076,
    0.009841444836827612,
    0.007829728338709055,
    0.013571103360323607,
    0.03310071939602694,
    0.12141188046264097,
    0.008972894221766902,
    0.01955516164202865,
    0.04355525878466211,
    0.15077016853200928,
    0.049462680247391214,
    0.009183645473950751,
    0.2972486752013656,
    0.0034486568539175283,
    0.006015990289611688,
    0.05881875856403785,
    0.012121390201361978,
    0.007216633786901494,
    0.0495712490742738,
    0.013436988927115702,
    0.10722129614892849,
    0.004674845957532649,
    0.016393892859270915,
    0.002062807710769188,
    0.023022977700690162,
    0.33682520580085995,
    0.14042419797025668,
    0.23996903941842798,
    0.034314135696479404,
    0.014337471550083056,
    0.012836667178470798,
    0.004527958721162088,
    0.0060734679038436466,
    0.04906672334934883
  ],