{
  "hour": 23,
  "dispatch": 2,
  "load": 0.6409465763229764,
  "wind": 0.21301008407638802,
  "solar": 0.0004196920986081464,
  "gen": [
    47,
    1,
    2,
    3,
    4,
    5,
    6,
    7,
    8,
    9,
    10,
    11,
    12,
    13,
    14,
    15,
    16,
    17,
    18,
    19,
    20,
    21,
    22,
    23,
    24,
    25,
    26,
    27,
    28,
    29,
    30,
    31,
    32,
    33,
    34,
    35,
    36,
    37,
    38,
    39,
    40,
    41,
    42,
    43,
    44,
    45,
    46,
    48,
    49
  ],
  "pg": [
    3.566692988997108,
    0.04507349571299402,
    0.04507349571559835,
    0.04507349571299482,
    0.045073495715598356,
    0.09024649570405023,
    0.1805686482715541,
    0.04676499580413758,
    0.017493240144689292,
    0.017493240144689292,
    0.017493240144689292,
    0.017493240144689292,
    0.017493240144689292,
    0.017493240144689292,
    0.0,
    0.023879995547164367,
    0.17909999553556388,
    0.17909999553096845,
    0.03183999540770199,
    0.049749995411973585,
    0.06268499541040996,
    0.17909999577206848,
    0.14111492049892552,
    0.3231448179472437,
    0.0029224983535280436,
    0.2786810929971384,
    0.00016048857973936074,
    0.00016048857973936074,
    0.00016048857973936074,
    0.000550810625286909,
    0.000550810625286909,
    0.1928848913328509,
    6.663031757502931e-06,
    9.529780606255736e-05,
    9.529780606255736e-05,
    9.529780606255736e-05,
    9.529780606255736e-05,
    1.3790699952005623,
    0.11939999535908809,
    0.25869999534025756,
    0.09352999535823091,
    0.09352999536259293,
    0.0935299953577044,
    0.09352999535840353,
    0.09352999535814462,
    0.17412499579491525,
    0.0,
    0.671624995228272,
    0.6716249952282797
  ],
  "qg": [
    -0.46669856361486084,
    0.002127226770873408,
    0.0021877698601957957,
    0.0022725939698345866,
    0.0021439711857458763,
    0.005660878905899763,
    -0.1956135373015978,
    -0.005699434353482355,
    -0.03409942250094706,
    -0.034099433303996986,
    -0.034099420346125765,
    -0.03409943846617537,
    -0.03409943824611598,
    -0.03409941862056928,
    0.0005298545909296085,
    0.0013761916832478497,
    0.007597850777838747,
    0.009880343631045313,
    -0.00359918097669369,
    -0.0054992386494425345,
    -0.006999239395223344,
    -0.021999592833063134,
    -0.08603929905508126,
    -0.18352922131433774,
    0.0002226634946293795,
    0.013986452634395762,
    0.020645800900993338,
    0.06260527973104492,
    0.09255608970614002,
    0.06430681217871055,
    0.06428476954720462,
    -0.07803953510590463,
    -0.006598187751416005,
    -0.09419812571267752,
    -0.09419693143310552,
    -0.09419811560475477,
    -0.09419811482001932,
    0.09110499965035715,
    -0.013299720046924928,
    -0.02889971604217119,
    -0.010399717296820977,
    -0.010399720145334725,
    -0.010399716526696124,
    -0.01039971732651762,
    -0.010399717282559067,
    -0.01924892878194727,
    -0.07115649504080908,
    -0.03337562648169186,
    0.01917012929306858
  ],
  "pd": [
    0.047333904661451806,
    0.01086404446867445,
    0.05093602442038693,
    0.1521414888217849,
    0.27356881770617275,
    0.0019420681262586185,
    0.016177491586391923,
    0.28687486863063777,
    0.004576358554946051,
    0.004928879171923688,
    0.0072555152439760925,
    0.029521999305436288,
    0.009043756191917196,
    0.015363489434461744,
    0.008672007177649871,
    0.014953283625615038,
    0.37870969408619376,
    0.0032880559365368687,
    0.04127055004943645,
    0.13307332817617634,
    0.022894611706256715,
    0.19104694600458957,
    0.0065697024073105076,
    0.04089880103516912,
    0.013107357485804867,
    0.245706870033413,
    0.006838899969366158,
    0.06119757910731778,
    0.013370145582097287,
    0.006088992475068275,
    0.020503880976572013,
    0.04062319400735025,
    0.009896215138426756,
    0.01167804662060463,
    0.002858621730400475,
    0.014209785597080384,
    0.004832737185475241,
    0.0035508440328292892,
    0.018068283986544705,
    0.006396646831703303,
    0.008915566876652601,
    0.011806235935869224,
    0.006223591256096101,
    0.024099591269743904,
    0.015017378283247335,
    0.009312953753972847,
    0.1317465687631878,
    0.0547624754810351,
    0.08243854864666122,
    0.021292245265449275,
    0.01409441521334225,
    0.015773695243308447,
    0.12024798718395359,
    0.02306125781610069,
    0.00379440373183202,
    0.005665967734695111,
    0.035207195437421096,
    0.01350474436312511,
    0.005736471858090638,
    0.0143636127753979,
    0.024048315543638073,
    0.03098335749945267,
    0.052871683080882324,
    0.3162430407577566,
    0.05496757838545845,
    0.01463281033745355,
    0.014164919336737778,
    0.3190375678305247,
    0.013472697034308964,
    0.0061530871327005725,
    0.00948600932958005,
    0.004678910007157727,
    0.005057068487188284,
    0.01895279026187041,
    0.005396770172639461,
    0.00461481534952543,
    0.03696338905654605,
    0.0779775604754533,
    0.23964992488716086,
    0.003326512731116247,
    0.013190680540726854,
    0.3368815205153564,
    0.003397016854511775,
    0.028804139139954558,
    0.02816960202939481,
    0.010114136974376567,
    0.022939477966599325,
    0.06959397925714877,
    0.056499440702870364,
    0.2184281837451071,
    0.025234066709835582,
    0.005582644679773124,
    0.10692911732796215,
    0.011524219442287115,
    0.003935411978623075,
    0.0012434363580665741,
    0.09377048411605145,
    0.49509277341491986,
    0.02820164935821096,
    0.19391197720075326,
    0.009716750097056321,
    0.009889805672663525,
    0.15318623174119134,
    0.007434980285346525,
    0.013415011842439895,
    0.036412175000908285,
    0.007434980285346525,
    0.05262812338187959,
    0.009120669781075954,
    0.23882310380370428,
    0.1716134458104769,
    0.05803130302028228,
    0.009633427042134334,
    0.10281424030796864,
    0.20525032213590672,
    0.09457807680221839,
    0.057460860567354825,
    0.008896338479362912,
    0.009274496959393468,
    0.29357276035321284,
    0.02658646398587706,
    0.024317513105693724,
    0.006909404092761685,
    0.01462640087169032,
    0.012921482978671205,
    0.006467150955098831,
    0.049365705308395645,
    0.009876986741137066,
    0.00785800502571969,
    0.01362011474686325,
    0.03322026105081986,
    0.12185035362476104,
    0.009005299397337818,
    0.01962578416700954,
    0.043712556505226985,
    0.15131466773832827,
    0.04964131233621452,
    0.0092168117675244,
    0.29832217448376613,
    0.0034611115121440726,
    0.006037716748962437,
    0.05903117967934613,
    0.01216516601861009,
    0.007242696312449632,
    0.049750273254189424,
    0.013485515965835422,
    0.10760852069886451,
    0.004691728938684187,
    0.016453098614210803,
    0.0020702574415232136,
    0.0231061240764433,
    0.338041633818501,
    0.14093133320189605,
    0.24083567605335834,
    0.03443805954583352,
    0.01438925063845082,
    0.012883026184091824,
    0.004544311226129903,
    0.006095401940831505,
    0.04924392545889427
  ],