{
  "hour": 2,
  "dispatch": 1,
  "load": 0.6719058808879816,
  "wind": 0.2684199360904067,
  "solar": 0.00042073357623548084,
  "gen": [
    47,
    1,
    2,
    3,
    4,
    5,
    6,
    7,
    8,
    9,
    10,
    11,
    12,
    13,
    14,
    15,
    16,
    17,
    18,
    19,
    20,
    21,
    22,
    23,
    24,
    25,
    26,
    27,
    28,
    29,
    30,
    31,
    32,
    33,
    34,
    35,
    36,
    37,
    38,
    39,
    40,
    41,
    42,
    43,
    44,
    45,
    46,
    48,
    49
  ],
  "pg": [
    3.7111797506217,
    0.04507349510749788,
    0.04507349511046435,
    0.045073495107498855,
    0.0450734951104643,
    0.09024649509731039,
    0.22753957982383774,
    0.046764995217939746,
    0.022043718831488562,
    0.022043718831488562,
    0.022043718831488562,
    0.022043718831488562,
    0.022043718831488562,
    0.022043718831488562,
    0.0,
    0.023879994933206514,
    0.1790999949200499,
    0.17909999491484047,
    0.03183999476416323,
    0.049749994769182605,
    0.06268499476740991,
    0.1790999951815403,
    0.17782283926117262,
    0.4072037798465906,
    0.0036827215231603804,
    0.35117380238707907,
    0.00016088683661814293,
    0.00016088683661814293,
    0.00016088683661814293,
    0.0005521774771886648,
    0.0005521774771886648,
    0.24305962052858512,
    6.679566256314494e-06,
    9.553429022148568e-05,
    9.553429022148568e-05,
    9.553429022148568e-05,
    9.553429022148568e-05,
    1.3790699945413214,
    0.11939999471002992,
    0.25869999468868066,
    0.09352999470908192,
    0.09352999471402779,
    0.09352999470849661,
    0.09352999470928056,
    0.09352999470898263,
    0.1741249952157925,
    0.0,
    0.6716249945598421,
    0.6716249945598505
  ],
  "qg": [
    -0.4666981928602866,
    0.0025711331546447096,
    0.0027430476918780884,
    0.0027162514951828485,
    0.002699284800073173,
    0.006223792087096973,
    -0.19219035415802202,
    -0.005699332040759837,
    -0.034099317346992196,
    -0.03409933097748111,
    -0.034099314829315795,
    -0.03409933733728362,
    -0.03409933708084375,
    -0.034099312818206974,
    0.0007268158691931532,
    0.0014682326349104275,
    0.008472367283744515,
    0.010569928507335447,
    -0.003599000069205286,
    -0.005499078822371123,
    -0.006999080068595591,
    -0.021999523965666765,
    -0.07391402067944337,
    -0.15617720429501444,
    0.0007492199182626457,
    0.041831978271155555,
    0.023581739222325107,
    0.07152542434847495,
    0.10572802082887833,
    0.08541417410278176,
    0.0853752778885198,
    -0.06677131416653369,
    -0.006597149489774218,
    -0.0941970376966676,
    -0.09419345477202457,
    -0.09419702357170497,
    -0.09419702250972821,
    0.1026578937505492,
    -0.013299683814981809,
    -0.028899679403179165,
    -0.010399680741990113,
    -0.010399683921694375,
    -0.010399679887467626,
    -0.010399680776055806,
    -0.01039968072562476,
    -0.01650792136869179,
    -0.060173255828375176,
    -0.02890596185018111,
    0.02344027652396664
  ],
  "pd": [
    0.049620249303577446,
    0.011388804681051289,
    0.0533963603541679,
    0.1594902989463802,
    0.2867828680806083,
    0.0020358748190905844,
    0.016958904433612657,
    0.3007316341678428,
    0.0047974079895401886,
    0.005166956224028579,
    0.007605974571651952,
    0.030947984873700433,
    0.00948059197932942,
    0.01610558396488492,
    0.009090886568414391,
    0.015675564201116612,
    0.3970023087814728,
    0.003446877168955346,
    0.043264019670377137,
    0.13950109898996274,
    0.024000478065318704,
    0.20027498591628068,
    0.0068870352791018125,
    0.042874314259462115,
    0.013740475264159224,
    0.2575751194384078,
    0.007169235749074764,
    0.06415357350718448,
    0.014015956675323297,
    0.006383105868435826,
    0.02149426912960653,
    0.04258539473068028,
    0.010374226800910437,
    0.012242125149779026,
    0.0029967002287603984,
    0.014896153379286552,
    0.005066170341895382,
    0.003722358580119419,
    0.018941026782232202,
    0.006705620691262056,
    0.009346210803151825,
    0.012376506325956622,
    0.006524206103422301,
    0.0252636611213881,
    0.01574275478920541,
    0.009762792449302372,
    0.13811025381652464,
    0.057407638463069156,
    0.0864205343998122,
    0.02232071336309875,
    0.014775210320726716,
    0.016535603728653227,
    0.12605626231339423,
    0.024175173594349578,
    0.003977682814856851,
    0.005939647987049758,
    0.036907790037176834,
    0.014157056910309771,
    0.0060135576339474354,
    0.015057410790699667,
    0.02520990865091707,
    0.03247993028212502,
    0.05542551611444961,
    0.3315183616301302,
    0.05762264834495331,
    0.01533961126067262,
    0.014849119967624395,
    0.3344478712708017,
    0.014123461616265374,
    0.006450296456524623,
    0.009944207037142128,
    0.004904912930482266,
    0.005301337400206176,
    0.019868256897857615,
    0.005657447517076805,
    0.004837722342393468,
    0.03874881215080991,
    0.08174406946883185,
    0.25122560886401635,
    0.0034871915218086247,
    0.013827823028674663,
    0.3531537309947232,
    0.0035611011687063025,
    0.030195450287105897,
    0.029530263465026796,
    0.01060267480041235,
    0.024047511476980865,
    0.07295554054681705,
    0.05922850340027558,
    0.22897880514781524,
    0.02645293453055984,
    0.00585230022253432,
    0.11209405810854198,
    0.01208086773836591,
    0.004125502108652207,
    0.0013034974089226844,
    0.09829983037391173,
    0.5190069786331125,
    0.02956385875907119,
    0.20327840520384996,
    0.010186093154261801,
    0.010367507742101557,
    0.1605855055322276,
    0.007794108218300587,
    0.014062990086985456,
    0.038170973093246234,
    0.007794108218300587,
    0.05517019187971217,
    0.009561220685035978,
    0.2503588502776709,
    0.17990279960775707,
    0.06083435845559786,
    0.010098745389746365,
    0.10778042235324113,
    0.21516442023675836,
    0.09914643178383056,
    0.06023636222160755,
    0.009326053626725185,
    0.009722478096449095,
    0.30775305062312225,
    0.02787065593923348,
    0.025492109120890026,
    0.007243145395972442,
    0.015332892201863742,
    0.01354562255870171,
    0.006779530338159735,
    0.05175019094599235,
    0.010354069624483797,
    0.008237566099686655,
    0.01427799996886961,
    0.03482488180642409,
    0.12773602701561418,
    0.009440277626476142,
    0.020573758072789997,
    0.04582398107656035,
    0.1586235403600347,
    0.052039110474774185,
    0.009662006567169177,
    0.31273187320050216,
    0.003628291756795101,
    0.006329353397964786,
    0.06188253162978312,
    0.012752773619253891,
    0.007592536454034192,
    0.05215333447452513,
    0.014136899733883133,
    0.11280627834228324,
    0.004918351048100025,
    0.01724782396239449,
    0.0021702559952681806,
    0.02422220700601174,
    0.35436988063913044,
    0.1477386650896494,
    0.2524686347436591,
    0.03610150298011126,
    0.015084287025935188,
    0.013505308205848431,
    0.0047638126954957895,
    0.006389824927244705,
    0.05162252882862363
  ],