{
  "hour": 6,
  "dispatch": 1,
  "load": 0.701421804712948,
  "wind": 0.8530344998190523,
  "solar": 0.0004554495444133014,
  "gen": [
    47,
    1,
    2,
    3,
    4,
    5,
    6,
    7,
    8,
    9,
    10,
    11,
    12,
    13,
    14,
    15,
    16,
    17,
    18,
    19,
    20,
    21,
    22,
    23,
    24,
    25,
    26,
    27,
    28,
    29,
    30,
    31,
    32,
    33,
    34,
    35,
    36,
    37,
    38,
    39,
    40,
    41,
    42,
    43,
    44,
    45,
    46,
    48,
    49
  ],
  "pg": [
    0.7805154402057126,
    0.04507349560265241,
    0.04507349560528257,
    0.045073495602653404,
    0.04507349560528234,
    0.09024649559353329,
    0.7231173454966106,
    0.04676499576485706,
    0.07005460526313986,
    0.07005460526313986,
    0.07005460526313986,
    0.07005460526313986,
    0.07005460526313986,
    0.07005460526313986,
    0.0,
    0.023879995500783055,
    0.17909999548873176,
    0.17909999548408614,
    0.03183999540585496,
    0.049749995409637204,
    0.06268499540803567,
    0.17909999574616609,
    0.5651182954401257,
    1.2940874576054953,
    0.0117036333375174,
    1.1160250361132662,
    0.0001741620839854688,
    0.0001741620839854688,
    0.0001741620839854688,
    0.0005977392692807273,
    0.0005977392692807273,
    0.7724398002761483,
    7.230716967105572e-06,
    0.0001034171062517507,
    0.0001034171062517507,
    0.0001034171062517507,
    0.0001034171062517507,
    1.3790699951874565,
    0.11939999533657927,
    0.2586999953172121,
    0.09352999533566736,
    0.09352999534012688,
    0.09352999533510227,
    0.09352999533583717,
    0.09352999533558246,
    0.17412499579294013,
    0.0,
    0.6716249951709163,
    0.671624995170922
  ],
  "qg": [
    -0.4666990293982345,
    0.004766943359790843,
    0.005496456263225505,
    0.0049097277692674345,
    0.005453204855146107,
    0.008976600357645905,
    -0.09916417749957246,
    -0.005699393612912405,
    -0.03409937816912777,
    -0.034099391943797505,
    -0.034099376144007154,
    -0.034099397963121385,
    -0.03409939774423457,
    -0.034099374552732896,
    0.0009070141252143552,
    0.0015501284731257098,
    0.009268669027072848,
    0.011195195109847239,
    -0.0035993371507051764,
    -0.005499372177128179,
    -0.006999372522641069,
    -0.021999569963153068,
    -0.09302737241868905,
    -0.16621399810982385,
    0.000159838789019114,
    0.07334251611614903,
    0.025840773378914824,
    0.07839184051382714,
    0.11586499404411253,
    0.09758867662523216,
    0.09753796812683418,
    -0.007287891021468389,
    -0.00659808019716608,
    -0.09419802042154733,
    -0.09419654911103854,
    -0.09419800900088017,
    -0.09419800811751591,
    0.09991603770498533,
    -0.013299712865680118,
    -0.028899708493082342,
    -0.010399709926731882,
    -0.010399712959613111,
    -0.01039970909165231,
    -0.010399709954907396,
    -0.01039970991324753,
    -0.01715084439070692,
    -0.0623315925644056,
    -0.02374156387603438,
    0.028249810251764138
  ],
  "pd": [
    0.05180000027805121,
    0.01188909958988447,
    0.055741990820537976,
    0.16649649378471246,
    0.29938085468758047,
    0.0021253080682802324,
    0.017703886350954805,
    0.31394237135342123,
    0.0050081516856504485,
    0.00539393367824257,
    0.00794009482935057,
    0.03230748832507838,
    0.009897061664499695,
    0.016813080658969366,
    0.009490237017766186,
    0.016364170703953077,
    0.4144420875326924,
    0.0035982938581774235,
    0.04516455000546672,
    0.14562919509450226,
    0.025054786864346503,
    0.20907279733078843,
    0.0071895734983077175,
    0.044757725358733215,
    0.014344075906379787,
    0.26889004883670864,
    0.007484170656287156,
    0.06697175391399228,
    0.014631658846312096,
    0.006663507144773006,
    0.022438483532767204,
    0.04445611398270665,
    0.010829952664767918,
    0.012779905281869912,
    0.0031283412490197486,
    0.015550521410486056,
    0.005288720407535628,
    0.0038858767981097323,
    0.019773080674858005,
    0.007000189611035221,
    0.009756777303557108,
    0.012920189642812501,
    0.006810805723762725,
    0.026373459857206835,
    0.01643431288442437,
    0.010191658822479134,
    0.14417725195874648,
    0.05992947899467428,
    0.09021687252217939,
    0.023301232352564132,
    0.015424265485637726,
    0.017261990613985652,
    0.13159374478219618,
    0.025237156533571867,
    0.004152417083900652,
    0.006200568753662461,
    0.03852909973288224,
    0.014778957425301813,
    0.006277725152180885,
    0.015718862643617163,
    0.026317346112829806,
    0.0339067300398239,
    0.05786028467077109,
    0.3460815184453686,
    0.060153933972182425,
    0.016013459801596602,
    0.015501421884156152,
    0.349139717513917,
    0.014743886335066167,
    0.006733649325244301,
    0.01038104270975163,
    0.005120379174404521,
    0.005534218039185161,
    0.020741042765361872,
    0.005905971595683022,
    0.005050236993933225,
    0.04045099547779572,
    0.08533497676137726,
    0.26226161278217125,
    0.0036403791664602002,
    0.01443526074099247,
    0.36866730055712554,
    0.0037175355649786243,
    0.03152189590379988,
    0.030827488317134066,
    0.011068436078370318,
    0.02510388639067641,
    0.07616037955573189,
    0.06183033208544636,
    0.23903753682812554,
    0.027614976451548767,
    0.006109383919049778,
    0.11701819968026113,
    0.012611564048738805,
    0.0043067298809375005,
    0.0013607583011431192,
    0.1026180100295043,
    0.5418062588324696,
    0.030862559407369712,
    0.21220815279785527,
    0.010633554559448291,
    0.010822938446720788,
    0.16763981132639458,
    0.008136492934670196,
    0.014680758372642003,
    0.039847772725742574,
    0.008136492934670196,
    0.05759374438498016,
    0.00998123228106525,
    0.2613567786540916,
    0.18780568821189184,
    0.06350673019871032,
    0.01054236972483561,
    0.11251507169400399,
    0.22461630452322737,
    0.10350180150344261,
    0.06288246479251579,
    0.009735734649415718,
    0.010149573514196358,
    0.32127222921267157,
    0.029094976459493088,
    0.02661194327080925,
    0.007561327054805579,
    0.016006445583549474,
    0.014140663583013033,
    0.007077346009553645,
    0.05402350739899126,
    0.010808910010626529,
    0.008599431325780742,
    0.014905213350150147,
    0.036354692138272096,
    0.13334729929397854,
    0.00985497635621692,
    0.02147753566031047,
    0.04783696708142305,
    0.16559165965663278,
    0.054325118775017826,
    0.010086445551772193,
    0.32646976478559453,
    0.0037876777454499194,
    0.00660739340039597,
    0.06460094821406252,
    0.013312985853451753,
    0.007926066393256312,
    0.05444436048181902,
    0.014757914771160426,
    0.11776170679325686,
    0.00513440761049878,
    0.018005497726981373,
    0.002265592429222822,
    0.025286256059901775,
    0.36993687402365594,
    0.154228626420283,
    0.2635592431208902,
    0.037687393567226696,
    0.015746919515805684,
    0.014098578274730255,
    0.004973080595414801,
    0.0066705213628201355,
    0.05389023725609579
  ],