{
  "hour": 7,
  "dispatch": 0,
  "load": 0.7075967563886967,
  "wind": 0.9268856685137694,
  "solar": 0.002292199282370494,
  "gen": [
    47,
    1,
    2,
    3,
    4,
    5,
    6,
    7,
    8,
    9,
    10,
    11,
    12,
    13,
    14,
    15,
    16,
    17,
    18,
    19,
    20,
    21,
    22,
    23,
    24,
    25,
    26,
    27,
    28,
    29,
    30,
    31,
    32,
    33,
    34,
    35,
    36,
    37,
    38,
    39,
    40,
    41,
    42,
    43,
    44,
    45,
    46,
    48,
    49
  ],
  "pg": [
    0.442262827409977,
    0.04507349568903697,
    0.045073495691610205,
    0.045073495689038075,
    0.04507349569160994,
    0.09024649568010452,
    0.7857209811991223,
    0.04676499585554338,
    0.0761195586410248,
    0.0761195586410248,
    0.0761195586410248,
    0.0761195586410248,
    0.0761195586410248,
    0.0761195586410248,
    0.0,
    0.023879995595906617,
    0.17909999558406134,
    0.17909999557951642,
    0.03183999550912917,
    0.04974999551280213,
    0.06268499551123365,
    0.1790999958388734,
    0.614043217677002,
    1.406122634562129,
    0.012716871372008916,
    1.2126445201165645,
    0.0008765278367813474,
    0.0008765278367813474,
    0.0008765278367813474,
    0.0030083190133715545,
    0.0030083190133715545,
    0.8393135105525886,
    3.6390955806913965e-05,
    0.0005204805222507387,
    0.0005204805222507387,
    0.0005204805222507387,
    0.0005204805222507387,
    1.3790699952937395,
    0.11939999543890632,
    0.2586999954200138,
    0.09352999543804341,
    0.09352999544238698,
    0.09352999543750257,
    0.09352999543821118,
    0.09352999543795953,
    0.17412499588700642,
    0.0,
    0.6716249952729935,
    0.6716249952729989
  ],
  "qg": [
    -0.46669906048344617,
    0.005225632961479988,
    0.006070862660596268,
    0.005368213595955202,
    0.006027630331976928,
    0.009556605681763999,
    -0.08343037515423418,
    -0.005699405424460654,
    -0.03409938989958347,
    -0.03409940363819679,
    -0.034099387967530995,
    -0.03409940957237826,
    -0.03409940936073673,
    -0.03409938645553173,
    0.0009420948590348887,
    0.0015652592542085484,
    0.009419671850412962,
    0.01131075047352574,
    -0.003599358190927971,
    -0.0054993915685293045,
    -0.00699939187542396,
    -0.02199957770005153,
    -0.08782272713372696,
    -0.14885452434611757,
    0.00023863228855328865,
    0.08903550760557807,
    0.026366375618569027,
    0.07998918716027285,
    0.11822287250562984,
    0.10130612929921994,
    0.10125150414893466,
    0.007930599162145448,
    -0.0065980899052680815,
    -0.09419802270376104,
    -0.0941964893233013,
    -0.094198011387303,
    -0.09419801051209888,
    0.10124693823889111,
    -0.013299721931196527,
    -0.02889971779258468,
    -0.010399719129115465,
    -0.010399722025243759,
    -0.010399718337049908,
    -0.010399719157240448,
    -0.010399719115636523,
    -0.016760385023796762,
    -0.06095272504479468,
    -0.022159521480314425,
    0.029743729344719895
  ],
  "pd": [
    0.05225602045930525,
    0.01199376502078841,
    0.05623271423020972,
    0.16796224206398494,
    0.3020164475618235,
    0.002144018171857751,
    0.017859742131250703,
    0.31670615622445286,
    0.005052240840615294,
    0.005441419056629078,
    0.008009995282320046,
    0.032591906599263365,
    0.00998419023264451,
    0.01696109425063706,
    0.009573784113939067,
    0.016508232326548293,
    0.4180906194798253,
    0.003629971360274014,
    0.04556215514386818,
    0.14691123856142121,
    0.025275356138204245,
    0.21091336517677883,
    0.007252866752984141,
    0.04515174902516274,
    0.014470353668148847,
    0.2712572165616069,
    0.007550057390667394,
    0.06756133829999275,
    0.014760468338268213,
    0.0067221691856926185,
    0.022636020236874405,
    0.044847482419915596,
    0.010925293918641478,
    0.012892412901402054,
    0.0031558815334935876,
    0.015687420089137403,
    0.005335279543170773,
    0.00392008603039338,
    0.01994715256259736,
    0.007061815628759192,
    0.00984267088136677,
    0.013033932252679792,
    0.006870764504534245,
    0.026605638040214985,
    0.016578992002187164,
    0.010281380870327763,
    0.1454465132756966,
    0.06045706686585024,
    0.09101109480671418,
    0.023506364247232504,
    0.01556005267298744,
    0.017413956174725825,
    0.1327522274660834,
    0.025459331294865304,
    0.004188972797821084,
    0.006255155326476079,
    0.038868289828431116,
    0.014909063657109837,
    0.006332990969678835,
    0.01585724331067069,
    0.0265490302997039,
    0.03420522720382959,
    0.05836965643450359,
    0.34912823960218303,
    0.06068349782789463,
    0.016154433948353943,
    0.015637888316190198,
    0.3522133614600376,
    0.014873683819290405,
    0.006792928861331487,
    0.010472431994552712,
    0.0051654563216374854,
    0.005582938407906818,
    0.02092363608641376,
    0.005957964688792826,
    0.005094696645998616,
    0.040807104940936145,
    0.08608622138224883,
    0.2645704272137337,
    0.0036724271656573357,
    0.014562341246479378,
    0.371912855157899,
    0.0037502628088600925,
    0.03179939823210803,
    0.03109887744328322,
    0.011165876815813634,
    0.025324887911151457,
    0.07683085580868468,
    0.06237465407566361,
    0.24114189860970392,
    0.02785808429902299,
    0.006163167748145549,
    0.11804836686832627,
    0.012722589679868767,
    0.004344644084226597,
    0.0013727377073940717,
    0.10352140545966633,
    0.5465760385048849,
    0.031134257281102654,
    0.21407632267783627,
    0.010727166826852642,
    0.010918217951077589,
    0.1691156247768985,
    0.008208122374108881,
    0.014810000111215423,
    0.040198571730441855,
    0.008208122374108881,
    0.058100769667075884,
    0.010069101843411154,
    0.26365762739799237,
    0.18945903152307353,
    0.0640658103234326,
    0.01063517924852211,
    0.11350559569231083,
    0.22659370929835235,
    0.10441297737271608,
    0.06343604921024665,
    0.00982144297867511,
    0.010238925064944442,
    0.3241005423287147,
    0.02935111345500314,
    0.026846220937387155,
    0.00762789303387015,
    0.016147357980790058,
    0.014265150608796125,
    0.00713965127196195,
    0.054499102177057425,
    0.010904066015949817,
    0.008675136233325421,
    0.015036431073259806,
    0.03667473988362615,
    0.13452121935705513,
    0.009941734427261189,
    0.021666612680621894,
    0.04825809878570911,
    0.16704944224824353,
    0.05480336878230456,
    0.010175241356869459,
    0.329343834293555,
    0.003821022484498962,
    0.006665561445181522,
    0.06516966126339897,
    0.013430186436257463,
    0.007995843347192272,
    0.05492366023089063,
    0.014887835754418178,
    0.11879841943009829,
    0.00517960825676526,
    0.018164008736497844,
    0.00228553752313549,
    0.025508863067812516,
    0.37319360528696255,
    0.15558637479474663,
    0.26587948121305277,
    0.038019173720764673,
    0.015885547180926243,
    0.014222694803412803,
    0.005016861002795859,
    0.006729245153256505,
    0.05436465879334356
  ],