{
  "hour": 0,
  "dispatch": 0,
  "load": 0.7293192364976486,
  "wind": 0.7292793481434837,
  "solar": 0.00046356358191132734,
  "gen": [
    47,
    1,
    2,
    3,
    4,
    5,
    6,
    7,
    8,
    9,
    10,
    11,
    12,
    13,
    14,
    15,
    16,
    17,
    18,
    19,
    20,
    21,
    22,
    23,
    24,
    25,
    26,
    27,
    28,
    29,
    30,
    31,
    32,
    33,
    34,
    35,
    36,
    37,
    38,
    39,
    40,
    41,
    42,
    43,
    44,
    45,
    46,
    48,
    49
  ],
  "pg": [
    1.9073557051998717,
    0.0450734968214723,
    0.04507349682337728,
    0.04507349682147261,
    0.04507349682337722,
    0.09024649681487779,
    0.6182101034212311,
    0.046764996928920735,
    0.05989133718693546,
    0.05989133718693546,
    0.05989133718693546,
    0.05989133718693546,
    0.05989133718693546,
    0.05989133718693546,
    0.0,
    0.023879996746685284,
    0.17909999673805296,
    0.17909999673470872,
    0.03183999665695995,
    0.04974999665988102,
    0.06268499665872718,
    0.17909999691227838,
    0.483132982558095,
    1.1063459423075905,
    0.010005712656528599,
    0.9541161711761197,
    0.00017726485946856392,
    0.00017726485946856392,
    0.00017726485946856392,
    0.0006083882619177365,
    0.0006083882619177365,
    0.6603770353308874,
    7.359535426424232e-06,
    0.00010525952829027745,
    0.00010525952829027745,
    0.00010525952829027745,
    0.00010525952829027745,
    1.3790699965136612,
    0.11939999661281146,
    0.25869999659887105,
    0.09352999661216142,
    0.09352999661537999,
    0.09352999661176038,
    0.09352999661228567,
    0.0935299966120993,
    0.17412499694864964,
    0.0,
    0.6716249964994119,
    0.6716249964994137
  ],
  "qg": [
    -0.46669919614402816,
    0.004537977412641848,
    0.005208210263399379,
    0.004681532404633582,
    0.005164733668564295,
    0.008697978518369287,
    -0.12544951432172072,
    -0.005699547225504306,
    -0.034099535083578804,
    -0.034099545559884266,
    -0.03409953350747501,
    -0.0340995501698206,
    -0.03409955000162665,
    -0.03409953226003684,
    0.0010986238605681406,
    0.0016402682611541567,
    0.010128289357684032,
    0.0118799137125049,
    -0.0035994677570183324,
    -0.005499498856666101,
    -0.00699949908866264,
    -0.021999682433072862,
    -0.08255396063529431,
    -0.1530473543910059,
    0.0008037906742840322,
    0.08642841979090714,
    0.028740979299290193,
    0.08721143576518933,
    0.12888167032266132,
    0.11941674475233173,
    0.11934069737386377,
    -0.01746622431867638,
    -0.006598258466922966,
    -0.09419814480480149,
    -0.09419579013253682,
    -0.09419813423624333,
    -0.09419813342685357,
    0.11311901154387012,
    -0.013299792892381802,
    -0.02889978980241132,
    -0.010399790824433368,
    -0.010399792972086428,
    -0.010399790238365998,
    -0.010399790845913883,
    -0.010399790814120357,
    -0.01333153622004043,
    -0.050726444022273,
    -0.02148404793339048,
    0.030460388812545446
  ],
  "pd": [
    0.05386022561535135,
    0.012361961058635145,
    0.057958999724468135,
    0.17311850716744684,
    0.3112880365219264,
    0.0022098372865878755,
    0.01840801752920065,
    0.32642870387161754,
    0.005207339348593211,
    0.005608464928666918,
    0.008255893757153382,
    0.033592444033081696,
    0.010290694426981821,
    0.01748178209884864,
    0.009867689269813186,
    0.017015017787490143,
    0.4309255640770006,
    0.0037414076832329377,
    0.0469608656380836,
    0.15142125988164182,
    0.02605128312769601,
    0.21738818482285413,
    0.007475522174100899,
    0.04653786048091496,
    0.014914578386376914,
    0.2795845293113736,
    0.007781836253429911,
    0.06963540070079549,
    0.01521359927334095,
    0.006928532746727662,
    0.023330922375559778,
    0.046224253209220974,
    0.011260689011523696,
    0.013288196488987158,
    0.003252763794779513,
    0.01616900747315287,
    0.005499067043192271,
    0.004040428570196974,
    0.020559509276868716,
    0.007278605980246533,
    0.010144830579682292,
    0.013434060336286687,
    0.007081689786392168,
    0.02742240329231158,
    0.017087949711139905,
    0.010597008506310835,
    0.1499115690620917,
    0.0623130355663591,
    0.09380504019832757,
    0.024227985036451887,
    0.01603773001058329,
    0.01794854641020713,
    0.13682758195932385,
    0.026240906129185396,
    0.00431756988006608,
    0.006447182050639214,
    0.040061505660815844,
    0.015366756313005455,
    0.006527407166653955,
    0.016344044089912305,
    0.027364057753391773,
    0.03525529189229633,
    0.06016154381869104,
    0.3598461112879399,
    0.06254641772203835,
    0.01665035816924132,
    0.016117955126598037,
    0.36302594315906955,
    0.015330290351180574,
    0.007001464670377426,
    0.0107939247001652,
    0.005324030426432835,
    0.005754328775966449,
    0.02156596982323547,
    0.006140867971310202,
    0.00525109850278307,
    0.04205984036881941,
    0.08872897831230393,
    0.27269246252647084,
    0.0037851668374227964,
    0.01500938988712161,
    0.38333019070316415,
    0.003865391953437538,
    0.03277560648820433,
    0.03205358044407166,
    0.011508657551932894,
    0.026102335474250848,
    0.07918948269891468,
    0.06428949069726772,
    0.24854470260603367,
    0.02871329834091243,
    0.00635237054989452,
    0.12167232822490273,
    0.013113159872227722,
    0.004478020112095562,
    0.0014148793188054384,
    0.106699404299606,
    0.5633553510402437,
    0.032090046405896536,
    0.2206482418099986,
    0.011056479625304353,
    0.011253395819158718,
    0.17430729752293803,
    0.008460103143372723,
    0.015264651619895786,
    0.04143262582543142,
    0.008460103143372723,
    0.05988440250882193,
    0.01037821273536154,
    0.2717516407113889,
    0.19527522557224541,
    0.06603256367249712,
    0.010961668124559659,
    0.11699009872658782,
    0.23354989910364202,
    0.10761834653759303,
    0.0653834695520142,
    0.010122951002587362,
    0.010553249352120975,
    0.334050089893018,
    0.03025216192992247,
    0.02767037183272079,
    0.007862061369444652,
    0.016643064976876343,
    0.014703075807792596,
    0.007358831096261275,
    0.0561721675950489,
    0.011238809434428766,
    0.008941453839461173,
    0.015498033775575034,
    0.03780061602767313,
    0.13865088005056797,
    0.010246935272791963,
    0.022331755021558004,
    0.04973957192913964,
    0.17217768535236488,
    0.05648577486674289,
    0.010487610620836188,
    0.3394543454354656,
    0.003938323877087303,
    0.00687018720780785,
    0.06717030168143345,
    0.013842479108725372,
    0.008241307372423429,
    0.056609759136947484,
    0.015344876735910527,
    0.12244540661559024,
    0.005338616811162788,
    0.018721624800894638,
    0.002355701133887405,
    0.026291958475740233,
    0.3846502585212249,
    0.16036271372110297,
    0.27404170311399145,
    0.03918632257701866,
    0.016373216859372212,
    0.014659316653602737,
    0.005170873386768329,
    0.006935825939092638,
    0.05603359694011434
  ],