{
  "hour": 0,
  "dispatch": 3,
  "load": 0.7437478377852421,
  "wind": 0.5716012562106191,
  "solar": 0.0004601889350897438,
  "gen": [
    47,
    1,
    2,
    3,
    4,
    5,
    6,
    7,
    8,
    9,
    10,
    11,
    12,
    13,
    14,
    15,
    16,
    17,
    18,
    19,
    20,
    21,
    22,
    23,
    24,
    25,
    26,
    27,
    28,
    29,
    30,
    31,
    32,
    33,
    34,
    35,
    36,
    37,
    38,
    39,
    40,
    41,
    42,
    43,
    44,
    45,
    46,
    48,
    49
  ],
  "pg": [
    3.0342827723049157,
    0.045073494113808815,
    0.04507349411734852,
    0.0450734941138101,
    0.04507349411734829,
    0.09024649410161238,
    0.4845463848897418,
    0.04676499428987992,
    0.04694218156504089,
    0.04694218156504089,
    0.04694218156504089,
    0.04694218156504089,
    0.04694218156504089,
    0.04694218156504089,
    0.0,
    0.023879993964132876,
    0.1790999939483963,
    0.17909999394222217,
    0.031839993762378206,
    0.04974999376829389,
    0.06268499376617807,
    0.17909999425276665,
    0.3786744002144109,
    0.8671419697217576,
    0.007842369235209694,
    0.7478259235003528,
    0.00017597440802257766,
    0.00017597440802257766,
    0.00017597440802257766,
    0.0006039593214347412,
    0.0006039593214347412,
    0.5175963695238398,
    7.305959533484772e-06,
    0.00010449326073508777,
    0.00010449326073508777,
    0.00010449326073508777,
    0.00010449326073508777,
    1.3790699935184378,
    0.11939999369139175,
    0.2586999936658422,
    0.09352999369025643,
    0.09352999369616795,
    0.09352999368955332,
    0.09352999369049296,
    0.09352999369013816,
    0.17412499432065434,
    0.0,
    0.6716249934947526,
    0.6716249934947613
  ],
  "qg": [
    -0.4666980774680003,
    0.0041303441131623,
    0.004695707498274249,
    0.004274338313169797,
    0.004652152008008603,
    0.008191420250569292,
    -0.1554303140909523,
    -0.005699129589167929,
    -0.03409910726863529,
    -0.0340991285462965,
    -0.03409910420140264,
    -0.0340991378020982,
    -0.03409913748580205,
    -0.034099101779826745,
    0.001195780030739771,
    0.0016875511266249569,
    0.010559947741438433,
    0.012220284712929807,
    -0.003598830610165659,
    -0.00549892267195003,
    -0.006998924425876385,
    -0.021999397532750344,
    -0.06559393978044459,
    -0.12628861457608007,
    0.0014362205437560404,
    0.09916797044735955,
    0.03037341883078952,
    0.09217659201652455,
    0.13620808177313767,
    0.13299238653586448,
    0.1328985413364132,
    -0.028743443776656653,
    -0.006591694943812939,
    -0.09419075527206942,
    -0.09415346000512988,
    -0.09419072346002806,
    -0.09419072125421542,
    0.12313326079759544,
    -0.013299622389678623,
    -0.028899617091458517,
    -0.010399618679343796,
    -0.010399622504286457,
    -0.010399617647794906,
    -0.010399618719072664,
    -0.010399618660286653,
    -0.009480985424008135,
    -0.04137447433991301,
    -0.019646901855107778,
    0.0322609253260977
  ],
  "pd": [
    0.05492577782044013,
    0.012606525850459854,
    0.05910564066879319,
    0.17654342425508293,
    0.31744645212349704,
    0.0022535559484892836,
    0.01877219542569951,
    0.33288665723591865,
    0.005310359561786628,
    0.005719420872568512,
    0.008419225523728941,
    0.03425702540838825,
    0.010494281991149766,
    0.017827635671712253,
    0.010062908245234327,
    0.0173516370555297,
    0.4394508474337881,
    0.003815426407838292,
    0.04788992327499174,
    0.15441692608097196,
    0.02656667276568885,
    0.22168891800864712,
    0.007623415337298732,
    0.047458549529076306,
    0.0152096432827082,
    0.2851157336149726,
    0.007935789429168534,
    0.07101304355173492,
    0.015514579896200151,
    0.0070656044589598,
    0.023792493330749894,
    0.04713873795882865,
    0.011483466615404139,
    0.013551085604447111,
    0.00331711535652218,
    0.016488889563698816,
    0.005607858696900726,
    0.0041203630213302415,
    0.020966251547165974,
    0.0074226034210967155,
    0.010345532423592717,
    0.01369983517200416,
    0.007221791504894701,
    0.027964918700725094,
    0.017426011839308222,
    0.010806656083019568,
    0.15287736805675653,
    0.06354581526037109,
    0.09566084689593785,
    0.024707303171225742,
    0.016355014952897474,
    0.018303634287894808,
    0.13953453184688927,
    0.02676004720351301,
    0.004402987199688633,
    0.006574730886021541,
    0.04085406872954336,
    0.01567076694213505,
    0.006656543148177917,
    0.016667389044767274,
    0.027905418873702282,
    0.03595277047853859,
    0.06135175913890463,
    0.36696518316323856,
    0.06378381456846237,
    0.01697976313663708,
    0.01643682721505385,
    0.3702079237359821,
    0.015633579550245788,
    0.007139979242738324,
    0.011007467999221584,
    0.005429359215832268,
    0.005868170440125561,
    0.02199262356330961,
    0.006262356794151739,
    0.005354984432053743,
    0.04289193780507492,
    0.09048436194495256,
    0.27808731654790203,
    0.0038600512781054065,
    0.015306330501620283,
    0.3909138635399233,
    0.0039418635402617835,
    0.03342402783006878,
    0.03268771747066139,
    0.01173634088025112,
    0.026618735114333818,
    0.08075614022672159,
    0.06556137190076909,
    0.2534618256388326,
    0.029281352373604984,
    0.006478043667109459,
    0.12407945177771194,
    0.013372586123378653,
    0.0045666117240013866,
    0.0014428708053033697,
    0.10881030866798093,
    0.5745005798188324,
    0.03272490486255065,
    0.22501347084354714,
    0.011275217220824271,
    0.011476029137026285,
    0.17775573323067287,
    0.008627474918308809,
    0.015566642244845118,
    0.042252314664579606,
    0.008627474918308809,
    0.06106913496054623,
    0.010583531731683995,
    0.27712788183715914,
    0.19913848356699856,
    0.06733892923307583,
    0.011178530001912188,
    0.11930459065913068,
    0.2381703700939681,
    0.10974743094359032,
    0.06667699365744695,
    0.01032321998845916,
    0.010762031212752453,
    0.3406588221407744,
    0.030850660311331844,
    0.028217792965572086,
    0.00801760169132491,
    0.016972325658259225,
    0.014993956409750481,
    0.007504415683253093,
    0.05728345846621935,
    0.011461154180270581,
    0.00911834849124707,
    0.015804641552936396,
    0.0385484504324091,
    0.1413939014413524,
    0.010449657120882652,
    0.022773558792984115,
    0.05072360253695351,
    0.17558398954433996,
    0.05760327003646701,
    0.010695093907351782,
    0.3461699936187631,
    0.004016238324040308,
    0.00700610463193698,
    0.06849917586002081,
    0.014116333961163895,
    0.008404350566973235,
    0.05772970716889049,
    0.015648454507001495,
    0.1248678244857643,
    0.005444234172587973,
    0.019092006995947163,
    0.002402305516046332,
    0.026812109552157976,
    0.39226004712631457,
    0.16353527457221903,
    0.2794632500478047,
    0.039961571324201056,
    0.016697138958278686,
    0.014949331539483366,
    0.005273172169897367,
    0.007073041937337652,
    0.05714214637704015
  ],