{
  "hour": 13,
  "dispatch": 1,
  "load": 0.9334035939630962,
  "wind": 0.1747317969239913,
  "solar": 0.9569153752913865,
  "gen": [
    47,
    1,
    2,
    3,
    4,
    5,
    6,
    7,
    8,
    9,
    10,
    11,
    12,
    13,
    14,
    15,
    16,
    17,
    18,
    19,
    20,
    21,
    22,
    23,
    24,
    25,
    26,
    27,
    28,
    29,
    30,
    31,
    32,
    33,
    34,
    35,
    36,
    37,
    38,
    39,
    40,
    41,
    42,
    43,
    44,
    45,
    46,
    48,
    49
  ],
  "pg": [
    3.591382086160912,
    0.04507349594965637,
    0.04507349595206096,
    0.04507349594965675,
    0.04507349595206085,
    0.09024649594137132,
    0.14812014425246742,
    0.04676499601385457,
    0.014349674090585861,
    0.014349674090585861,
    0.014349674090585861,
    0.014349674090585861,
    0.014349674090585861,
    0.014349674090585861,
    0.0,
    0.02387999559405277,
    0.17909999558173195,
    0.1790999955773411,
    0.031839995620736146,
    0.04974999562610296,
    0.06268499562467948,
    0.17909999598129453,
    0.11575632082620574,
    0.26507512520557175,
    0.0023973202537971605,
    0.22860160991565778,
    0.365920611849925,
    0.365920611849925,
    0.365920611849925,
    1.2558710491784202,
    1.2558710491784202,
    0.1582231367506126,
    0.01519198849812605,
    0.21728294660591396,
    0.21728294660591396,
    0.21728294660591396,
    0.21728294660591396,
    1.3790699953942542,
    0.11939999560334927,
    0.25869999558285356,
    0.0935299956015832,
    0.09352999560644058,
    0.09352999560065074,
    0.09352999560168934,
    0.09352999560153014,
    0.17412499596152986,
    0.0,
    0.6716249954443786,
    0.6716249954443806
  ],
  "qg": [
    -0.4666930850495803,
    0.006645017624336846,
    0.007839592083236303,
    0.0067899599737902445,
    0.007795468891809729,
    0.0114052227785386,
    -0.13158139023711526,
    -0.005698392471597164,
    -0.03409820395790098,
    -0.03409836329114375,
    -0.03409819771964753,
    -0.03409841546561844,
    -0.03409841496358354,
    -0.03409819314203667,
    0.0021733269452428494,
    0.0021125433216712536,
    0.014783561909208143,
    0.015462962614018137,
    -0.0035975189985517895,
    -0.005498160078608952,
    -0.006998172176930657,
    -0.02199930116033357,
    -0.03282584033557229,
    -0.06957625430559822,
    0.002184853774618624,
    0.10892533072694494,
    0.05521922488087668,
    0.13861447776178817,
    0.19708493856568893,
    0.20015538934992563,
    0.19187570144316773,
    -0.016808521983122566,
    -0.006426262344093776,
    -0.09307185032631309,
    -0.04839549777437726,
    -0.09317335421551301,
    -0.09318098284589656,
    0.18580230265449557,
    -0.013299595712769029,
    -0.02889958211243586,
    -0.010399588362334546,
    -0.010399595686989775,
    -0.010399585933927948,
    -0.010399588340598525,
    -0.010399588374076533,
    0.00625635019596691,
    -0.0034768109264503395,
    -0.005043858049449021,
    0.04588432532702587
  ],
  "pd": [
    0.06893185541417465,
    0.01582119091767448,
    0.07417758361224726,
    0.22156201109902016,
    0.39839532197532873,
    0.0028282128897081818,
    0.023559106711628548,
    0.4177727805860026,
    0.0066645016608965066,
    0.00717787363757621,
    0.01056612868366225,
    0.04299256953794021,
    0.013170324710819288,
    0.02237368414729542,
    0.012628950626320693,
    0.021776305847159037,
    0.551510847529035,
    0.0047883604370306835,
    0.06010185741528377,
    0.19379325417861804,
    0.0333411763763618,
    0.2782196092525801,
    0.009567386838121738,
    0.059560483330785174,
    0.019088103496545317,
    0.357820267745753,
    0.009959416347586238,
    0.08912137515159642,
    0.01947079897007019,
    0.008867334142649414,
    0.029859580970879446,
    0.05915911978538105,
    0.014411751490790206,
    0.017006613482007615,
    0.00416298002907541,
    0.020693557678161844,
    0.007037863098481745,
    0.005171055910555554,
    0.026312647313819684,
    0.0093153678677517,
    0.012983643992026669,
    0.017193294200800232,
    0.009063348897381664,
    0.03509597513301241,
    0.021869646206555345,
    0.013562354220283788,
    0.19186110873911444,
    0.07975000306820694,
    0.12005437025553345,
    0.031007667391454056,
    0.020525545031248486,
    0.022971062447431797,
    0.17511584826341647,
    0.033583861310792204,
    0.00552574927626153,
    0.008251287770633772,
    0.05127185941639288,
    0.019666813724802435,
    0.008353962165969711,
    0.020917574540712986,
    0.03502130284549537,
    0.04512072973217606,
    0.07699646246601581,
    0.4605413332613918,
    0.08004869221827514,
    0.021309604050177487,
    0.020628219426584427,
    0.4646109729310708,
    0.019620143545104284,
    0.008960674502045723,
    0.013814373190653826,
    0.0068138462359306025,
    0.007364554356368831,
    0.027600744273488756,
    0.007859258261169271,
    0.006720505876534293,
    0.053829385263851774,
    0.11355788124155029,
    0.3489996037828017,
    0.00484436465266847,
    0.01920944596376052,
    0.49059692898700347,
    0.00494703904800441,
    0.04194715751270155,
    0.04102308795467808,
    0.014729108712737658,
    0.03340651462793922,
    0.10134896223251298,
    0.08227952680784692,
    0.31809461078668355,
    0.0367480994943271,
    0.00812994530341857,
    0.15571972158086336,
    0.01678259661945647,
    0.005731098066933411,
    0.0018108029722884067,
    0.136556945796801,
    0.7209982721208541,
    0.04106975813437623,
    0.2823919233175951,
    0.014150398484480539,
    0.014402417454850575,
    0.22308345895718,
    0.010827481689971916,
    0.019536137221647605,
    0.0530266581730435,
    0.010827481689971916,
    0.07664176910030983,
    0.013282333142094859,
    0.3477955131465894,
    0.249918812283619,
    0.08451036139741874,
    0.014029056017265337,
    0.14972727050762027,
    0.2989038328948023,
    0.1377330343251945,
    0.08367963219879157,
    0.012955641884207775,
    0.013506350004646003,
    0.42752684814291697,
    0.038717581077589235,
    0.03541333235495987,
    0.010062090742922178,
    0.021300270014237857,
    0.01881741645429602,
    0.009418042263087642,
    0.07189074480703768,
    0.014383749382971314,
    0.01144352806198756,
    0.019834826371715797,
    0.04837830827510728,
    0.17744935724832422,
    0.013114320495181502,
    0.028580818047150007,
    0.06365812510828316,
    0.22035792046280778,
    0.0722921083524418,
    0.013422343681189325,
    0.43444336877418355,
    0.00504037940740072,
    0.008792661855132366,
    0.08596647100400118,
    0.017716000213419566,
    0.010547460611782987,
    0.07245078696341553,
    0.019638811616983543,
    0.15670912939046425,
    0.006832514307809865,
    0.023960470257032677,
    0.003014893608500801,
    0.03364919956236962,
    0.49228638949207665,
    0.2052367822406056,
    0.3507264004316334,
    0.050151775103637164,
    0.02095491068447151,
    0.018761412238658234,
    0.006617831481198352,
    0.008876668178589045,
    0.07171339812418467
  ],