{
  "hour": 16,
  "dispatch": 1,
  "load": 0.9490152998857492,
  "wind": 0.4637496217886765,
  "solar": 0.5463575198876044,
  "gen": [
    47,
    1,
    2,
    3,
    4,
    5,
    6,
    7,
    8,
    9,
    10,
    11,
    12,
    13,
    14,
    15,
    16,
    17,
    18,
    19,
    20,
    21,
    22,
    23,
    24,
    25,
    26,
    27,
    28,
    29,
    30,
    31,
    32,
    33,
    34,
    35,
    36,
    37,
    38,
    39,
    40,
    41,
    42,
    43,
    44,
    45,
    46,
    48,
    49
  ],
  "pg": [
    4.112498675232196,
    0.04507349208848317,
    0.04507349209316813,
    0.045073492088486704,
    0.045073492093167106,
    0.09024649207234878,
    0.39312055439026106,
    0.04676499228339057,
    0.03808497393977328,
    0.03808497393977328,
    0.03808497393977328,
    0.03808497393977328,
    0.03808497393977328,
    0.03808497393977328,
    0.0,
    0.023879991673818438,
    0.17909999165154886,
    0.17909999164323717,
    0.0318399915243002,
    0.0497499915350597,
    0.06268499153233566,
    0.1790999922239857,
    0.3072248494425624,
    0.7035267262382938,
    0.006362644810940642,
    0.6067236301861254,
    0.20892493017494038,
    0.20892493017494038,
    0.20892493017494038,
    0.7170483508208102,
    0.7170483508208102,
    0.41993455752208236,
    0.008673971985735607,
    0.12405921661079876,
    0.12405921661079876,
    0.12405921661079876,
    0.12405921661079876,
    1.3790699912051476,
    0.1193999914756457,
    0.25869999143773464,
    0.09352999147282133,
    0.09352999148176334,
    0.09352999147129416,
    0.09352999147306383,
    0.09352999147270005,
    0.1741249922807563,
    0.0,
    0.6716249911851125,
    0.6716249911851271
  ],
  "qg": [
    -0.46666633048345496,
    0.00679425188275422,
    0.008026918547209428,
    0.006938134391179455,
    0.007983159888910258,
    0.011583016078897087,
    -0.12568265516549923,
    -0.005697111354936877,
    -0.03409680234156704,
    -0.03409708845277488,
    -0.034096794026343295,
    -0.03409718039782029,
    -0.034097179753310246,
    -0.03409678836275071,
    0.002344675539883706,
    0.0022087659832047907,
    0.01561219829493637,
    0.016166911719369452,
    -0.003591206305996304,
    -0.005495482213028275,
    -0.006995636911168058,
    -0.02199871654501808,
    -0.0016813049027990428,
    0.006229984653635522,
    0.0028659395206503454,
    0.1851067371083205,
    0.049263364885715054,
    0.13998931261030498,
    0.20418743433874773,
    0.19489269630137918,
    0.19203807698925948,
    0.007552052188668092,
    -0.006056199724092321,
    -0.09039467754329354,
    -0.04546371407358716,
    -0.09051263375224403,
    -0.09052184202947638,
    0.18674913846246943,
    -0.013299331501240616,
    -0.028899314650968365,
    -0.010399321409716267,
    -0.010399331424054171,
    -0.01039931826098694,
    -0.010399321410273443,
    -0.01039932141099542,
    0.009213240206982455,
    0.0033826609199901327,
    0.003997519506674962,
    0.05480034177664035
  ],
  "pd": [
    0.07008477989656257,
    0.016085809333063448,
    0.07541824588192049,
    0.22526776173388027,
    0.40505871029723545,
    0.00287551635865382,
    0.02395314616911631,
    0.4247602679228636,
    0.0067759692411842485,
    0.007297927656121411,
    0.010742853194706681,
    0.043711644712737606,
    0.01339060588138792,
    0.02274789673826141,
    0.012840177007454186,
    0.02214052694633453,
    0.5607351800904937,
    0.004868448488413894,
    0.06110709515964339,
    0.19703455656227925,
    0.033898826511918966,
    0.28287299043694525,
    0.00972740682382893,
    0.06055666628570966,
    0.01940736288266357,
    0.36380501521120195,
    0.010125993249780944,
    0.09061198083309133,
    0.019796459155616727,
    0.009015645348914617,
    0.030358999443345115,
    0.060148589706758786,
    0.014652796230235968,
    0.01729105876391835,
    0.004232608237490442,
    0.02103966919846706,
    0.007155575361138549,
    0.005257544761367051,
    0.02675274130377927,
    0.009471172692859776,
    0.013200802821410772,
    0.017480861823895497,
    0.009214938561890625,
    0.03568297527570416,
    0.022235428476323104,
    0.013789192307339935,
    0.19507009489151575,
    0.08108386722223841,
    0.12206234787130507,
    0.031526288262204584,
    0.020868846444487624,
    0.02335526653018829,
    0.1780447604115654,
    0.034145570489889254,
    0.005618170575323635,
    0.008389295250990024,
    0.05212941042272421,
    0.019995752368592735,
    0.008493686933977455,
    0.02126743287043964,
    0.035607054051713306,
    0.0458753995964771,
    0.07828427208757546,
    0.46824414896362876,
    0.08138755211820185,
    0.021666019296391652,
    0.02097323812747506,
    0.4723818556711305,
    0.019948301603598447,
    0.00911054687890319,
    0.014045426438309088,
    0.006927811689165969,
    0.007487730716098562,
    0.0280623824176216,
    0.00799070882503801,
    0.006832910159177394,
    0.054729712344411166,
    0.11545720138410025,
    0.3548368206272816,
    0.004925389406407039,
    0.01953073487164872,
    0.49880244161994985,
    0.005029781089394471,
    0.04264874757686557,
    0.04170922242997868,
    0.01497546143219712,
    0.03396525758291097,
    0.10304408126159464,
    0.08365569868492878,
    0.32341492404806443,
    0.03736273235650195,
    0.008265923262004876,
    0.15832422247993955,
    0.01706329509194577,
    0.005826953941298499,
    0.0018410896817783536,
    0.13884093837328512,
    0.7330573782437481,
    0.04175667319497296,
    0.28711508882743453,
    0.014387071946267958,
    0.014643306077237109,
    0.22681465667269404,
    0.01100857747867469,
    0.01986289022660873,
    0.05391355918650941,
    0.01100857747867469,
    0.07792364627361886,
    0.013504487717374211,
    0.3536125908904291,
    0.25409884654440934,
    0.08592384525165574,
    0.01426369995728281,
    0.15223154425467303,
    0.30390316948241347,
    0.14003669765114116,
    0.08507922163475741,
    0.013172332362414198,
    0.01373225138934679,
    0.4346774778066697,
    0.03936515463926088,
    0.03600564047766532,
    0.010230384932768375,
    0.021656529143392795,
    0.019132148445696703,
    0.00957556437584721,
    0.0730931583972004,
    0.014624325771239394,
    0.011634927576599285,
    0.02016657512257217,
    0.04918746299307838,
    0.18041729866127978,
    0.013333664963394776,
    0.02905884848250164,
    0.06472284345220809,
    0.22404353199702767,
    0.07350123497615128,
    0.013646840012357074,
    0.4417096811788231,
    0.005124682619383046,
    0.008939724124923757,
    0.08740430911947751,
    0.01801231039183152,
    0.010723872888708965,
    0.07366256757713184,
    0.019967281909596162,
    0.15933017869781843,
    0.006946791995163684,
    0.02436122274806718,
    0.0030653194186309697,
    0.03421200156088126,
    0.500520159312743,
    0.2086694841388785,
    0.35659249893207023,
    0.0509905920628613,
    0.02130539348243507,
    0.019075207527703558,
    0.006728518476189962,
    0.009025135501913474,
    0.0729128454902221
  ],