{
  "hour": 16,
  "dispatch": 2,
  "load": 0.9432469194425963,
  "wind": 0.3921752394411922,
  "solar": 0.4738783628682549,
  "gen": [
    47,
    1,
    2,
    3,
    4,
    5,
    6,
    7,
    8,
    9,
    10,
    11,
    12,
    13,
    14,
    15,
    16,
    17,
    18,
    19,
    20,
    21,
    22,
    23,
    24,
    25,
    26,
    27,
    28,
    29,
    30,
    31,
    32,
    33,
    34,
    35,
    36,
    37,
    38,
    39,
    40,
    41,
    42,
    43,
    44,
    45,
    46,
    48,
    49
  ],
  "pg": [
    4.793693685524064,
    0.04507349795770117,
    0.04507349795891449,
    0.045073497957701235,
    0.045073497958914466,
    0.09024649795351597,
    0.3324469504742986,
    0.04676499800500229,
    0.03220699936386847,
    0.03220699936386847,
    0.03220699936386847,
    0.03220699936386847,
    0.03220699936386847,
    0.03220699936386847,
    0.0,
    0.02387999785759097,
    0.17909999785189154,
    0.17909999784975328,
    0.03183999780497654,
    0.04974999780772978,
    0.06268499780702137,
    0.17909999798856466,
    0.25980825262500096,
    0.5949455252418663,
    0.005380644285133157,
    0.5130828657609118,
    0.1812091904473692,
    0.1812091904473692,
    0.1812091904473692,
    0.6219255454821035,
    0.6219255454821035,
    0.35512252281878837,
    0.007523292888896415,
    0.10760166434304316,
    0.10760166434304316,
    0.10760166434304316,
    0.10760166434304316,
    1.3790699977292262,
    0.11939999779345101,
    0.25869999778393943,
    0.09352999779281604,
    0.09352999779505401,
    0.09352999779246543,
    0.09352999779288458,
    0.09352999779278176,
    0.1741249980056506,
    0.0,
    0.6716249977223815,
    0.6716249977223818
  ],
  "qg": [
    -0.4207107367204303,
    0.006536981878410983,
    0.007704945281942112,
    0.006682038105935385,
    0.007660790579931429,
    0.011267427867394517,
    -0.14512974506190932,
    -0.005699453645124666,
    -0.03409941883350261,
    -0.034099447569403335,
    -0.03409941688624821,
    -0.03409945823290019,
    -0.034099458029665755,
    -0.0340994153324399,
    0.0023254407384123176,
    0.0022012515335940765,
    0.015530837588377405,
    0.016108298406254783,
    -0.0035984662892558595,
    -0.005498896021731776,
    -0.006998900724686366,
    -0.021999698185641303,
    0.011129506136351767,
    0.031151646962536094,
    0.0033303118341364278,
    0.20072718076844556,
    0.0483133488323169,
    0.1394746817103698,
    0.20404449139857392,
    0.19877392246667058,
    0.19656592544434676,
    0.005382604537919747,
    -0.006406772015265811,
    -0.09050763077626785,
    -0.04164285465214329,
    -0.09071607872288298,
    -0.09073211230274365,
    0.18631977671316652,
    -0.013299841168822855,
    -0.028899837786498767,
    -0.010399839171488935,
    -0.010399841220208166,
    -0.010399838558536757,
    -0.010399839180421583,
    -0.010399839167343126,
    0.009727699561230655,
    0.004594920183021904,
    0.003796785246057919,
    0.05466847569744719
  ],
  "pd": [
    0.06965878500083574,
    0.015988035284552008,
    0.07495983268810313,
    0.2238985212680891,
    0.40259665015648893,
    0.002858038165911067,
    0.023807552246731128,
    0.42217845620411726,
    0.006734783004820138,
    0.007253568810513565,
    0.010677555128090191,
    0.04344595310952598,
    0.013309214033335032,
    0.022609628659039035,
    0.012762130820058329,
    0.022005950630595773,
    0.5573268748218524,
    0.004838856696740519,
    0.06073566914290878,
    0.19583692541467185,
    0.03369277996248954,
    0.28115360927825467,
    0.009668280924286612,
    0.060188585929632075,
    0.019289399502601095,
    0.3615937065683193,
    0.010064444630452503,
    0.09006121586837909,
    0.01967613073957256,
    0.008960845734704665,
    0.030174468952968655,
    0.05978298975427176,
    0.014563732436193688,
    0.017185958872244105,
    0.00420688126071398,
    0.02091178420404236,
    0.007112081772597176,
    0.005225587933711984,
    0.02659013065908679,
    0.00941360425603711,
    0.013120564649446515,
    0.017374608256132622,
    0.00915892758778761,
    0.035466084171041606,
    0.022100275322540032,
    0.013705377739500924,
    0.19388440429142567,
    0.08059101679717542,
    0.12132041877870675,
    0.03133466266388305,
    0.02074199975854269,
    0.023213306687482296,
    0.1769625545566255,
    0.033938024161544615,
    0.0055840217631001705,
    0.008338302767872553,
    0.05181255328498182,
    0.019874212592655503,
    0.008442059929011236,
    0.021138163464708582,
    0.035390624417486215,
    0.04559655608585509,
    0.07780843838481978,
    0.46539803005297714,
    0.08089285581139706,
    0.021534327170874473,
    0.02084575691968138,
    0.4695105866217467,
    0.019827050246683374,
    0.009055170426648924,
    0.013960054407750427,
    0.006885702511930953,
    0.007442218194402086,
    0.027891811407917574,
    0.007942139061706661,
    0.0067913778199866935,
    0.054397049844254544,
    0.11475542021938627,
    0.35268002317958674,
    0.004895451511907075,
    0.019412021602128633,
    0.4957705808590287,
    0.00499920867304576,
    0.042389516559750276,
    0.04145570210950211,
    0.014884436388804169,
    0.03375880724685052,
    0.10241775051307711,
    0.08314721594886486,
    0.32144911767684237,
    0.03713563121845502,
    0.008215680668345014,
    0.15736188357060835,
    0.01695957961157788,
    0.005791536085377541,
    0.001829899023718637,
    0.13799702431445185,
    0.7286016504542391,
    0.041502864455474235,
    0.28536992300816305,
    0.01429962329874976,
    0.01455429996699926,
    0.22543601374678052,
    0.010941664265534116,
    0.019742158023933542,
    0.053585857493533895,
    0.010941664265534116,
    0.07745000455543158,
    0.013422403663668146,
    0.35146323465350593,
    0.25255436268075515,
    0.08540157608633268,
    0.014177001199222222,
    0.15130623834778686,
    0.3020559610131026,
    0.13918551543294952,
    0.08456208632802875,
    0.013092267241863237,
    0.01364878292433437,
    0.4320353865122924,
    0.039125882218478895,
    0.0357867881236521,
    0.010168201791591188,
    0.021524894701680047,
    0.019015857895962742,
    0.009517361417175798,
    0.07264887773546877,
    0.014535435028610409,
    0.01156420723236623,
    0.020043997038155174,
    0.04888848783470977,
    0.17932067185523198,
    0.013252619218168478,
    0.0288822206733323,
    0.06432943990598507,
    0.22268173274200814,
    0.07305447391082909,
    0.013563890701584536,
    0.439024846185362,
    0.005093533364990021,
    0.008885385981149256,
    0.08687304128066313,
    0.017902826531020478,
    0.010658690189701338,
    0.07321482588713432,
    0.019845915185072227,
    0.1583617253052175,
    0.006904567450319805,
    0.024213148422091445,
    0.003046687549799586,
    0.0340040514459056,
    0.4974778577832198,
    0.20740113264703808,
    0.35442502998055553,
    0.0506806569816507,
    0.02117589334148629,
    0.018959263080796186,
    0.006687620658848007,
    0.00897027820389909,
    0.07246966082077468
  ],