{
  "hour": 18,
  "dispatch": 0,
  "load": 0.7867610284056317,
  "wind": 0.4565094399039158,
  "solar": 0.15532059864109854,
  "gen": [
    47,
    1,
    2,
    3,
    4,
    5,
    6,
    7,
    8,
    9,
    10,
    11,
    12,
    13,
    14,
    15,
    16,
    17,
    18,
    19,
    20,
    21,
    22,
    23,
    24,
    25,
    26,
    27,
    28,
    29,
    30,
    31,
    32,
    33,
    34,
    35,
    36,
    37,
    38,
    39,
    40,
    41,
    42,
    43,
    44,
    45,
    46,
    48,
    49
  ],
  "pg": [
    3.598157309296149,
    0.04507349418233128,
    0.0450734941858197,
    0.04507349418233238,
    0.04507349418581948,
    0.090246494170319,
    0.38698305220654944,
    0.046764994335747524,
    0.03749038124266919,
    0.03749038124266919,
    0.03749038124266919,
    0.03749038124266919,
    0.03749038124266919,
    0.03749038124266919,
    0.0,
    0.023879993974862748,
    0.17909999395905823,
    0.17909999395292892,
    0.031839993797481744,
    0.04974999380399939,
    0.06268499380193064,
    0.17909999429484852,
    0.3024283737475461,
    0.6925430807118365,
    0.006263309515481724,
    0.5972513002262929,
    0.05939397563796152,
    0.05939397563796152,
    0.05939397563796152,
    0.20384523878615599,
    0.20384523878615599,
    0.4133784280217938,
    0.0024658698240260803,
    0.03526802705103968,
    0.03526802705103968,
    0.03526802705103968,
    0.03526802705103968,
    1.3790699935548423,
    0.11939999373944382,
    0.25869999371324814,
    0.09352999373799312,
    0.09352999374409794,
    0.09352999373715058,
    0.09352999373820843,
    0.09352999373788544,
    0.17412499434905768,
    0.0,
    0.6716249935444174,
    0.6716249935444238
  ],
  "qg": [
    -0.46669705913361237,
    0.004460734928250013,
    0.005108499860126224,
    0.004604889702734192,
    0.005064864827457534,
    0.008615096544782017,
    -0.15714521751950328,
    -0.0056989504261116455,
    -0.03409891239114935,
    -0.03409894766269197,
    -0.03409890875864829,
    -0.03409896182578859,
    -0.034098961464968734,
    -0.03409890592265173,
    0.0014023413801681475,
    0.0017799040973284267,
    0.011462384269010669,
    0.012921025331478674,
    -0.0035984508738500496,
    -0.0054986308028076355,
    -0.006998635184691781,
    -0.02199932335079938,
    -0.04746066797473577,
    -0.09282123342410277,
    0.0018340574067404703,
    0.10934813841144071,
    0.03301907259041138,
    0.09940394659194249,
    0.14665825102032332,
    0.13252146351289518,
    0.1322083087895394,
    -0.030116466729901866,
    -0.006568013986673595,
    -0.09414962907751652,
    -0.09353570420722386,
    -0.09414952704697967,
    -0.09414952134641486,
    0.14115394290443103,
    -0.013299592191010482,
    -0.02889958518452604,
    -0.010399587645116386,
    -0.010399592294937223,
    -0.010399586320961645,
    -0.010399587678173512,
    -0.010399587629455968,
    -0.0038213775001256197,
    -0.027715602930107185,
    -0.01456628006348636,
    0.03709578526763112
  ],
  "pd": [
    0.0581023019477559,
    0.013335599431475456,
    0.06252389892739554,
    0.18675346531264478,
    0.3358053421440917,
    0.002383885916069064,
    0.01985784835695814,
    0.3521385010937926,
    0.00561747374281621,
    0.006050192308439307,
    0.008906134841551751,
    0.036238212968363395,
    0.011101198110803462,
    0.01885866185088299,
    0.010644876714328197,
    0.018355134792703388,
    0.46486562124375147,
    0.00403608407572089,
    0.05065954261903863,
    0.16334732471757724,
    0.028103103934649164,
    0.23450985973686664,
    0.008064300541157724,
    0.05020322122256336,
    0.016089263030895168,
    0.3016048402392989,
    0.00839474017308809,
    0.0751199429921697,
    0.016411835052541478,
    0.007474229769853501,
    0.025168485298696155,
    0.04986491398034894,
    0.012147590278582953,
    0.01433478593755061,
    0.0035089541866891176,
    0.017442491999752854,
    0.005932178154178462,
    0.0043586560973672,
    0.022178793390754757,
    0.007851875063488204,
    0.010943845905122337,
    0.014492138143231734,
    0.007639449585818683,
    0.02958221466805174,
    0.01843381089554395,
    0.011431637742733827,
    0.1617187293887776,
    0.06722086226697717,
    0.10119320347353236,
    0.026136201363635085,
    0.017300875014639838,
    0.019362188909062595,
    0.14760423653918056,
    0.028307661802034628,
    0.00465762528816134,
    0.006954967491105785,
    0.04321678329032135,
    0.01657705486850666,
    0.007041511204230403,
    0.017631314646570206,
    0.029519273785779298,
    0.038032028113128225,
    0.06489991723318056,
    0.38818789141533877,
    0.06747262579606697,
    0.01796175427850057,
    0.01738741872776446,
    0.3916181694991872,
    0.01653771681708638,
    0.007552905872694063,
    0.01164406322040335,
    0.005743355507361111,
    0.006207544514120435,
    0.023264523609954527,
    0.006624527859175419,
    0.005664679404520548,
    0.04537250850815279,
    0.09571734671582915,
    0.2941699485208657,
    0.004083289737425229,
    0.0161915419645879,
    0.41352159653000004,
    0.004169833450549848,
    0.03535704061654909,
    0.034578147198427514,
    0.012415089028240867,
    0.02815817720663756,
    0.08542651246428348,
    0.06935298465395642,
    0.2681202908703552,
    0.03097478168832972,
    0.006852688557413052,
    0.13125534236891154,
    0.014145963290733256,
    0.0048307127144105785,
    0.0015263163951069255,
    0.11510313845574392,
    0.6077256887816461,
    0.03461748524984779,
    0.2380266815338398,
    0.011927297190629377,
    0.012139722668298896,
    0.18803588578894595,
    0.009126427929505326,
    0.01646690832452987,
    0.04469589402372393,
    0.009126427929505326,
    0.06460094804238642,
    0.011195609434212139,
    0.2931550267942225,
    0.21065526535560786,
    0.0712333435118459,
    0.011825018256936643,
    0.12620433656654736,
    0.25194448412633547,
    0.11609445735153501,
    0.07053312619656488,
    0.010920243074270168,
    0.01138443208102949,
    0.36036015384063147,
    0.0326348474582656,
    0.029849713417709665,
    0.008481283886212708,
    0.017953886668216516,
    0.015861102332657535,
    0.007938418776612824,
    0.06059633440780175,
    0.012123987447730784,
    0.009645690208253043,
    0.016718671853619676,
    0.04077782410226389,
    0.14957113911019465,
    0.011053992449099125,
    0.024090622689780444,
    0.05365710213726408,
    0.18573854358600153,
    0.06093464165001618,
    0.011313623588472984,
    0.36619005306111724,
    0.004248509553390411,
    0.00741128888758105,
    0.07246069071615868,
    0.014932724319138889,
    0.008890399620983638,
    0.061068391024845126,
    0.01655345203765449,
    0.1320893090590215,
    0.0057590907279292235,
    0.020196155599172563,
    0.00254123812175019,
    0.02836273507402302,
    0.4149456339914142,
    0.17299301492583027,
    0.2956254564234161,
    0.04227267005623459,
    0.017662785087706433,
    0.015813896670953197,
    0.005578135691395929,
    0.007482097380137557,
    0.060446849812404675
  ],