{
  "hour": 19,
  "dispatch": 3,
  "load": 0.743539111615781,
  "wind": 0.3408804355976069,
  "solar": 0.0022393403220102885,
  "gen": [
    47,
    1,
    2,
    3,
    4,
    5,
    6,
    7,
    8,
    9,
    10,
    11,
    12,
    13,
    14,
    15,
    16,
    17,
    18,
    19,
    20,
    21,
    22,
    23,
    24,
    25,
    26,
    27,
    28,
    29,
    30,
    31,
    32,
    33,
    34,
    35,
    36,
    37,
    38,
    39,
    40,
    41,
    42,
    43,
    44,
    45,
    46,
    48,
    49
  ],
  "pg": [
    4.364041007499206,
    0.04507349891827548,
    0.04507349891892862,
    0.04507349891827548,
    0.04507349891892862,
    0.09024649891602529,
    0.2889643452560914,
    0.04676499894443667,
    0.02799446489301787,
    0.02799446489301787,
    0.02799446489301787,
    0.02799446489301787,
    0.02799446489301787,
    0.02799446489301787,
    0.0,
    0.023879998886101917,
    0.17909999888320502,
    0.17909999888207134,
    0.031839998842162966,
    0.04974999884336467,
    0.06268499884297686,
    0.17909999893613954,
    0.2258264709747026,
    0.5171292560189936,
    0.004676879576399166,
    0.4459738738923491,
    0.0008563147817754462,
    0.0008563147817754462,
    0.0008563147817754462,
    0.0029389460680514547,
    0.0029389460680514547,
    0.308674052042345,
    3.5551766952235335e-05,
    0.0005084780495575881,
    0.0005084780495575881,
    0.0005084780495575881,
    0.0005084780495575881,
    1.3790699988004747,
    0.11939999883138863,
    0.25869999882678435,
    0.09352999883121157,
    0.09352999883227717,
    0.09352999883109775,
    0.09352999883125741,
    0.09352999883118866,
    0.17412499894764794,
    0.0,
    0.671624998798523,
    0.671624998798523
  ],
  "qg": [
    -0.4666993680698578,
    0.0035575012414820585,
    0.003976575863340642,
    0.003702971143296567,
    0.003932580613350447,
    0.007484308935185909,
    -0.19065765250144528,
    -0.005699843616588314,
    -0.0340998394509684,
    -0.03409984288091253,
    -0.034099838852954485,
    -0.03409984445564534,
    -0.03409984439359695,
    -0.03409983837264563,
    0.001187349853178061,
    0.0016784892821082407,
    0.010512036982236966,
    0.012175225225817992,
    -0.0035997262477095284,
    -0.005499750155315988,
    -0.006999750240186315,
    -0.021999889776637346,
    -0.03508363870500808,
    -0.07041352647801577,
    0.0022513348595627836,
    0.11806021851990213,
    0.030620255666578364,
    0.09292782448413343,
    0.13731689093933136,
    0.1378560732850337,
    0.1377548177714903,
    -0.038279696385929055,
    -0.006598901100563932,
    -0.09419866074169175,
    -0.09418360678840712,
    -0.09419865597199432,
    -0.09419865562084287,
    0.13113407688257064,
    -0.013299933066716401,
    -0.0288999322319666,
    -0.010399932482203288,
    -0.010399933101591182,
    -0.010399932323043613,
    -0.010399932490811815,
    -0.010399932478032427,
    -0.006097223241316622,
    -0.03313795811196238,
    -0.018045465950664197,
    0.033855272977910605
  ],
  "pd": [
    0.05491036339282543,
    0.012602987941887488,
    0.059089053200106115,
    0.17649387892423793,
    0.3173573636198476,
    0.0022529235081958166,
    0.018766927177182313,
    0.33279323557699125,
    0.005308869256936676,
    0.005717815768325356,
    0.008416862743490641,
    0.03424741148102287,
    0.010491336864898669,
    0.017822632505430272,
    0.010060084180161518,
    0.01734676747399617,
    0.4393275194893003,
    0.0038143556425889566,
    0.047876483396940145,
    0.15437359035366846,
    0.026559217066915698,
    0.22162670299931586,
    0.0076212758940617555,
    0.04744523071220299,
    0.015205374832542721,
    0.28503571843790965,
    0.007933562320940384,
    0.07099311437707477,
    0.015510225868305192,
    0.007063621560349919,
    0.023785816180588833,
    0.047125508894208204,
    0.01148024388334766,
    0.01354728261363953,
    0.003316184437806384,
    0.016484262104521863,
    0.005606284901582988,
    0.004119206678351427,
    0.020960367556448867,
    0.007420520333925494,
    0.010342629042575515,
    0.013695990435962686,
    0.007219764773789233,
    0.027957070596753356,
    0.017421121385157747,
    0.010803623291777299,
    0.1528344643926238,
    0.06352798169645234,
    0.09563400053602177,
    0.024700369287876243,
    0.016350425064431025,
    0.01829849753686437,
    0.13949537273023668,
    0.0267525372359358,
    0.0044017515407654235,
    0.006572885746683505,
    0.040842603401054854,
    0.015666369081744506,
    0.00665467504896124,
    0.016662711491309653,
    0.0278975874678241,
    0.03594268065550685,
    0.061334541317185784,
    0.36686219767122646,
    0.06376591421216939,
    0.01697499791818828,
    0.01643221436670876,
    0.37010402819787114,
    0.01562919212616372,
    0.007137975471511497,
    0.01100437885191356,
    0.005427835514795201,
    0.005866523590648513,
    0.021986451530478644,
    0.0062605993198048765,
    0.005353481603633623,
    0.0428799005668821,
    0.09045896831917592,
    0.2780092738331405,
    0.0038589679892859037,
    0.015302034917052775,
    0.39080415706525456,
    0.003940757291563639,
    0.0334146476760132,
    0.032678543955513575,
    0.011733047181297024,
    0.026611264804728803,
    0.0807334767392415,
    0.06554297268893108,
    0.253390693847542,
    0.0292731348243133,
    0.006476225662173453,
    0.12404462999086074,
    0.013368833226851742,
    0.004565330145320895,
    0.0014424658765346153,
    0.10877977202938877,
    0.574339351376494,
    0.03271572091109436,
    0.22495032282823837,
    0.01127205293209524,
    0.0114728084922315,
    0.17770584767617165,
    0.008625053694743059,
    0.015562273606118298,
    0.04224045693089252,
    0.008625053694743059,
    0.06105199645477178,
    0.010580561558292564,
    0.2770501083791562,
    0.19908259713512536,
    0.06732003116569282,
    0.011175392847585189,
    0.11927110889428744,
    0.23810352971272156,
    0.10971663131002464,
    0.06665828135635476,
    0.010320322869227041,
    0.010759010945080352,
    0.3405632192933762,
    0.0308420023498226,
    0.028209873894702732,
    0.00801535162321812,
    0.016967562527072124,
    0.014989748490174145,
    0.00750230963620323,
    0.057267382376647455,
    0.011457937709999186,
    0.009115789508409475,
    0.015800206121835348,
    0.03853763215504593,
    0.14135422050927612,
    0.010446724518201724,
    0.022767167597675216,
    0.05070936741219626,
    0.1755347134702536,
    0.05758710419464224,
    0.010692092425034931,
    0.34607284411044914,
    0.004015111202725218,
    0.007004138431420657,
    0.06847995217981344,
    0.014112372338467525,
    0.008401991961258326,
    0.05771350584361692,
    0.015644062908396032,
    0.12483278144917348,
    0.0054427062970275174,
    0.019086648995177098,
    0.0024016313305189724,
    0.026804584973748904,
    0.3921499628572791,
    0.16348937986207793,
    0.2793848211896297,
    0.039950356467115915,
    0.016692453055774284,
    0.014945136143477198,
    0.005271692301355887,
    0.007071056951466077,
    0.05712610994544045
  ],