{
  "hour": 19,
  "dispatch": 1,
  "load": 0.7915846696230724,
  "wind": 0.3883841058405535,
  "solar": 0.017695254978178438,
  "gen": [
    47,
    1,
    2,
    3,
    4,
    5,
    6,
    7,
    8,
    9,
    10,
    11,
    12,
    13,
    14,
    15,
    16,
    17,
    18,
    19,
    20,
    21,
    22,
    23,
    24,
    25,
    26,
    27,
    28,
    29,
    30,
    31,
    32,
    33,
    34,
    35,
    36,
    37,
    38,
    39,
    40,
    41,
    42,
    43,
    44,
    45,
    46,
    48,
    49
  ],
  "pg": [
    4.740470950630891,
    0.04507349240585332,
    0.04507349241042813,
    0.045073492405854655,
    0.045073492410427886,
    0.09024649239015271,
    0.3292332065210372,
    0.046764992597263945,
    0.03189565630804962,
    0.03189565630804962,
    0.03189565630804962,
    0.03189565630804962,
    0.03189565630804962,
    0.03189565630804962,
    0.0,
    0.023879992201630142,
    0.17909999218161146,
    0.17909999217373726,
    0.03183999187079561,
    0.04974999187987964,
    0.06268499187721052,
    0.17909999253797784,
    0.25729670243724984,
    0.5891942239243533,
    0.005328629932132395,
    0.5081229256711961,
    0.006766594722635522,
    0.006766594722635522,
    0.006766594722635522,
    0.02322353575744103,
    0.02322353575744103,
    0.35168957552073804,
    0.00028092986803356085,
    0.004017990766875065,
    0.004017990766875065,
    0.004017990766875065,
    0.004017990766875065,
    1.3790699916101343,
    0.11939999180087048,
    0.25869999176904457,
    0.09352999179973871,
    0.09352999180710844,
    0.093529991799,
    0.09352999180006788,
    0.09352999179957414,
    0.17412499263482334,
    0.0,
    0.6716249915704231,
    0.6716249915704308
  ],
  "qg": [
    -0.4666921295196862,
    0.004243594019548464,
    0.004833770579571362,
    0.0043885219691108856,
    0.004789925715057739,
    0.008355497602181633,
    -0.18815772402009995,
    -0.00569877800799152,
    -0.0340987424078787,
    -0.034098776537845196,
    -0.03409873801956964,
    -0.034098790936175294,
    -0.03409879051714117,
    -0.034098734616456405,
    0.00149423116849006,
    0.0018225835345515888,
    0.011869348221294328,
    0.013240940984191792,
    -0.0035973220670510843,
    -0.005497825797276106,
    -0.006997840150513216,
    -0.021999169522548708,
    -0.009675981751563884,
    -0.013933719638816011,
    0.002796888790162023,
    0.16810770225681332,
    0.03526141405012264,
    0.10703770627906842,
    0.15812772941919864,
    0.17097375858687772,
    0.17081743259464444,
    -0.01917396160875712,
    -0.006499396249548976,
    -0.09398779373867412,
    -0.08780518315916087,
    -0.09398683630493433,
    -0.09398677663225681,
    0.1484202763109784,
    -0.013299540876709204,
    -0.02889953555443682,
    -0.010399536831328007,
    -0.01039954102818042,
    -0.010399535761901262,
    -0.010399536888516702,
    -0.010399536803718731,
    0.0005432058575304667,
    -0.01737052595695896,
    -0.010908645416813238,
    0.040691876799831966
  ],
  "pd": [
    0.058458527851663895,
    0.013417360150111076,
    0.06290723369494557,
    0.1878984530284287,
    0.33786416868851976,
    0.0023985015489579094,
    0.019979597061286346,
    0.35429746642989474,
    0.005651914541108737,
    0.006087286109401426,
    0.00896073846013318,
    0.036460389882838715,
    0.01116925968838155,
    0.018974284530865047,
    0.01071014058000017,
    0.01846767034230628,
    0.4677157178934885,
    0.004060829355166362,
    0.050970136877029636,
    0.16434880910714228,
    0.02827540439893615,
    0.2359476424745492,
    0.008113742863636492,
    0.050511017768648254,
    0.01618790649379183,
    0.3034539831000048,
    0.008446208424878183,
    0.07558050425561094,
    0.01651245620833729,
    0.007520054361419187,
    0.025322793581242085,
    0.050170636360710334,
    0.012222067298980238,
    0.01442267268053238,
    0.0035304676265189034,
    0.017549432125543513,
    0.005968548408957965,
    0.004385379069711821,
    0.02231477183667441,
    0.007900015002838262,
    0.011010942754456937,
    0.014580989614456993,
    0.0076862871420400325,
    0.02976358357782751,
    0.018546828809268584,
    0.011501725249623241,
    0.16271022884102254,
    0.0676329941725953,
    0.10181362020691959,
    0.026296442724878466,
    0.017406946885011362,
    0.019480898719423812,
    0.1485091998679846,
    0.028481216413038142,
    0.004686181244168588,
    0.006997608479467961,
    0.04348174590239537,
    0.016678688988958135,
    0.007084682793126498,
    0.01773941244625305,
    0.029700256804257676,
    0.03826520292957931,
    0.06529781939720725,
    0.390567875992024,
    0.06788630126687469,
    0.018071878007494744,
    0.017494021198669902,
    0.3940191851515805,
    0.016639109755476982,
    0.007599212828381495,
    0.011715453110421471,
    0.005778568088248428,
    0.006245603043326042,
    0.02340715868075425,
    0.00666514291822627,
    0.005699409621286121,
    0.045650687897162597,
    0.09630419090634298,
    0.2959735079720668,
    0.004108324435343745,
    0.01629081250084283,
    0.4160569023538869,
    0.004195398749002283,
    0.03557381505286088,
    0.03479014622993403,
    0.01249120608665208,
    0.028330815325809763,
    0.0859502634276732,
    0.06977818862727382,
    0.2697641395608468,
    0.031164688443060362,
    0.006894702472416961,
    0.13206007043321716,
    0.014232692359822842,
    0.004860329871485664,
    0.0015356742590687605,
    0.11580883716585551,
    0.611451662203646,
    0.03482972546341518,
    0.2394860259477643,
    0.012000423591485777,
    0.012214151452284007,
    0.1891887360399143,
    0.009182382167627639,
    0.016567867135210905,
    0.04496992508128674,
    0.009182382167627639,
    0.06499701722275047,
    0.01126424984873632,
    0.29495236374825307,
    0.21194679529157762,
    0.07167007598767298,
    0.011897517584434778,
    0.12697809685423703,
    0.2534891587533965,
    0.11680623384958055,
    0.07096556563170843,
    0.010987195214368245,
    0.011454230169445858,
    0.36256952622745586,
    0.032834932095965046,
    0.030032722365499368,
    0.00853328273853672,
    0.018063962160798513,
    0.01595834693960114,
    0.0079870893164968,
    0.060967851254369036,
    0.012198319758891546,
    0.009704828049578867,
    0.01682117422949029,
    0.04102783342656384,
    0.15048816154204228,
    0.011121764608204167,
    0.02423832258385848,
    0.05398607446829354,
    0.18687730880461495,
    0.06130823266230696,
    0.01138298754917978,
    0.3684351686293628,
    0.004274557215964591,
    0.007456727587849342,
    0.07290494807228498,
    0.015024277029445914,
    0.008944906766740717,
    0.06144280205614287,
    0.01665494144886944,
    0.13289915018301762,
    0.00579439978164089,
    0.020319978469224266,
    0.0025568184828825237,
    0.02853662733991176,
    0.41748967060590464,
    0.17405363715672115,
    0.29743793961086945,
    0.04253184429884768,
    0.017771075833037976,
    0.015910851859423755,
    0.0056123353076275835,
    0.007527970208115418,
    0.06081745016714065
  ],