{
  "hour": 19,
  "dispatch": 2,
  "load": 0.7783984033224683,
  "wind": 0.34844498079546454,
  "solar": 0.008038218531694674,
  "gen": [
    47,
    1,
    2,
    3,
    4,
    5,
    6,
    7,
    8,
    9,
    10,
    11,
    12,
    13,
    14,
    15,
    16,
    17,
    18,
    19,
    20,
    21,
    22,
    23,
    24,
    25,
    26,
    27,
    28,
    29,
    30,
    31,
    32,
    33,
    34,
    35,
    36,
    37,
    38,
    39,
    40,
    41,
    42,
    43,
    44,
    45,
    46,
    48,
    49
  ],
  "pg": [
    4.820928991286969,
    0.04507349797400183,
    0.04507349797522345,
    0.04507349797400186,
    0.04507349797522344,
    0.09024649796979649,
    0.29537681022031526,
    0.046764998023173104,
    0.028615695602846734,
    0.028615695602846734,
    0.028615695602846734,
    0.028615695602846734,
    0.028615695602846734,
    0.028615695602846734,
    0.0,
    0.02387999791773096,
    0.17909999791234765,
    0.1790999979102418,
    0.031839997828722245,
    0.04974999783110942,
    0.06268499783039097,
    0.17909999800708565,
    0.23083783087737936,
    0.5286049736659515,
    0.004780665136513773,
    0.45587056837470624,
    0.003073782613645917,
    0.003073782613645917,
    0.003073782613645917,
    0.010549486612492599,
    0.010549486612492599,
    0.31552389900990907,
    0.00012761475740918465,
    0.0018252061291177829,
    0.0018252061291177829,
    0.0018252061291177829,
    0.0018252061291177829,
    1.3790699977579586,
    0.11939999781012095,
    0.2586999978016401,
    0.0935299978098289,
    0.09352999781179103,
    0.09352999780963536,
    0.0935299978099173,
    0.0935299978097847,
    0.17412499803179138,
    0.0,
    0.6716249977495206,
    0.6716249977495207
  ],
  "qg": [
    -0.4666978929702142,
    0.0039981110688478505,
    0.004527087272974707,
    0.004143644776335504,
    0.004483046381569224,
    0.008048092894796998,
    -0.1935338630774172,
    -0.005699692829131805,
    -0.034099684130984464,
    -0.03409969141235952,
    -0.03409968296549631,
    -0.03409969467541087,
    -0.03409969455478303,
    -0.03409968203085954,
    0.0014105979134424519,
    0.0017814781206732244,
    0.01149718605429224,
    0.012947593737123791,
    -0.003599369884245794,
    -0.005499440632004963,
    -0.006999441170846882,
    -0.021999785889726352,
    -0.010477621976851568,
    -0.017026807227033595,
    0.0029161982075423653,
    0.16028789331123514,
    0.034100743476905886,
    0.10351602567446673,
    0.15293616189712764,
    0.16407478640640974,
    0.16393183911651782,
    -0.02408367002669977,
    -0.006586914179882044,
    -0.09417419551022485,
    -0.09104380250846791,
    -0.09417420214802147,
    -0.09417420389083224,
    0.1455010982923714,
    -0.013299878038904821,
    -0.0288998766389462,
    -0.01039987701688801,
    -0.010399878100846163,
    -0.010399876744890806,
    -0.010399877033311548,
    -0.01039987700892216,
    -0.0003734738847747884,
    -0.019538820603819125,
    -0.0123951271477098,
    0.03928181167214096
  ],
  "pd": [
    0.05748472208536429,
    0.013193852936315838,
    0.061859321112036555,
    0.1847684289966543,
    0.3322360065060959,
    0.0023585471620670793,
    0.0196467756998591,
    0.34839555735907035,
    0.005557764599722423,
    0.005985883721549782,
    0.008811469925610342,
    0.03585303045703289,
    0.010983201470880027,
    0.01865820972763957,
    0.010531730396952998,
    0.018160034749513186,
    0.4599244805871136,
    0.003993183809044263,
    0.05012107318993374,
    0.16161107649781087,
    0.027804390966678572,
    0.23201721207832815,
    0.0079785836340553,
    0.04966960211600671,
    0.01591824734794448,
    0.29839902791366824,
    0.008305510963450738,
    0.07432147954922927,
    0.01623739069330669,
    0.007394784831563449,
    0.02490096492228576,
    0.049334890802578045,
    0.012018471347298911,
    0.014182418908535374,
    0.0034716568788182092,
    0.017257092601659123,
    0.005869123961051412,
    0.004312327154406475,
    0.021943050989660384,
    0.007768416065158233,
    0.010827521790215535,
    0.014338098589199866,
    0.007558248496261168,
    0.0292677799649248,
    0.018237874589845434,
    0.011310128800275465,
    0.1599997918029334,
    0.0665063595798717,
    0.1001176026353359,
    0.0258583949583724,
    0.01711698088906108,
    0.019156384705765948,
    0.14603532444732828,
    0.02800677455154241,
    0.004608118547669012,
    0.006881041885370621,
    0.04275742429450319,
    0.016400854358004407,
    0.0069666657097360914,
    0.017443908218456514,
    0.02920550809265901,
    0.03762777881660811,
    0.06421008429007043,
    0.384061772199306,
    0.06675544706893488,
    0.017770835547851953,
    0.01720260471342655,
    0.38745558923779183,
    0.016361934437838285,
    0.007472624671895695,
    0.011520296369172532,
    0.005682308344254019,
    0.006141563402214276,
    0.02301724078624539,
    0.006554114555975184,
    0.005604468503921772,
    0.04489023591960676,
    0.0946999497482115,
    0.2910431630022709,
    0.004039887713243611,
    0.016019439140376398,
    0.4091262007862894,
    0.004125511537609082,
    0.03498122424531173,
    0.03421060982602249,
    0.01228312680442855,
    0.027858878854911145,
    0.08451849863275361,
    0.06861581925287558,
    0.26527039186826396,
    0.03064554513880558,
    0.0067798500929387,
    0.1298602056262874,
    0.01399560329173798,
    0.0047793661963999555,
    0.0015100929024455887,
    0.11387968640607712,
    0.6012660626624075,
    0.034249529746188605,
    0.23549665294117955,
    0.01180051979436862,
    0.012010687363265686,
    0.18603721839406992,
    0.009029421478540632,
    0.016291878581539264,
    0.04422081329274943,
    0.009029421478540632,
    0.06391429289680788,
    0.011076609279278725,
    0.29003902906198503,
    0.20841617248959088,
    0.07047619143681629,
    0.0116993280019367,
    0.12486288787695715,
    0.24926652069595406,
    0.11486046839426342,
    0.06978341685785928,
    0.01080416983811586,
    0.011263424896076117,
    0.3565298206737902,
    0.03228796576981599,
    0.02953243542205445,
    0.008391134787816208,
    0.017763051563818726,
    0.015692511810980962,
    0.007854039889523705,
    0.05995224502389652,
    0.011995119395199236,
    0.009543164424733462,
    0.016540966070602455,
    0.040344389244203534,
    0.14798132045563445,
    0.01093649756668068,
    0.02383455910973398,
    0.05308677110659234,
    0.18376429505636835,
    0.06028695633732518,
    0.011193369039777095,
    0.36229775284240967,
    0.004203351377941329,
    0.007332512959297651,
    0.07169049294599934,
    0.01477400169506045,
    0.008795901957543891,
    0.06041928406588999,
    0.016377502405904732,
    0.13068530793380922,
    0.005697876312320468,
    0.019981487013287762,
    0.0025142268427315725,
    0.028061262439774984,
    0.41053510189630305,
    0.17115424092254433,
    0.29248320004841744,
    0.04182334621051623,
    0.017475044154589416,
    0.015645807906781613,
    0.0055188446795563,
    0.0074025688155966735,
    0.05980434932726524
  ],