{
  "hour": 20,
  "dispatch": 2,
  "load": 0.7142371033843731,
  "wind": 0.314519237017807,
  "solar": 0.0004236357314668412,
  "gen": [
    47,
    1,
    2,
    3,
    4,
    5,
    6,
    7,
    8,
    9,
    10,
    11,
    12,
    13,
    14,
    15,
    16,
    17,
    18,
    19,
    20,
    21,
    22,
    23,
    24,
    25,
    26,
    27,
    28,
    29,
    30,
    31,
    32,
    33,
    34,
    35,
    36,
    37,
    38,
    39,
    40,
    41,
    42,
    43,
    44,
    45,
    46,
    48,
    49
  ],
  "pg": [
    4.0826451734489915,
    0.04507349333215842,
    0.04507349333619298,
    0.04507349333216007,
    0.0450734933361928,
    0.09024649331831643,
    0.266617957219995,
    0.046764993489645725,
    0.025829577820850384,
    0.025829577820850384,
    0.025829577820850384,
    0.025829577820850384,
    0.025829577820850384,
    0.025829577820850384,
    0.0,
    0.02387999311867057,
    0.17909999310092956,
    0.17909999309389912,
    0.03183999286441097,
    0.049749992871643514,
    0.06268499286925534,
    0.17909999343922728,
    0.20836270413955676,
    0.47713826332549386,
    0.004315203931884312,
    0.4114855177903969,
    0.00016199660916999423,
    0.00016199660916999423,
    0.00016199660916999423,
    0.0005559863121487858,
    0.0005559863121487858,
    0.2848034595043646,
    6.725640872767571e-06,
    9.619327100124975e-05,
    9.619327100124975e-05,
    9.619327100124975e-05,
    9.619327100124975e-05,
    1.3790699925886356,
    0.11939999279490027,
    0.25869999276622796,
    0.09352999279371592,
    0.09352999280035768,
    0.09352999279297255,
    0.09352999279399327,
    0.09352999279357724,
    0.1741249935005843,
    0.0,
    0.6716249925913037,
    0.6716249925913159
  ],
  "qg": [
    -0.4666968562323679,
    0.003155761454565342,
    0.0034737899317813263,
    0.0033006574713127447,
    0.0034300541798366175,
    0.00696795495762362,
    -0.1908856203045549,
    -0.005699039419650775,
    -0.03409901688081158,
    -0.034099038812234944,
    -0.03409901335493483,
    -0.03409904863702578,
    -0.03409904828278629,
    -0.03409901055954331,
    0.0009984377347901795,
    0.0015951122296712235,
    0.009675827048326518,
    0.011516916226291201,
    -0.003598414576402262,
    -0.00549857918555779,
    -0.006998583004292907,
    -0.021999326126608182,
    -0.05181978109626666,
    -0.10732322320574048,
    0.0015823372220862605,
    0.08591544176779924,
    0.027720244371092603,
    0.08410610303197066,
    0.12429898732346041,
    0.11615291126773525,
    0.1160813527752585,
    -0.050158812981130584,
    -0.0065903207000105124,
    -0.0941889065703735,
    -0.09414649520000061,
    -0.094188871848042,
    -0.09418886957111941,
    0.11927753640427753,
    -0.013299579661065255,
    -0.02889957417777372,
    -0.010399575689120179,
    -0.010399579787218217,
    -0.010399574605890525,
    -0.010399575736242079,
    -0.01039957566646462,
    -0.010731098570916501,
    -0.04440946980172347,
    -0.022535873949654932,
    0.029537591281056347
  ],
  "pd": [
    0.05274641008493595,
    0.012106318902365123,
    0.05676042260595613,
    0.16953846123034863,
    0.3048506804665181,
    0.0021641384232546504,
    0.018027344489421577,
    0.3196782427327777,
    0.0050996529181644235,
    0.0054924833250258286,
    0.008085164010311103,
    0.032897760981884225,
    0.010077885528753503,
    0.017120263368123424,
    0.009663628008790568,
    0.016663151621957424,
    0.4220141349056906,
    0.003664036340361834,
    0.045989727086919785,
    0.14828990740466352,
    0.02551254933288981,
    0.2128926534057801,
    0.007320930309689824,
    0.04557546956695685,
    0.014606148764210429,
    0.27380279358239945,
    0.0076209098931112615,
    0.06819535863113994,
    0.014898985976598023,
    0.006785252482151544,
    0.022848444937266094,
    0.04526834761250157,
    0.01102782087625472,
    0.013013400023663278,
    0.0031854974810943044,
    0.01583463658203155,
    0.005385347759518173,
    0.0039568735527494275,
    0.020134343944405476,
    0.007128086291776043,
    0.00993503810807663,
    0.01315624744434015,
    0.006935242273862262,
    0.026855315087252418,
    0.01673457533229586,
    0.010377865112174941,
    0.1468114366006579,
    0.06102441811316084,
    0.09186517623729808,
    0.023726956574428873,
    0.015706073903422362,
    0.01757737511428942,
    0.13399802296594224,
    0.025698250979769743,
    0.004228283652035488,
    0.006313855993917859,
    0.039233044088903615,
    0.015048975768308739,
    0.006392422075290139,
    0.0160060534868438,
    0.026798176118981675,
    0.03452622157760059,
    0.05891741865817694,
    0.35240458680984976,
    0.06125297398624384,
    0.016306033070265236,
    0.015784639984794645,
    0.35551866058060555,
    0.015013263913139523,
    0.0068566761924899805,
    0.010570709130088722,
    0.0052139308547059235,
    0.0056353307457027045,
    0.02111999114707591,
    0.006013876410496421,
    0.005142507144367486,
    0.041190053752176804,
    0.08689408599774283,
    0.2670532529554171,
    0.0037068905665648966,
    0.014698999587650398,
    0.37540302153882654,
    0.0037854566479371774,
    0.032097815426093725,
    0.0313907206937432,
    0.011270661491405405,
    0.025562545930126714,
    0.07755186468547523,
    0.06296000066333247,
    0.24340486246236048,
    0.02811951476024277,
    0.0062210051704778896,
    0.11915617595761496,
    0.012841983118851028,
    0.00438541581478005,
    0.0013856199805656838,
    0.10449288822513379,
    0.5517053081382252,
    0.03142643254891241,
    0.2160852932579082,
    0.010827834487307095,
    0.011020678505220876,
    0.17070266770886516,
    0.008285150399258727,
    0.014948982573834929,
    0.04057580984326623,
    0.008285150399258727,
    0.05864600855889088,
    0.010163593981159628,
    0.2661318870920513,
    0.19123698443116588,
    0.06466702734042115,
    0.010734983663867128,
    0.11457077375388729,
    0.2287201476167778,
    0.10539282697539809,
    0.06403135631840905,
    0.009913610994975099,
    0.010335010885971878,
    0.3271420204631444,
    0.029626555048383796,
    0.027098155702403117,
    0.0076994759744835415,
    0.016298890699231395,
    0.014399020004228961,
    0.007206652373148324,
    0.055010541702664416,
    0.01100639376315319,
    0.008756546887492413,
    0.015177538446917929,
    0.037018909068412056,
    0.13578361572440317,
    0.010035031302550441,
    0.021869940105629506,
    0.04871097045081424,
    0.1686170953669828,
    0.055317663657119695,
    0.010270729546667285,
    0.33243451739922264,
    0.003856880358275615,
    0.006728113513880794,
    0.06578123722170078,
    0.013556220222235401,
    0.008070879268243415,
    0.05543908396469503,
    0.01502754865520721,
    0.1199132672872024,
    0.005228215596773611,
    0.018334466443876856,
    0.002306985843931525,
    0.02574824757700665,
    0.3766957906959522,
    0.15704645429215594,
    0.26837459159667815,
    0.03837595956484237,
    0.016034622970979177,
    0.014356165778025898,
    0.005063941062995205,
    0.006792394853185387,
    0.05487483665302138
  ],