{
  "hour": 20,
  "dispatch": 0,
  "load": 0.7120779744978809,
  "wind": 0.2994069260004235,
  "solar": 0.0006124126412181358,
  "gen": [
    47,
    1,
    2,
    3,
    4,
    5,
    6,
    7,
    8,
    9,
    10,
    11,
    12,
    13,
    14,
    15,
    16,
    17,
    18,
    19,
    20,
    21,
    22,
    23,
    24,
    25,
    26,
    27,
    28,
    29,
    30,
    31,
    32,
    33,
    34,
    35,
    36,
    37,
    38,
    39,
    40,
    41,
    42,
    43,
    44,
    45,
    46,
    48,
    49
  ],
  "pg": [
    4.137213143550271,
    0.045073493202616784,
    0.04507349320673118,
    0.045073493202618525,
    0.045073493206731,
    0.09024649318850524,
    0.25380725117055897,
    0.04676499336062241,
    0.024588494390858785,
    0.024588494390858785,
    0.024588494390858785,
    0.024588494390858785,
    0.024588494390858785,
    0.024588494390858785,
    0.0,
    0.023879992982048272,
    0.17909999296396686,
    0.17909999295679724,
    0.03183999272172251,
    0.049749992729127085,
    0.06268499272669326,
    0.17909999330875323,
    0.19835110033676057,
    0.4542122830196826,
    0.004107863024725811,
    0.39171408128635415,
    0.00023418414435125024,
    0.00023418414435125024,
    0.00023418414435125024,
    0.0008037401489369409,
    0.0008037401489369409,
    0.2711189596319035,
    9.722663091979123e-06,
    0.00013905808879083721,
    0.00013905808879083721,
    0.00013905808879083721,
    0.00013905808879083721,
    1.3790699924402547,
    0.11939999265144136,
    0.25869999262223375,
    0.09352999265024209,
    0.09352999265700804,
    0.09352999264948839,
    0.09352999265052551,
    0.09352999265010037,
    0.17412499337019705,
    0.0,
    0.6716249924449936,
    0.6716249924450062
  ],
  "qg": [
    -0.4666967117263114,
    0.003106209348062122,
    0.0034116224210085947,
    0.0032511583801816415,
    0.0033678762266459465,
    0.006905924759017584,
    -0.19253059488412652,
    -0.005699022842895684,
    -0.034099000084809226,
    -0.03409902229767198,
    -0.03409899649579424,
    -0.03409903226260418,
    -0.03409903190256193,
    -0.0340989936505683,
    0.0009839178524375751,
    0.0015883053874021528,
    0.009610663845351652,
    0.011464978429715106,
    -0.0035983653348096323,
    -0.005498538408938356,
    -0.006998542488353435,
    -0.021999313741941463,
    -0.0508814211834615,
    -0.10573635285704787,
    0.0015865684485572812,
    0.08530428935948038,
    0.02752185462972547,
    0.08350271767785883,
    0.1234084804892024,
    0.11486189420772164,
    0.11479193168956826,
    -0.051027617493733995,
    -0.006590286597106677,
    -0.09418889645094276,
    -0.09414722653979651,
    -0.09418886180658503,
    -0.09418885953910877,
    0.11890335898249862,
    -0.013299572109631463,
    -0.028899566558723215,
    -0.010399568075888219,
    -0.010399572236871013,
    -0.010399566977630342,
    -0.010399568124027616,
    -0.010399568052741443,
    -0.010860681436028842,
    -0.04473142469514678,
    -0.02274011044188917,
    0.029343794433956315
  ],
  "pd": [
    0.0525869584166685,
    0.012069721667739081,
    0.056588836633346594,
    0.169025948806562,
    0.3039291210751855,
    0.0021575962627285792,
    0.017972848076326514,
    0.3187118598257615,
    0.00508423673791487,
    0.005475879623888704,
    0.008060722671316013,
    0.03279831150537239,
    0.0100474202201651,
    0.017068509048714205,
    0.009634414994956328,
    0.01661277914503556,
    0.4207383920118179,
    0.003652960009174129,
    0.04585070077791855,
    0.14784162906525003,
    0.02543542524906431,
    0.21224908185858335,
    0.007298799238603279,
    0.04543769555270979,
    0.014561994578481664,
    0.27297509152376265,
    0.007597871987892389,
    0.06798920500505766,
    0.014853946548025796,
    0.006764740757729868,
    0.02277937440418721,
    0.0451315020236757,
    0.010994483926247281,
    0.01297406069535139,
    0.003175867766260549,
    0.01578676869461802,
    0.005369067927714022,
    0.003944911978718261,
    0.020073478101095263,
    0.007106538185488851,
    0.009905004625265524,
    0.013116476290250966,
    0.006914277132374424,
    0.026774131841120312,
    0.016683986942485348,
    0.010346492969454208,
    0.14636762765803943,
    0.060839942141098946,
    0.09158746907991745,
    0.023655230312819603,
    0.0156585946592084,
    0.01752423895239285,
    0.13359294879554742,
    0.025620565522433754,
    0.004215501609027455,
    0.006294769294561267,
    0.039114443139168606,
    0.01500348292267035,
    0.006373097871756034,
    0.015957667408497512,
    0.02671716560316049,
    0.03442184928722755,
    0.058739312116330204,
    0.3513392726172545,
    0.06106780709293827,
    0.01625674015778662,
    0.015736923236403168,
    0.35444393258606516,
    0.014967879023945457,
    0.006835948555179656,
    0.010538754022568637,
    0.005198169213834531,
    0.0056182952187882815,
    0.02105614570590234,
    0.005995696545272157,
    0.005126961416384742,
    0.041065536789292804,
    0.08663140637741219,
    0.2662459546647577,
    0.003695684687644002,
    0.01465456471516639,
    0.37426818339608625,
    0.0037740132648387686,
    0.03200078417393477,
    0.031295826979181866,
    0.01123659043757656,
    0.02548527070727916,
    0.0773174264709799,
    0.0627696734519882,
    0.24266905292913282,
    0.028034509855981573,
    0.006202199157876543,
    0.11879596848548148,
    0.012803161981471899,
    0.004372158763416989,
    0.001381431270525889,
    0.10417700766903999,
    0.5500375106211431,
    0.031331430877906755,
    0.21543207040458887,
    0.010795102093387875,
    0.010987363146502302,
    0.17018663590499353,
    0.008260104504175417,
    0.014903792006240648,
    0.040453149731224616,
    0.008260104504175417,
    0.058468722486021,
    0.010132869577104846,
    0.2653273740776555,
    0.19065887767180761,
    0.06447153981103815,
    0.01070253195670315,
    0.11422442788920507,
    0.22802872977345642,
    0.10507422591690731,
    0.06383779041373502,
    0.009883642286030586,
    0.010303768290984337,
    0.3261530746592644,
    0.029536994382172103,
    0.027016238352449602,
    0.007676200565087156,
    0.016249619378041643,
    0.014355491965877279,
    0.007184866762683618,
    0.05484424559582679,
    0.010973121587012346,
    0.00873007596734402,
    0.01513165695807997,
    0.03690700141822517,
    0.13537314373179213,
    0.010004695541695226,
    0.021803827579125114,
    0.04856371786075547,
    0.16810736821945974,
    0.05515043912486088,
    0.010239681273279528,
    0.3314295724502937,
    0.003845221062288557,
    0.0067077745197700375,
    0.06558238145125485,
    0.013515239955969779,
    0.008046481111826053,
    0.05527149238052551,
    0.014982120583435414,
    0.11955077113844924,
    0.005212410773324488,
    0.0182790416053606,
    0.0023000118576281554,
    0.025670410980648605,
    0.3755570445299274,
    0.15657170503259404,
    0.26756329891757874,
    0.03825994956977114,
    0.015986150527477427,
    0.014312767287407406,
    0.005048632839189975,
    0.006771861537474847,
    0.054708950780672186
  ],