{
  "hour": 21,
  "dispatch": 3,
  "load": 0.6458934628504671,
  "wind": 0.21233924566167672,
  "solar": 0.00040849059028882386,
  "gen": [
    47,
    1,
    2,
    3,
    4,
    5,
    6,
    7,
    8,
    9,
    10,
    11,
    12,
    13,
    14,
    15,
    16,
    17,
    18,
    19,
    20,
    21,
    22,
    23,
    24,
    25,
    26,
    27,
    28,
    29,
    30,
    31,
    32,
    33,
    34,
    35,
    36,
    37,
    38,
    39,
    40,
    41,
    42,
    43,
    44,
    45,
    46,
    48,
    49
  ],
  "pg": [
    3.645319782011653,
    0.04507349562006236,
    0.045073495622722747,
    0.045073495620063186,
    0.045073495622722747,
    0.09024649561092705,
    0.17999997854740335,
    0.04676499571304253,
    0.017438148210719543,
    0.017438148210719543,
    0.017438148210719543,
    0.017438148210719543,
    0.017438148210719543,
    0.017438148210719543,
    0.0,
    0.023879995452016717,
    0.17909999544017974,
    0.17909999543549004,
    0.031839995306915315,
    0.04974999531132086,
    0.06268499530972559,
    0.17909999568005872,
    0.14067050346594756,
    0.3221271292385901,
    0.002913294450478205,
    0.27780343509917166,
    0.00015620516776408507,
    0.00015620516776408507,
    0.00015620516776408507,
    0.000536109586544497,
    0.000536109586544497,
    0.1922774337315615,
    6.485196611425367e-06,
    9.275432437452206e-05,
    9.275432437452206e-05,
    9.275432437452206e-05,
    9.275432437452206e-05,
    1.3790699950977736,
    0.11939999525782746,
    0.2586999952386291,
    0.09352999525696262,
    0.09352999526140991,
    0.09352999525643019,
    0.0935299952571397,
    0.09352999525687408,
    0.17412499570440526,
    0.0,
    0.6716249951246147,
    0.6716249951246224
  ],
  "qg": [
    -0.46669848174580575,
    0.0021877189087086838,
    0.002263270879656742,
    0.0023331047867321533,
    0.0022194578049186176,
    0.005738490374369854,
    -0.1960795178607007,
    -0.0056994190809809405,
    -0.034099406823786385,
    -0.03409941802439668,
    -0.03409940461292526,
    -0.03409942335886909,
    -0.0340994231332926,
    -0.03409940284311869,
    0.0005610010211456512,
    0.0013906041592591336,
    0.007735667963448695,
    0.009988659501189755,
    -0.0035991463176097797,
    -0.005499208217942002,
    -0.006999209052690081,
    -0.02199958232615078,
    -0.08267700435187356,
    -0.17631079935644423,
    0.0003399066124763847,
    0.019638787584566823,
    0.02112514801640071,
    0.06406136727372451,
    0.09470648944742026,
    0.06789829751647379,
    0.06787371726616563,
    -0.07613936301749516,
    -0.0065980463874701885,
    -0.09419797667816393,
    -0.0941965335832469,
    -0.09419796596819854,
    -0.09419796514082256,
    0.09331897383383411,
    -0.013299715037566046,
    -0.02889971100281389,
    -0.01039971225447905,
    -0.010399715137778553,
    -0.010399711477157202,
    -0.01039971228500396,
    -0.010399712239814073,
    -0.01883767378210483,
    -0.0690368361909498,
    -0.03259523909423446,
    0.01991711718395145
  ],
  "pd": [
    0.047699232231506995,
    0.010947894195315418,
    0.05132915349272662,
    0.1533157312768154,
    0.2756802478138364,
    0.0019570571924369153,
    0.01630235100234579,
    0.2890889961026121,
    0.004611679324752335,
    0.004966920729320092,
    0.007311513999467288,
    0.029749852898892513,
    0.009113556760820091,
    0.015482066304525697,
    0.00873893855236682,
    0.015068694488301398,
    0.38163261145982696,
    0.003313433464422896,
    0.04158908007294158,
    0.134100400757014,
    0.023071314493018687,
    0.19252146447183874,
    0.006620407994217288,
    0.04121446186448831,
    0.013208521315292052,
    0.2476032589837266,
    0.006891683248614485,
    0.0616699078329626,
    0.013473337635060744,
    0.0061359878970794375,
    0.020662131876586443,
    0.04093672767546261,
    0.009972595066411212,
    0.01176817889313551,
    0.0028806848443130835,
    0.014319458071394855,
    0.004870036709892522,
    0.0035782497841915883,
    0.018207736717754667,
    0.006446016759247661,
    0.008984378068249997,
    0.011897357585705603,
    0.006271625524278035,
    0.024285594203177555,
    0.015133283834586444,
    0.009384832015217287,
    0.13276340128891354,
    0.05518513746594391,
    0.08307481719182709,
    0.021456580835892518,
    0.014203197248081771,
    0.015895438120749995,
    0.12117607256537613,
    0.023239246793359807,
    0.0038236893000747653,
    0.00570969821159813,
    0.035478927914376165,
    0.013608975262259342,
    0.0057807464925116805,
    0.014474472502478967,
    0.024233922726149524,
    0.031222489994191572,
    0.05327975175053504,
    0.31868383457042054,
    0.055391823374056064,
    0.014745747756876164,
    0.014274245528995325,
    0.3214999300684485,
    0.013576680589116819,
    0.006200577243364484,
    0.009559223250186913,
    0.00471502227880841,
    0.005096099421890187,
    0.01909906969648831,
    0.005438422957200933,
    0.004650432932523363,
    0.037248676002586446,
    0.07857939869038784,
    0.24149956575978965,
    0.0033521870721939244,
    0.013292487465462613,
    0.3394816040742056,
    0.0034232353531074757,
    0.02902645222049999,
    0.02838701769227803,
    0.01019219884378037,
    0.02311652703541822,
    0.07013111219630372,
    0.05693550875026867,
    0.22011403320481068,
    0.02542882563242289,
    0.005625732061427569,
    0.10775440640734343,
    0.011613164462051398,
    0.003965785861901868,
    0.0012530333179299063,
    0.09449421361502335,
    0.49891394644421483,
    0.02841931236542055,
    0.1954086082507803,
    0.009791744896813082,
    0.009966136131782707,
    0.15436853762126163,
    0.007492364169065418,
    0.013518550177460276,
    0.03669320762453503,
    0.007492364169065418,
    0.053034312234651854,
    0.009191063976362147,
    0.24066636319271262,
    0.17293797467821256,
    0.058479194126481296,
    0.00970777874664252,
    0.10360777037584343,
    0.2068344636086051,
    0.09530803937821493,
    0.057904348944544375,
    0.008965001264364484,
    0.00934607840744626,
    0.29583858278939945,
    0.026791660839037376,
    0.024505197980546723,
    0.006962731529528035,
    0.01473928882224766,
    0.013021212211065418,
    0.006517065040161214,
    0.04974671450874298,
    0.009953218262525699,
    0.007918653854546726,
    0.013725236085572428,
    0.03347665817953971,
    0.12279080622250231,
    0.009074803153049062,
    0.019777257832481306,
    0.044049934166401856,
    0.15248252870973827,
    0.05002444869776868,
    0.009287947995789718,
    0.3006246533491214,
    0.0034878246993925227,
    0.0060843164200514,
    0.05948678792852803,
    0.012259057924901865,
    0.0072985961302102775,
    0.05013425058645325,
    0.013589598458373828,
    0.10843905347796493,
    0.004727940148065419,
    0.01658008519137149,
    0.0020862358850070087,
    0.023284459335759337,
    0.3406506712419649,
    0.1420190546115607,
    0.242694468666063,
    0.0347038557589556,
    0.014500308240992988,
    0.012982458603294389,
    0.004579384651609812,
    0.006142446831707941,
    0.049623994750801384
  ],