{
  "hour": 21,
  "dispatch": 1,
  "load": 0.7000360299072417,
  "wind": 0.29431846324617367,
  "solar": 0.000468560260406073,
  "gen": [
    47,
    1,
    2,
    3,
    4,
    5,
    6,
    7,
    8,
    9,
    10,
    11,
    12,
    13,
    14,
    15,
    16,
    17,
    18,
    19,
    20,
    21,
    22,
    23,
    24,
    25,
    26,
    27,
    28,
    29,
    30,
    31,
    32,
    33,
    34,
    35,
    36,
    37,
    38,
    39,
    40,
    41,
    42,
    43,
    44,
    45,
    46,
    48,
    49
  ],
  "pg": [
    3.9852855676855397,
    0.0450734942483714,
    0.04507349425185418,
    0.045073494248372696,
    0.045073494251854064,
    0.09024649423641616,
    0.24949376129378142,
    0.04676499438151185,
    0.02417060947562877,
    0.02417060947562877,
    0.02417060947562877,
    0.02417060947562877,
    0.02417060947562877,
    0.02417060947562877,
    0.0,
    0.023879994056764265,
    0.17909999404140006,
    0.1790999940353154,
    0.031839993843573305,
    0.049749993849707116,
    0.0626849938476385,
    0.17909999433809637,
    0.19498009553132511,
    0.4464928814829754,
    0.004038049315737503,
    0.385056845464969,
    0.00017917556933824067,
    0.00017917556933824067,
    0.00017917556933824067,
    0.0006149459827210967,
    0.0006149459827210967,
    0.2665112548386752,
    7.4388626942068146e-06,
    0.00010639410408936535,
    0.00010639410408936535,
    0.00010639410408936535,
    0.00010639410408936535,
    1.3790699935979382,
    0.1193999937826347,
    0.258699993757785,
    0.09352999378158441,
    0.09352999378734088,
    0.09352999378092859,
    0.09352999378182193,
    0.09352999378146568,
    0.1741249943866535,
    0.0,
    0.6716249936070526,
    0.6716249936070626
  ],
  "qg": [
    -0.46669749272701516,
    0.0029516355446728678,
    0.0032186007623189023,
    0.003096667490030207,
    0.0031748328047996486,
    0.0067087412510207604,
    -0.19186640080342157,
    -0.005699187905867759,
    -0.0340991692581263,
    -0.03409918698679669,
    -0.03409916623657758,
    -0.03409919506282362,
    -0.03409919475710608,
    -0.03409916383182917,
    0.0009067798417400892,
    0.0015520240031310726,
    0.009269573019714254,
    0.011197165012154904,
    -0.003598700274939798,
    -0.005498821861242117,
    -0.0069988242849247685,
    -0.021999426649794946,
    -0.05862494290401287,
    -0.12256619432020073,
    0.0013272062680920774,
    0.07145794323495874,
    0.02632718699753795,
    0.07987047935412764,
    0.118047399079115,
    0.10581886950047088,
    0.10575933344329004,
    -0.05583225094029263,
    -0.00659421578384234,
    -0.09419372313527352,
    -0.09417692127198585,
    -0.09419369970741358,
    -0.09419369806949554,
    0.11387610144169644,
    -0.013299634563843967,
    -0.028899629693976477,
    -0.010399631090967618,
    -0.010399634682664381,
    -0.01039963013728498,
    -0.010399631131707353,
    -0.010399631071376121,
    -0.012755304837871287,
    -0.049524450566063055,
    -0.024640887389655773,
    0.027523181740371726
  ],
  "pd": [
    0.0516976608086498,
    0.011865610706927746,
    0.05563186329672849,
    0.16616755241908196,
    0.2987893782850089,
    0.0021211091706189425,
    0.017668909394858778,
    0.31332212626588324,
    0.0049982572535377055,
    0.005383277069986688,
    0.007924407858549976,
    0.03224365953752755,
    0.00987750838199118,
    0.016779863636876585,
    0.00947148748464498,
    0.01633184057773595,
    0.4136232886309928,
    0.00359118483342415,
    0.04507531996572729,
    0.1453414805293415,
    0.025005286988286673,
    0.2086597394344515,
    0.007175369306549228,
    0.044669299068381095,
    0.014315736811603091,
    0.2683588120649411,
    0.007469384439110269,
    0.06683944013554344,
    0.014602751583865061,
    0.006650342284118795,
    0.02239415259673266,
    0.04436828357552098,
    0.010808556301767813,
    0.012754656464909944,
    0.003122160693386298,
    0.015519798783043546,
    0.005278271665500602,
    0.0038781996056861195,
    0.01973401568308514,
    0.006986359578474271,
    0.009737501176009732,
    0.012894663670891392,
    0.006797349850399316,
    0.026321354724512278,
    0.016401844180726672,
    0.010171523514552222,
    0.14389240594743352,
    0.05981107839527473,
    0.09003863416666943,
    0.02325519691351857,
    0.015393792297660244,
    0.017227886696017217,
    0.1313337595708976,
    0.025187296356062556,
    0.004144213297050871,
    0.006188318504380017,
    0.03845297912280479,
    0.014749759150145581,
    0.006265322467669813,
    0.015687807430221287,
    0.026265351842119707,
    0.03383974168571605,
    0.05774597210704837,
    0.3453977771562331,
    0.06003508992484505,
    0.015981822562782327,
    0.015470796260950041,
    0.3484499342466286,
    0.01471475734865022,
    0.0067203458871095195,
    0.010360533242627177,
    0.005110263018322864,
    0.005523284275968138,
    0.020700065404357135,
    0.005894303371818975,
    0.00504025941533214,
    0.040371077844750636,
    0.08516638339851502,
    0.26174347158231764,
    0.0036331869952185842,
    0.014406741495491034,
    0.36793893731924626,
    0.003710190958508381,
    0.031459619184031444,
    0.030766583514423275,
    0.011046568551936272,
    0.02505428951038018,
    0.0760099121273283,
    0.06170817603632335,
    0.23856527863208887,
    0.027560418497448107,
    0.006097313820492075,
    0.11678701086942514,
    0.012586647817732204,
    0.004298221223630464,
    0.0013580698980200489,
    0.10241527117542946,
    0.5407358309415498,
    0.03080158531591863,
    0.21178890048813687,
    0.010612546213393784,
    0.010801555941468739,
    0.16730861114783074,
    0.008120417946924002,
    0.01465175410595857,
    0.0397690468590304,
    0.008120417946924002,
    0.05747995841568362,
    0.009961512705580048,
    0.2608404251037374,
    0.18743464700766396,
    0.06338126214780167,
    0.010521541529505843,
    0.11229277955742063,
    0.224172537857196,
    0.10329731657311259,
    0.06275823008118421,
    0.009716500095112515,
    0.010129521352757787,
    0.3206375027784139,
    0.029037494520552386,
    0.02655936697468075,
    0.007546388402400065,
    0.015974822202483255,
    0.014112726362929992,
    0.007063363541764068,
    0.05391677502345576,
    0.010787555220870593,
    0.008582441726662783,
    0.014875765635528887,
    0.03628286743009234,
    0.13308384964566572,
    0.009835506220196745,
    0.021435103235759742,
    0.04774245723967388,
    0.16526450594050163,
    0.054217790516315874,
    0.010066518110066135,
    0.32582476976002656,
    0.003780194561499105,
    0.006594339401726216,
    0.06447331835445697,
    0.013286683847639447,
    0.00791040713795183,
    0.05433679664140009,
    0.014728758069248364,
    0.11752904906112681,
    0.005124263738921009,
    0.017969924887718893,
    0.0022611163766003903,
    0.025236298878156063,
    0.3692060025333784,
    0.1539239222560043,
    0.26303853823764606,
    0.037612935886916096,
    0.015715808871417575,
    0.014070724201135558,
    0.004963255452042343,
    0.006657342644417868,
    0.053783768177773375
  ],