{
  "hour": 22,
  "dispatch": 2,
  "load": 0.6433647331703926,
  "wind": 0.29510033549862635,
  "solar": 0.00041508299539624546,
  "gen": [
    47,
    1,
    2,
    3,
    4,
    5,
    6,
    7,
    8,
    9,
    10,
    11,
    12,
    13,
    14,
    15,
    16,
    17,
    18,
    19,
    20,
    21,
    22,
    23,
    24,
    25,
    26,
    27,
    28,
    29,
    30,
    31,
    32,
    33,
    34,
    35,
    36,
    37,
    38,
    39,
    40,
    41,
    42,
    43,
    44,
    45,
    46,
    48,
    49
  ],
  "pg": [
    3.1254117612697097,
    0.04507349560496607,
    0.04507349560763212,
    0.04507349560496686,
    0.045073495607632144,
    0.09024649559580271,
    0.25015655440218554,
    0.04676499570752206,
    0.024234819952489196,
    0.024234819952489196,
    0.024234819952489196,
    0.024234819952489196,
    0.024234819952489196,
    0.024234819952489196,
    0.0,
    0.023879995442304316,
    0.17909999543039196,
    0.17909999542568086,
    0.031839995308392786,
    0.049749995312624674,
    0.06268499531101863,
    0.1790999956766854,
    0.19549807026112995,
    0.4476790129648361,
    0.004048776603041154,
    0.38607976893285284,
    0.00015872607710754264,
    0.00015872607710754264,
    0.00015872607710754264,
    0.0005447615644859588,
    0.0005447615644859588,
    0.26721925580071615,
    6.589857634910792e-06,
    9.425123543264387e-05,
    9.425123543264387e-05,
    9.425123543264387e-05,
    9.425123543264387e-05,
    1.3790699950925491,
    0.11939999525548707,
    0.25869999523603254,
    0.09352999525455827,
    0.09352999525906458,
    0.09352999525399368,
    0.09352999525473146,
    0.09352999525447167,
    0.17412499570201895,
    0.0,
    0.6716249951167009,
    0.6716249951167089
  ],
  "qg": [
    -0.466698701147258,
    0.002255996841519393,
    0.0023501188816372246,
    0.0024008715507236236,
    0.0023064755866466957,
    0.005816832959039334,
    -0.18680367565863945,
    -0.0056994175299936445,
    -0.03409940520645726,
    -0.034099416488877494,
    -0.03409940300237366,
    -0.03409942184468579,
    -0.03409942161880984,
    -0.034099401238620236,
    0.0005460710190587844,
    0.001384844088980348,
    0.007673139605582842,
    0.00994215795845151,
    -0.003599212969465061,
    -0.0054992642009169986,
    -0.006999264848120379,
    -0.02199958217492091,
    -0.09574039569230201,
    -0.2024002389352159,
    6.21869315997774e-06,
    0.007213418283182381,
    0.020766533396706775,
    0.06297205466979625,
    0.09309769813024177,
    0.063941933119642,
    0.06392014000848503,
    -0.07743984152032128,
    -0.00659824916032919,
    -0.09419820351967222,
    -0.09419719414986544,
    -0.09419819351305309,
    -0.09419819273218272,
    0.08932727755166833,
    -0.013299708514572578,
    -0.028899704141662298,
    -0.010399705558234726,
    -0.010399708610698827,
    -0.010399704721208568,
    -0.01039970558736093,
    -0.010399705544284165,
    -0.019501174185609666,
    -0.07285176480376213,
    -0.0334262687053835,
    0.01910699156205691
  ],
  "pd": [
    0.04751248554463349,
    0.010905032227238154,
    0.05112819534505109,
    0.15271548671265608,
    0.27460093541178693,
    0.0019493951415062896,
    0.016238525865220708,
    0.28795718727240427,
    0.004593624194836603,
    0.004947474798080318,
    0.007282888779488844,
    0.02963337960982828,
    0.00907787638503424,
    0.01542145265409431,
    0.00870472483979541,
    0.015009699224865258,
    0.3801384862410581,
    0.003300461081164114,
    0.04142625516884158,
    0.1335753859008369,
    0.02298098826884642,
    0.1917677260160989,
    0.006594488514996524,
    0.04105310362360275,
    0.013156808793334527,
    0.24663387046087,
    0.006864701702928089,
    0.06142846472310908,
    0.01342058833393439,
    0.006111964965118729,
    0.020581237814120856,
    0.04077645678833949,
    0.00993355148015086,
    0.011722105438364553,
    0.002869406709939951,
    0.014263396134387603,
    0.00485097008810476,
    0.003564240621763975,
    0.018136451828073365,
    0.006420780037040517,
    0.008949203438400161,
    0.01185077838499863,
    0.006247071559084512,
    0.024190513967206752,
    0.015074035698182298,
    0.009348089572965804,
    0.1322436209031742,
    0.054969082802078344,
    0.0827495719803759,
    0.02137257643592044,
    0.014147590482416931,
    0.01583320608332336,
    0.12070165759009735,
    0.023148263099470722,
    0.003808719220368724,
    0.00568734424122627,
    0.035340024793049665,
    0.01355569492790017,
    0.005758114361875013,
    0.014417803670348497,
    0.024139044788553127,
    0.031100251201456767,
    0.05307115683922569,
    0.3174361593462718,
    0.055174959516692865,
    0.014688016858280062,
    0.014218360603065677,
    0.3202412295828946,
    0.013523526691241652,
    0.006176301438435768,
    0.00952179805092181,
    0.004696562552143866,
    0.005076147744714398,
    0.019024295159848506,
    0.005417131053294706,
    0.004632226078826826,
    0.03710284416193655,
    0.07827175343750996,
    0.24055407373240978,
    0.0033390629651543374,
    0.01324044620864668,
    0.33815250375435835,
    0.0034098330858030805,
    0.028912811108677442,
    0.028275880022838755,
    0.010152295489428793,
    0.02302602380016835,
    0.06985654272764122,
    0.0567126012289701,
    0.21925226741713807,
    0.025329269544918355,
    0.00560370682591412,
    0.10733253843481659,
    0.011567697902403657,
    0.00395025946166621,
    0.0012481275823505616,
    0.09412426046282844,
    0.49696065449013804,
    0.02830804825949727,
    0.19464356637337055,
    0.00975340935486315,
    0.009927117832819157,
    0.15376417122772382,
    0.007463030904776553,
    0.013465623865256317,
    0.03654955049141,
    0.007463030904776553,
    0.052826678240620935,
    0.009155080153014685,
    0.23972413322662003,
    0.1722609073063726,
    0.058250242941247345,
    0.009669771939551,
    0.10320213684786267,
    0.2060246885031548,
    0.09493490002662312,
    0.05767764832872569,
    0.008929902496405049,
    0.00930948768897558,
    0.2946803487340349,
    0.026686769131907886,
    0.024409257976484695,
    0.006935471823576831,
    0.014681583210948358,
    0.012970233020715115,
    0.0064915501576892605,
    0.049551951748783636,
    0.009914250538155749,
    0.007887651628669013,
    0.013671500579870842,
    0.03334559412022145,
    0.12231006942302333,
    0.009039274501044015,
    0.01969982812967742,
    0.04387747480222077,
    0.15188554620686628,
    0.04982859858404691,
    0.009251584862990245,
    0.29944768140682754,
    0.00347416955912012,
    0.006060495786465098,
    0.05925389192499316,
    0.012211062635574052,
    0.007270021484825436,
    0.04993797058868587,
    0.01353639398590506,
    0.10801450505197721,
    0.004709429846807274,
    0.016515172700483974,
    0.002078068088140368,
    0.023193298630792652,
    0.33931699392139675,
    0.1414630375295059,
    0.241744298488775,
    0.03456798711324519,
    0.014443538259675313,
    0.01293163113672489,
    0.004561455958178084,
    0.006118398612450433,
    0.04942971244948126
  ],