{
  "hour": 22,
  "dispatch": 1,
  "load": 0.6439316100322849,
  "wind": 0.27560913965647876,
  "solar": 0.000399606842295044,
  "gen": [
    47,
    1,
    2,
    3,
    4,
    5,
    6,
    7,
    8,
    9,
    10,
    11,
    12,
    13,
    14,
    15,
    16,
    17,
    18,
    19,
    20,
    21,
    22,
    23,
    24,
    25,
    26,
    27,
    28,
    29,
    30,
    31,
    32,
    33,
    34,
    35,
    36,
    37,
    38,
    39,
    40,
    41,
    42,
    43,
    44,
    45,
    46,
    48,
    49
  ],
  "pg": [
    3.2473412606361247,
    0.045073495580662044,
    0.04507349558334374,
    0.04507349558066286,
    0.04507349558334375,
    0.0902464955714474,
    0.23363386768679706,
    0.046764995681598844,
    0.022634124985148666,
    0.022634124985148666,
    0.022634124985148666,
    0.022634124985148666,
    0.022634124985148666,
    0.022634124985148666,
    0.0,
    0.02387999541568661,
    0.17909999540371824,
    0.1790999953989822,
    0.03183999527828139,
    0.04974999528257935,
    0.06268499528096562,
    0.17909999565005774,
    0.18258554283962403,
    0.4181100892244645,
    0.0037813573960868885,
    0.36057943741257115,
    0.00015280805806625563,
    0.00015280805806625563,
    0.00015280805806625563,
    0.0005244504135374924,
    0.0005244504135374924,
    0.24956958814173466,
    6.344158228276119e-06,
    9.073712725256646e-05,
    9.073712725256646e-05,
    9.073712725256646e-05,
    9.073712725256646e-05,
    1.3790699950626422,
    0.11939999522594577,
    0.2586999952064247,
    0.09352999522502492,
    0.09352999522954683,
    0.09352999522446376,
    0.09352999522520006,
    0.09352999522493737,
    0.17412499567530898,
    0.0,
    0.6716249950875934,
    0.6716249950876015
  ],
  "qg": [
    -0.46669864983395426,
    0.0022356710784878454,
    0.002324385406765058,
    0.002380650302431291,
    0.002280711366095335,
    0.005792873691818288,
    -0.18908150079435543,
    -0.005699414134307263,
    -0.03409940176255535,
    -0.034099413099612064,
    -0.03409939954244449,
    -0.034099418485498766,
    -0.03409941825823926,
    -0.0340993977656777,
    0.0005495386279022337,
    0.001386277000977814,
    0.007687822454049054,
    0.009953199495237871,
    -0.0035991938841838022,
    -0.005499247645419186,
    -0.006999248340265014,
    -0.021999579581450216,
    -0.09293116708589907,
    -0.19689220651206132,
    7.934109608151113e-05,
    0.00978075054369417,
    0.02084764896267241,
    0.06321844255706907,
    0.09346158601986074,
    0.0648280750710509,
    0.06480567357542483,
    -0.0773505711338838,
    -0.006598193129426144,
    -0.09419814429198656,
    -0.09419704253209897,
    -0.09419813408402128,
    -0.09419813328911524,
    0.0902235045605112,
    -0.013299708109355041,
    -0.028899703784737007,
    -0.010399705172224738,
    -0.01039970820663078,
    -0.010399704343096143,
    -0.01039970520183086,
    -0.010399705158035082,
    -0.0193582662327873,
    -0.0720053344500531,
    -0.03326172873688561,
    0.019267996179464383
  ],
  "pd": [
    0.047554349400884245,
    0.010914640790047229,
    0.05117324504926568,
    0.1528500462733635,
    0.27484288979397986,
    0.0019511127783978235,
    0.01625283383721487,
    0.28821091001825005,
    0.004597671695630514,
    0.004951834081148271,
    0.007289305825565466,
    0.02965948995808704,
    0.00908587501755554,
    0.01543504069247387,
    0.008712394683736815,
    0.015022924462053208,
    0.3804734311036758,
    0.0033033691594656217,
    0.04146275636997883,
    0.133693080874903,
    0.02300123711035322,
    0.19193669500232316,
    0.006600299002830921,
    0.041089276036160104,
    0.013168401425160226,
    0.24685118270587644,
    0.00687075027904448,
    0.061482590125882565,
    0.013432413385273463,
    0.006117350295306707,
    0.020599372204932794,
    0.04081238544384622,
    0.00994230405889848,
    0.011732433934788232,
    0.0028719349807439913,
    0.014275963794415756,
    0.004855244339643429,
    0.003567381119578859,
    0.01815243208681011,
    0.0064264374681222034,
    0.008957088695549084,
    0.011861220256794688,
    0.006252575933413487,
    0.024211828537213907,
    0.015087317623056436,
    0.0093563262937691,
    0.13236014244213617,
    0.05501751676115842,
    0.0828224836823525,
    0.021391408085272505,
    0.014160056104609945,
    0.015847156922894533,
    0.12080800935815697,
    0.023168659328961613,
    0.003812075131391127,
    0.005692355432685399,
    0.03537116333907342,
    0.013567639023380243,
    0.00576318790978895,
    0.014430507380823505,
    0.02416031400841133,
    0.031127654028960644,
    0.05311791851156319,
    0.31771585638992944,
    0.05522357487636876,
    0.014700958657037065,
    0.014230888581713497,
    0.32052339820967013,
    0.01353544244287863,
    0.006181743456309935,
    0.009530187828477818,
    0.00470070075323568,
    0.005080620403154729,
    0.019041057708654666,
    0.00542190415647184,
    0.0046363075922324515,
    0.03713553595056188,
    0.0783407196765278,
    0.24076602899107136,
    0.003342005056067559,
    0.013252112534464424,
    0.338450454232969,
    0.0034128375331711103,
    0.028938286554850885,
    0.028300794260918926,
    0.010161240806309455,
    0.02304631232305548,
    0.0699180942173055,
    0.05676257142434591,
    0.21944545338290236,
    0.02535158748697106,
    0.005608644323381202,
    0.1074271105016861,
    0.011577890348380483,
    0.003953740085598229,
    0.0012492273234626329,
    0.09420719454772329,
    0.4973985328533382,
    0.028332990841420536,
    0.19481506929916748,
    0.00976200320808944,
    0.009935864742798155,
    0.15389965479771608,
    0.007469606676374505,
    0.013477488597975724,
    0.03658175476593411,
    0.007469606676374505,
    0.05287322449975092,
    0.009163146810759415,
    0.23993535721412976,
    0.17241268858614428,
    0.05830156797232308,
    0.009678292098785242,
    0.10329306956527882,
    0.2062062194806386,
    0.09501854837636396,
    0.057728468839394344,
    0.008937770747248115,
    0.009317690397167164,
    0.29493999534308746,
    0.02671028318413918,
    0.024430765284624893,
    0.006941582756148031,
    0.014694519340936742,
    0.012981661258250865,
    0.006497269945225755,
    0.04959561260468659,
    0.00992298611059751,
    0.007894601538995813,
    0.013683546713186057,
    0.03337497534797333,
    0.12241783838323769,
    0.009047239120953603,
    0.019717185899188566,
    0.04391613580420183,
    0.15201937449642183,
    0.04987250319700047,
    0.009259736552264258,
    0.2997115285734267,
    0.0034772306941743387,
    0.0060658357665041235,
    0.059306101283973456,
    0.012221821958412768,
    0.007276427193364819,
    0.049981971570705955,
    0.013548321075079275,
    0.10810967800832033,
    0.004713579385436326,
    0.016529724429528752,
    0.00207989910040428,
    0.02321373454166387,
    0.33961597044712744,
    0.1415876824138988,
    0.24195730246963104,
    0.03459844540703467,
    0.014456264645224797,
    0.012943025361648926,
    0.004565475115128901,
    0.006123789611407029,
    0.04947326559878045
  ],