{
  "hour": 2,
  "dispatch": 0,
  "load": 0.6759956901589287,
  "wind": 0.29190335735037304,
  "solar": 0.0004507691396858731,
  "gen": [
    47,
    1,
    2,
    3,
    4,
    5,
    6,
    7,
    8,
    9,
    10,
    11,
    12,
    13,
    14,
    15,
    16,
    17,
    18,
    19,
    20,
    21,
    22,
    23,
    24,
    25,
    26,
    27,
    28,
    29,
    30,
    31,
    32,
    33,
    34,
    35,
    36,
    37,
    38,
    39,
    40,
    41,
    42,
    43,
    44,
    45,
    46,
    48,
    49
  ],
  "pg": [
    3.63598817192163,
    0.045073495037357594,
    0.04507349504036497,
    0.04507349503735858,
    0.045073495040364925,
    0.09024649502702753,
    0.24744647602591122,
    0.04676499515226408,
    0.02397227131904204,
    0.02397227131904204,
    0.02397227131904204,
    0.02397227131904204,
    0.02397227131904204,
    0.02397227131904204,
    0.0,
    0.023879994864029263,
    0.17909999485068817,
    0.17909999484540806,
    0.031839994693540145,
    0.04974999469860996,
    0.06268499469681228,
    0.17909999511584684,
    0.1933801361774751,
    0.4428290692348099,
    0.004004914062847118,
    0.381897162421493,
    0.00017237231593931912,
    0.00017237231593931912,
    0.00017237231593931912,
    0.0005915966312299748,
    0.0005915966312299748,
    0.2643243281479098,
    7.156410861652921e-06,
    0.00010235434547191245,
    0.00010235434547191245,
    0.00010235434547191245,
    0.00010235434547191245,
    1.3790699944682556,
    0.11939999463806919,
    0.2586999946163949,
    0.09352999463709938,
    0.09352999464212049,
    0.09352999463650163,
    0.09352999463730015,
    0.09352999463699899,
    0.17412499515198768,
    0.0,
    0.6716249944845225,
    0.671624994484531
  ],
  "qg": [
    -0.4666982065078214,
    0.002653623295930017,
    0.002846485051798722,
    0.00279862169262035,
    0.0028027529772406217,
    0.00632698187594412,
    -0.18979559264908358,
    -0.005699319255338513,
    -0.03409930415960897,
    -0.03409931819368729,
    -0.0340993016011484,
    -0.03409932471591241,
    -0.03409932445512782,
    -0.034099299558338445,
    0.0007533574140650885,
    0.0014808455491003062,
    0.008591028587083143,
    0.010664113051682876,
    -0.003598994310268588,
    -0.005499072831052223,
    -0.006999074084122372,
    -0.02199951580328371,
    -0.07469705113106884,
    -0.15723977729918207,
    0.0007608006946462463,
    0.043609470391068085,
    0.02395066107010472,
    0.0726466168888375,
    0.10738334190028756,
    0.08781664435262782,
    0.08777553050833062,
    -0.06523691921340494,
    -0.006597041442433535,
    -0.09419693040702817,
    -0.09419305239405011,
    -0.09419691584700393,
    -0.09419691475481703,
    0.1035879839212001,
    -0.013299678651567599,
    -0.028899674135509444,
    -0.010399675511864081,
    -0.010399678758232729,
    -0.01039967463740898,
    -0.010399675546153826,
    -0.010399675495398575,
    -0.01623379000557602,
    -0.05931828380217639,
    -0.028433516991119928,
    0.023888795527057905
  ],
  "pd": [
    0.049922281718236886,
    0.011458126948193842,
    0.05372137749693006,
    0.1604610969730249,
    0.28852848047363394,
    0.002048266941181554,
    0.017062131219611358,
    0.30256215100133327,
    0.00482660922773475,
    0.005198406857322161,
    0.0076522712125990724,
    0.031136361488720253,
    0.009538299188142483,
    0.01620361669310952,
    0.009146221687850306,
    0.015770979451407808,
    0.39941881348730457,
    0.0034678578905153043,
    0.04352736248933342,
    0.14035022519079676,
    0.024146566052476934,
    0.20149403536567187,
    0.006928955824129019,
    0.04313528498904124,
    0.01382411186375009,
    0.2591429478224253,
    0.007212874013995769,
    0.06454406849637451,
    0.014101270096715253,
    0.0064219590565098225,
    0.021625102128184127,
    0.042844606842272905,
    0.01043737345605386,
    0.01231664147469568,
    0.0030149407781088224,
    0.014986824450823447,
    0.005097007503798322,
    0.0037450161234804653,
    0.0190563185055802,
    0.006746436987786108,
    0.009403100050110698,
    0.012451840612727466,
    0.006563918151443198,
    0.02541743794997571,
    0.0158385790204237,
    0.009822217378009233,
    0.1389509141121678,
    0.05775707176717887,
    0.08694656566824141,
    0.022456576827079612,
    0.014865145226594842,
    0.016636253934811236,
    0.1268235514307166,
    0.024322324931918254,
    0.004001894485740858,
    0.00597580190100493,
    0.037132443260429956,
    0.014243229191648627,
    0.0060501614269224116,
    0.015149063416461592,
    0.025363358294763,
    0.0326776316622826,
    0.055762884481210036,
    0.3335362735244155,
    0.057973390388029726,
    0.015432981606328342,
    0.014939504752512324,
    0.33648361473350835,
    0.014209429407140681,
    0.006489558625525715,
    0.010004736214352146,
    0.00493476853816018,
    0.0053336059953539485,
    0.01998919255799952,
    0.00569188371113818,
    0.004867168969144286,
    0.038984671451465426,
    0.08224163566473526,
    0.25275478855042344,
    0.00350841763192484,
    0.013911991303470752,
    0.35530333474753295,
    0.003582777157842322,
    0.030379246315742257,
    0.029710010582484916,
    0.010667211990707894,
    0.02419388575078806,
    0.07339961203745647,
    0.05958902008750956,
    0.2303725712492613,
    0.026613950321557025,
    0.00588792246128427,
    0.11277636098921408,
    0.012154402509057537,
    0.004150613537575822,
    0.0013114316389083217,
    0.09889816947025128,
    0.5221661109063629,
    0.029743810366992862,
    0.20451573610068227,
    0.010248094662809359,
    0.01043061349915227,
    0.16156296994798394,
    0.007841550005843571,
    0.014148589795026378,
    0.03840331515792874,
    0.007841550005843571,
    0.05550600611894964,
    0.009619418670961555,
    0.2518827541101185,
    0.18099784604005315,
    0.06120464978698941,
    0.010160215223088699,
    0.10843646865839375,
    0.21647409985959373,
    0.09974992403985151,
    0.060603013622747955,
    0.00938282017940593,
    0.009781657636599697,
    0.3096263059634941,
    0.028040301227792365,
    0.025647276484629757,
    0.007287233539913251,
    0.015426221649426752,
    0.013628073113604002,
    0.006820796513703591,
    0.05206518805604069,
    0.010417093585349091,
    0.008287707161348466,
    0.014364908415877236,
    0.03503685662093727,
    0.12851354065611392,
    0.009497739446732947,
    0.0206989880326664,
    0.046102906068838934,
    0.1595890625327199,
    0.05235586620280903,
    0.009720818024485395,
    0.31463543402757177,
    0.003650376726858215,
    0.006367879401297108,
    0.062259203063637344,
    0.012830398199216466,
    0.0076387512987958935,
    0.05247078547013604,
    0.014222949320943859,
    0.11349291642078255,
    0.004948288451963358,
    0.017352809366379698,
    0.0021834660792133397,
    0.02436964463022938,
    0.35652688694672063,
    0.14863793235214523,
    0.25400538057721744,
    0.03632124843223924,
    0.01517610324406795,
    0.013587513372194467,
    0.0047928094432268045,
    0.006428719013411411,
    0.05193674887491049
  ],