{
  "hour": 4,
  "dispatch": 2,
  "load": 0.6694974144708778,
  "wind": 0.5018166077227083,
  "solar": 0.0004606803397943486,
  "gen": [
    47,
    1,
    2,
    3,
    4,
    5,
    6,
    7,
    8,
    9,
    10,
    11,
    12,
    13,
    14,
    15,
    16,
    17,
    18,
    19,
    20,
    21,
    22,
    23,
    24,
    25,
    26,
    27,
    28,
    29,
    30,
    31,
    32,
    33,
    34,
    35,
    36,
    37,
    38,
    39,
    40,
    41,
    42,
    43,
    44,
    45,
    46,
    48,
    49
  ],
  "pg": [
    2.3204695038145555,
    0.04507349828119159,
    0.045073498282228605,
    0.0450734982811916,
    0.04507349828222861,
    0.09024649827760828,
    0.4253899383665398,
    0.04676499833004603,
    0.04121118709261971,
    0.04121118709261971,
    0.04121118709261971,
    0.04121118709261971,
    0.04121118709261971,
    0.04121118709261971,
    0.0,
    0.023879998227037215,
    0.17909999822233322,
    0.17909999822050027,
    0.031839998179480286,
    0.04974999818105317,
    0.06268499818042322,
    0.1790999983196716,
    0.3324434662841398,
    0.7612758665796574,
    0.006884923857955558,
    0.6565266678836192,
    0.00017616231921599974,
    0.00017616231921599974,
    0.00017616231921599974,
    0.0006046042488315398,
    0.0006046042488315398,
    0.4544049746250668,
    7.313761074575079e-06,
    0.00010460484203574358,
    0.00010460484203574358,
    0.00010460484203574358,
    0.00010460484203574358,
    1.379069998095518,
    0.11939999815662584,
    0.258699998148974,
    0.09352999815624678,
    0.09352999815801692,
    0.09352999815601706,
    0.09352999815631283,
    0.09352999815621374,
    0.17412499833307293,
    0.0,
    0.6716249980984732,
    0.6716249980984734
  ],
  "qg": [
    -0.46669956049240285,
    0.003015678135491221,
    0.003302492768368258,
    0.003160042742899884,
    0.003258866825588025,
    0.006771246118193267,
    -0.1607901637160795,
    -0.0056997677753901025,
    -0.0340997621529563,
    -0.03409976687450653,
    -0.034099761286901197,
    -0.03409976907247722,
    -0.0340997689819999,
    -0.03409976059442253,
    0.0007120823916847722,
    0.0014598949995371763,
    0.008413121294577993,
    0.010528245683933546,
    -0.0035997162314315104,
    -0.005499731931642648,
    -0.006999731977882961,
    -0.0219998344140962,
    -0.10080439662617406,
    -0.20542404444983942,
    -6.216459456238053e-07,
    0.022958601431692906,
    0.023049448276466378,
    0.06990858487472346,
    0.10334079587769479,
    0.0784954480615597,
    0.0784622997713351,
    -0.06002624420680631,
    -0.006599356114261082,
    -0.09419931543348885,
    -0.09419896295087989,
    -0.09419931127227126,
    -0.09419931094505564,
    0.09461407284758083,
    -0.01329988469140321,
    -0.028899882872271684,
    -0.01039988351415031,
    -0.010399884741111285,
    -0.010399883175155326,
    -0.010399883525740991,
    -0.010399883508587206,
    -0.01919164346242723,
    -0.0677002767832929,
    -0.029939044719737466,
    0.02241048327607663
  ],
  "pd": [
    0.04944238405867433,
    0.01134798117528138,
    0.05320495952800066,
    0.15891860127295226,
    0.28575488644446007,
    0.00202857716584676,
    0.016898114741244957,
    0.2996536527688755,
    0.004780211539322067,
    0.00514843511728105,
    0.007578710731810338,
    0.030837050910528633,
    0.009446608518184086,
    0.016047853024866943,
    0.009058300017790977,
    0.01561937467960558,
    0.39557924231426284,
    0.0034345217362356036,
    0.043108938517779825,
    0.13900105319244366,
    0.023914447644899757,
    0.19955709433133456,
    0.006862348498326498,
    0.04272063001738672,
    0.013691222125929452,
    0.256651833837411,
    0.007143537412404267,
    0.06392361313367942,
    0.013965716065862511,
    0.006360225437473339,
    0.02141722228892338,
    0.04243274612916424,
    0.010337040079430355,
    0.012198242891659394,
    0.0029859584685401155,
    0.014842757678819362,
    0.005048010505110419,
    0.0037090156761686636,
    0.018873132113934047,
    0.006681584196419361,
    0.00931270903528991,
    0.01233214237455357,
    0.0065008198945122235,
    0.025173102784105,
    0.015686324421052666,
    0.009727797432261855,
    0.13761519354448895,
    0.0572018590923918,
    0.08611075744924432,
    0.022240704108722562,
    0.014722248144214604,
    0.016476331370128303,
    0.1256044099288814,
    0.024088516972662184,
    0.003963424693667597,
    0.0059183571439225605,
    0.03677549297688532,
    0.014106310522901394,
    0.005992001859514357,
    0.015003437058292372,
    0.025119542990947336,
    0.03236350501552223,
    0.05522684171970272,
    0.3303300242999312,
    0.05741609826502249,
    0.01528462597237014,
    0.014795892859806401,
    0.33324903302702413,
    0.014072835652177852,
    0.0064271751789204265,
    0.009908561734168993,
    0.004887331125637408,
    0.005282334600175227,
    0.019797038545903856,
    0.005637168229844791,
    0.0048203813841903205,
    0.03860991589253553,
    0.081451055444527,
    0.2503250832706612,
    0.0034746915811038562,
    0.013778256789810667,
    0.35188784104589343,
    0.0035483362966956524,
    0.03008721380632125,
    0.029424411365995082,
    0.010564669200350452,
    0.02396131246391272,
    0.07269402926324792,
    0.059016197085607874,
    0.22815802387753045,
    0.026358113207718463,
    0.005831322480041347,
    0.11169225365617655,
    0.012037563512186383,
    0.00411071412485119,
    0.001298824984073503,
    0.09794747173708944,
    0.5171465828338849,
    0.029457886236718623,
    0.20254974777401938,
    0.010149580803378508,
    0.010330345105285644,
    0.1600098820585398,
    0.0077661700078621825,
    0.014012580884875473,
    0.03803414811609057,
    0.0077661700078621825,
    0.05497243270220378,
    0.00952694820792059,
    0.24946143160599388,
    0.17925793272457755,
    0.06061629590619329,
    0.010062546139497294,
    0.10739408025527351,
    0.21439315703600922,
    0.09879103847932273,
    0.06002044320731419,
    0.009292624112855785,
    0.009687627587393603,
    0.3066499007500962,
    0.027770752752252017,
    0.025400731905025106,
    0.007217182127996063,
    0.015277930998225433,
    0.013497067875732897,
    0.006755228912011158,
    0.051564690862547016,
    0.010316955156996228,
    0.008208038301412963,
    0.014226820057506155,
    0.0347000509920256,
    0.12727815346505858,
    0.009406438673315833,
    0.02050001083109828,
    0.045659723666913864,
    0.15805494960828484,
    0.051852574750769494,
    0.009627372820091224,
    0.3116108765913254,
    0.0036152860381427404,
    0.006306665644315669,
    0.06166071187276786,
    0.012707060926657262,
    0.0075653207835209195,
    0.05196638931122954,
    0.01408622560046727,
    0.1124019209155157,
    0.004900721073926826,
    0.017185998629467434,
    0.0021624766487409355,
    0.024135381791675146,
    0.35309963136608574,
    0.1472090914938566,
    0.2515636534874323,
    0.03597209607952027,
    0.015030216954871209,
    0.013456898030864644,
    0.004746736668598524,
    0.006366920411618048,
    0.051437486353797544
  ],