{
  "hour": 6,
  "dispatch": 0,
  "load": 0.6680590491399205,
  "wind": 0.7755628994183957,
  "solar": 0.0004507940961815169,
  "gen": [
    47,
    1,
    2,
    3,
    4,
    5,
    6,
    7,
    8,
    9,
    10,
    11,
    12,
    13,
    14,
    15,
    16,
    17,
    18,
    19,
    20,
    21,
    22,
    23,
    24,
    25,
    26,
    27,
    28,
    29,
    30,
    31,
    32,
    33,
    34,
    35,
    36,
    37,
    38,
    39,
    40,
    41,
    42,
    43,
    44,
    45,
    46,
    48,
    49
  ],
  "pg": [
    0.7257214433193675,
    0.04507349627304857,
    0.045073496275284015,
    0.04507349627304916,
    0.0450734962752839,
    0.09024649626530078,
    0.657444669836974,
    0.04676499640401692,
    0.06369232755183633,
    0.06369232755183633,
    0.06369232755183633,
    0.06369232755183633,
    0.06369232755183633,
    0.06369232755183633,
    0.0,
    0.023879996173503493,
    0.17909999616323202,
    0.17909999615926592,
    0.03183999609947286,
    0.04974999610261781,
    0.06268499610125289,
    0.17909999638759916,
    0.5137949096066987,
    1.176559940933683,
    0.01064072298002039,
    1.014668941309087,
    0.00017238185920342733,
    0.00017238185920342733,
    0.00017238185920342733,
    0.0005916293845341615,
    0.0005916293845341615,
    0.7022877166813457,
    7.156807070977762e-06,
    0.0001023600122435523,
    0.0001023600122435523,
    0.0001023600122435523,
    0.0001023600122435523,
    1.3790699959042676,
    0.11939999604025023,
    0.25869999602366317,
    0.09352999603943282,
    0.09352999604325485,
    0.09352999603893228,
    0.0935299960395743,
    0.09352999603936209,
    0.17412499642048448,
    0.0,
    0.6716249959012743,
    0.6716249959012786
  ],
  "qg": [
    -0.46669919980354474,
    0.0039946397956817726,
    0.004530382250826862,
    0.004137585734138097,
    0.004487140671131308,
    0.007994571379895793,
    -0.11361940286583526,
    -0.00569950063002064,
    -0.03409948852758932,
    -0.03409949915649732,
    -0.034099486800027744,
    -0.03409950392854396,
    -0.034099503743899306,
    -0.034099485434986324,
    0.0006907547842706258,
    0.0014492896133969074,
    0.008308264025185481,
    0.010437718997596636,
    -0.003599454468706699,
    -0.0054994818470589235,
    -0.006999482056213027,
    -0.021999642707841462,
    -0.10635280165345104,
    -0.20071365543526773,
    -0.0003591765030688634,
    0.036472468827357434,
    0.022634431826239924,
    0.06864684327666117,
    0.10147797072001512,
    0.07418743068111683,
    0.07415806278662321,
    -0.02948683902730576,
    -0.006598680753391506,
    -0.09419863252400452,
    -0.09419799389089273,
    -0.09419862446941844,
    -0.094198623836437,
    0.08823836883081797,
    -0.01329975167744552,
    -0.028899747719814597,
    -0.010399749075336796,
    -0.010399751761906858,
    -0.010399748327297353,
    -0.010399749098683424,
    -0.01039974906418017,
    -0.01960308140100203,
    -0.07288542519364509,
    -0.028242765751546682,
    0.0239544728970503
  ],
  "pd": [
    0.04933616077898313,
    0.011323600882921652,
    0.053090652635149484,
    0.15857717649434294,
    0.2851409633539009,
    0.002024218918893959,
    0.016861810400291593,
    0.2990098692140456,
    0.004769941610859032,
    0.0051373740878859885,
    0.0075624284362639,
    0.03077079980338474,
    0.009426313183364279,
    0.016013375407883897,
    0.009038838934863125,
    0.015585817616434346,
    0.39472936977481343,
    0.003427142922087792,
    0.043016322174119485,
    0.1387024197824303,
    0.023863069235277964,
    0.1991283607771361,
    0.006847605253684186,
    0.042628847925618336,
    0.013661807554911375,
    0.2561004364877886,
    0.007128190054322953,
    0.06378627801187961,
    0.013935711765058742,
    0.006346560966829245,
    0.021371208981986058,
    0.042341582534488165,
    0.010314831718720373,
    0.012172035875329352,
    0.002979543359164046,
    0.014810869119432038,
    0.005037165230515001,
    0.00370104713223516,
    0.01883258459525436,
    0.006667229310416406,
    0.009292701373536294,
    0.012305647685157335,
    0.006486853367148628,
    0.025119020247661005,
    0.015652623521348337,
    0.009706897984003045,
    0.13731953755071066,
    0.057078965158514815,
    0.08592575490037659,
    0.02219292161242816,
    0.014690618490586851,
    0.016440933199333443,
    0.1253345582091405,
    0.02403676458805434,
    0.00395490957090833,
    0.005905641994396898,
    0.03669648356925584,
    0.014076004165378124,
    0.005979128489802288,
    0.014971203291225619,
    0.025065575523729816,
    0.03229397443542375,
    0.05510819096355205,
    0.32962033484563685,
    0.057292744054239585,
    0.015251788091864386,
    0.014764104985992245,
    0.3325330722998868,
    0.01404260121292113,
    0.006413366871743237,
    0.009887273927270825,
    0.00487683105872142,
    0.005270985897713974,
    0.01975450608306745,
    0.005625057193758131,
    0.004810025153807428,
    0.03852696536389923,
    0.08127606391836273,
    0.2497872784734163,
    0.003467226465036188,
    0.013748655231299565,
    0.35113183622794225,
    0.003540712960441579,
    0.03002257366834803,
    0.02936119520969951,
    0.010541971795427945,
    0.023909833368717756,
    0.07253785155561257,
    0.05888940518168399,
    0.2276678433563935,
    0.026301484764638672,
    0.005818794318008708,
    0.11145229116801295,
    0.012011701703535771,
    0.004101882561719112,
    0.001296034555331446,
    0.09773703888917039,
    0.5160355319176402,
    0.0293945981621565,
    0.20211458472679153,
    0.010127775184961196,
    0.010308151128228974,
    0.159666112744441,
    0.0077494849700230775,
    0.013982475898498537,
    0.03795243458163888,
    0.0077494849700230775,
    0.05485432852487888,
    0.00950648026926107,
    0.24892548230002587,
    0.17887281040721373,
    0.06048606630912841,
    0.010040927508573006,
    0.10716335207253465,
    0.21393254930607677,
    0.09857879329108667,
    0.05989149375539387,
    0.009272659602062097,
    0.00966681444105465,
    0.3059910862775578,
    0.027711089358323907,
    0.025346160324368587,
    0.007201676549728343,
    0.015245107501372987,
    0.013468070430660799,
    0.006740715805821799,
    0.051453907964756684,
    0.010294789947246176,
    0.008190403942455425,
    0.014196254794223312,
    0.034625500516922085,
    0.1270047058319903,
    0.009386229640415883,
    0.020455968084664367,
    0.04556162715134258,
    0.15771538032095245,
    0.05174117335588685,
    0.009606689126632057,
    0.3109414038316846,
    0.003607518865355571,
    0.006293116242898051,
    0.06152823842578669,
    0.012679760752675693,
    0.007549067255281101,
    0.05185474339424063,
    0.014055962393903929,
    0.11216043376010126,
    0.004890192239704218,
    0.017149075791421758,
    0.0021578307287219434,
    0.024083528721494135,
    0.35234102310688553,
    0.1468928237248857,
    0.25102318771432514,
    0.03589481271028793,
    0.014997925653191217,
    0.013427986887712403,
    0.004736538658402036,
    0.0063532415573206436,
    0.05132697674542009
  ],