{
  "hour": 6,
  "dispatch": 2,
  "load": 0.7151931362179831,
  "wind": 0.9604576316672496,
  "solar": 0.00044827028466019804,
  "gen": [
    47,
    1,
    2,
    3,
    4,
    5,
    6,
    7,
    8,
    9,
    10,
    11,
    12,
    13,
    14,
    15,
    16,
    17,
    18,
    19,
    20,
    21,
    22,
    23,
    24,
    25,
    26,
    27,
    28,
    29,
    30,
    31,
    32,
    33,
    34,
    35,
    36,
    37,
    38,
    39,
    40,
    41,
    42,
    43,
    44,
    45,
    46,
    48,
    49
  ],
  "pg": [
    0.3729775063283459,
    0.04507349525470617,
    0.04507349525753588,
    0.0450734952547077,
    0.045073495257535505,
    0.09024649524488237,
    0.8141799343643273,
    0.046764995441675845,
    0.07887662254304122,
    0.07887662254304122,
    0.07887662254304122,
    0.07887662254304122,
    0.07887662254304122,
    0.07887662254304122,
    0.0,
    0.023879995157909516,
    0.17909999514489117,
    0.179099995139899,
    0.03183999506192742,
    0.04974999506597473,
    0.06268499506425107,
    0.1790999954239199,
    0.6362839718269195,
    1.4570526455444843,
    0.013177478706474666,
    1.2565667195102628,
    0.00017141676377292108,
    0.00017141676377292108,
    0.00017141676377292108,
    0.0005883170939125985,
    0.0005883170939125985,
    0.8697135946273279,
    7.116739039265304e-06,
    0.00010178694045665253,
    0.00010178694045665253,
    0.00010178694045665253,
    0.00010178694045665253,
    1.3790699948272178,
    0.11939999498407464,
    0.2586999949633737,
    0.09352999498315262,
    0.09352999498790879,
    0.09352999498257022,
    0.09352999498333876,
    0.09352999498305953,
    0.17412499547936724,
    0.0,
    0.6716249948002768,
    0.6716249948002833
  ],
  "qg": [
    -0.4666989642944381,
    0.005502776954980549,
    0.006417563047804086,
    0.00564526300016035,
    0.006374338031875368,
    0.009908502476480549,
    -0.07642984017454459,
    -0.005699342748466383,
    -0.0340993254999236,
    -0.03409934094211003,
    -0.034099323401271246,
    -0.034099347554431406,
    -0.0340993473232999,
    -0.034099321764083965,
    0.000991675226362915,
    0.001588349100618589,
    0.009638676843459565,
    0.011482567955157993,
    -0.003599292029594138,
    -0.005499329301890884,
    -0.006999329690246057,
    -0.021999533715995157,
    -0.08363388229610783,
    -0.1369067129109192,
    0.00036988505339164844,
    0.10100653636586981,
    0.027121626106656017,
    0.08228589177495675,
    0.12161295330259454,
    0.10717000208190369,
    0.10710901411689276,
    0.016729600080923033,
    -0.006597732957685849,
    -0.09419766782156745,
    -0.09419554375720836,
    -0.0941976544001364,
    -0.09419765337071723,
    0.10367670434267427,
    -0.013299696855341533,
    -0.028899692441643334,
    -0.010399693831279939,
    -0.010399696954769288,
    -0.010399692981480033,
    -0.010399693862427365,
    -0.010399693816346242,
    -0.016008402350629346,
    -0.05871890214886035,
    -0.020918238564050257,
    0.030925384039161275
  ],
  "pd": [
    0.05281701310969805,
    0.012122523658894813,
    0.05683639853524312,
    0.16976539474406263,
    0.3052587344005595,
    0.0021670352027404888,
    0.01805147475814189,
    0.32010614390844483,
    0.0051064789925963985,
    0.0054998352175162895,
    0.008095986301987568,
    0.0329417958542003,
    0.010091375152035741,
    0.017143179475145057,
    0.00967656313302931,
    0.016685455867965545,
    0.42257901646575746,
    0.003668940788798253,
    0.04605128604107593,
    0.14848839894157764,
    0.025546698825706357,
    0.21317761811249422,
    0.007330729646234327,
    0.0456364740220695,
    0.014625699635657753,
    0.27416928876916385,
    0.00763111076344588,
    0.06828664064609302,
    0.014918928821507128,
    0.006794334794070839,
    0.022879028427613277,
    0.045328940973495775,
    0.01104258202320566,
    0.013030818941891651,
    0.003189761387532205,
    0.015855831829952684,
    0.005392556247083592,
    0.003962169974647627,
    0.020161294509984943,
    0.007137627499455471,
    0.009948336524792146,
    0.013173857569135248,
    0.006944525352676615,
    0.026891261921796156,
    0.016756975181587343,
    0.010391756269247293,
    0.14700794914960644,
    0.06110610155846448,
    0.09198814118035699,
    0.023758715985161397,
    0.015727097065433446,
    0.017600903082324565,
    0.1341773842858558,
    0.02573264904112303,
    0.00423394336641046,
    0.006322307324166971,
    0.03928555897245382,
    0.015069119380112902,
    0.0064009785691509485,
    0.016027478182645,
    0.026834046470898723,
    0.03457243620477729,
    0.05899628180662143,
    0.3528762934099529,
    0.06133496336205423,
    0.016327859299856553,
    0.015805768310417426,
    0.35599453548386323,
    0.015033359723302005,
    0.006865854107692637,
    0.01058485841602615,
    0.0052209098943912765,
    0.0056428738447598875,
    0.02114826103796576,
    0.006021926206955418,
    0.005149390580769478,
    0.041245188165691095,
    0.08701039695227983,
    0.2674107136319039,
    0.0037118523769713325,
    0.014718674743366092,
    0.375905512396172,
    0.0037905236219553102,
    0.03214077954163616,
    0.031432738336780355,
    0.011285747689519772,
    0.025596762345241615,
    0.0776556707305486,
    0.0630442749576152,
    0.24373066889172645,
    0.028157153772901997,
    0.006229332216458633,
    0.11931567091524613,
    0.012859172589199335,
    0.004391285856378416,
    0.0013874746842628873,
    0.10463275582869093,
    0.5524437861402188,
    0.031468497993591256,
    0.21637453143138857,
    0.010842327945064623,
    0.011035430091843478,
    0.17093115955609794,
    0.008296240380128604,
    0.014968992341042386,
    0.04063012206854362,
    0.008296240380128604,
    0.058724508414858594,
    0.010177198328381898,
    0.26648811448618276,
    0.19149296222236495,
    0.0647535865531762,
    0.010749352837356285,
    0.11472413098072666,
    0.22902629801108473,
    0.10553389918032559,
    0.06411706466194218,
    0.009926880730705604,
    0.010348844681074216,
    0.3275799121819228,
    0.02966621129032194,
    0.02713442758811028,
    0.007709782008429858,
    0.016320707368494374,
    0.01441829362615454,
    0.00721629874443945,
    0.055084175351509064,
    0.011021126229119119,
    0.008768267850032473,
    0.015197854144632142,
    0.03706846025017806,
    0.13596536712640075,
    0.010048463563862662,
    0.021899213830994642,
    0.048776171890066444,
    0.16884279559834145,
    0.05539170840008279,
    0.010284477298814597,
    0.33287949332129807,
    0.003862042935577109,
    0.0067371193431734,
    0.06586928784567625,
    0.01357436572541732,
    0.008081682439263209,
    0.05551329123323984,
    0.015047663586026364,
    0.12007377563963718,
    0.0052352137571156365,
    0.018359007806715625,
    0.002310073829984085,
    0.02578271256065829,
    0.3772000119727265,
    0.15725666679161013,
    0.26873382093390713,
    0.03842732720899223,
    0.01605608590809372,
    0.014375382037981459,
    0.0050707193357855,
    0.006801486725433019,
    0.05494828865562764
  ],