{
  "hour": 7,
  "dispatch": 1,
  "load": 0.7138323516426388,
  "wind": 0.9357960450395347,
  "solar": 0.008023520830793019,
  "gen": [
    47,
    1,
    2,
    3,
    4,
    5,
    6,
    7,
    8,
    9,
    10,
    11,
    12,
    13,
    14,
    15,
    16,
    17,
    18,
    19,
    20,
    21,
    22,
    23,
    24,
    25,
    26,
    27,
    28,
    29,
    30,
    31,
    32,
    33,
    34,
    35,
    36,
    37,
    38,
    39,
    40,
    41,
    42,
    43,
    44,
    45,
    46,
    48,
    49
  ],
  "pg": [
    0.4568920282845193,
    0.045073495539471375,
    0.04507349554213251,
    0.04507349553947262,
    0.045073495542132205,
    0.09024649553023383,
    0.7932743073800136,
    0.0467649957125066,
    0.07685131440282676,
    0.07685131440282676,
    0.07685131440282676,
    0.07685131440282676,
    0.07685131440282676,
    0.07685131440282676,
    0.0,
    0.02387999544381105,
    0.17909999543155827,
    0.17909999542685953,
    0.0318399953538825,
    0.04974999535770448,
    0.06268499535608332,
    0.17909999569530363,
    0.6199461639177909,
    1.419640032166776,
    0.012839121737942416,
    1.2243019657252232,
    0.003068162271611927,
    0.003068162271611927,
    0.003068162271611927,
    0.010530197114666049,
    0.010530197114666049,
    0.8473820347041995,
    0.00012738141670966995,
    0.0018218687809648476,
    0.0018218687809648476,
    0.0018218687809648476,
    0.0018218687809648476,
    1.3790699951325045,
    0.11939999528154395,
    0.2586999952619974,
    0.09352999528064897,
    0.09352999528514362,
    0.0935299952800886,
    0.0935299952808224,
    0.09352999528056224,
    0.17412499574590917,
    0.0,
    0.671624995109482,
    0.6716249951094878
  ],
  "qg": [
    -0.46669901985515466,
    0.005349818447914612,
    0.006226189201150789,
    0.005492374872462958,
    0.00618295402122267,
    0.009714529979752048,
    -0.08104129990341842,
    -0.005699378998560669,
    -0.034099362561915564,
    -0.03409937716182368,
    -0.034099360559047824,
    -0.03409938342952547,
    -0.03409938320961371,
    -0.03409935899332934,
    0.0009800173161154898,
    0.001582893759804007,
    0.009587711846593261,
    0.011443007023763154,
    -0.0035993302895480583,
    -0.005499365600034882,
    -0.006999365942739349,
    -0.021999560290930947,
    -0.08563531990163022,
    -0.14339859382361225,
    0.00032056197254081716,
    0.09444426126297904,
    0.026897313063225334,
    0.08160051983754575,
    0.12060050562453041,
    0.10447349847765658,
    0.10441490912650271,
    0.011180556726348096,
    -0.00659792266226655,
    -0.09419785332307519,
    -0.0941960011465013,
    -0.09419784108404113,
    -0.09419784014148659,
    0.10340200537710345,
    -0.013299712138640132,
    -0.028899707848047785,
    -0.010399709231200921,
    -0.010399712234135003,
    -0.010399708409287622,
    -0.010399709260161432,
    -0.010399709217326147,
    -0.01617947705999629,
    -0.059123288425125285,
    -0.021413787745652925,
    0.030453846646591887
  ],
  "pd": [
    0.05271651916880887,
    0.012099458360342728,
    0.056728256985040505,
    0.16944238530941316,
    0.3046779243281111,
    0.0021629120254771958,
    0.018017128555460202,
    0.31949708394821225,
    0.005096762990728441,
    0.005489370784131893,
    0.008080582220594672,
    0.032879118116659944,
    0.010072174481677633,
    0.017110561468874054,
    0.009658151717724904,
    0.01665370876382276,
    0.42177498329156954,
    0.0036619599639267373,
    0.045963665122269515,
    0.14820587284804468,
    0.02549809160067506,
    0.21277200905412136,
    0.007316781604337048,
    0.04554964235831679,
    0.014597871591091964,
    0.2736476320022056,
    0.007616591192026957,
    0.06815671293483914,
    0.014890542855265445,
    0.006781407340605068,
    0.022835496929048012,
    0.04524269444711045,
    0.011021571509362343,
    0.013006025446928879,
    0.0031836922883261695,
    0.0158256632359173,
    0.005382295931385496,
    0.003954631228100219,
    0.02012293399280599,
    0.007124046869393535,
    0.009929408011349106,
    0.013148791917257405,
    0.0069313121344500225,
    0.026840096421763212,
    0.016725091998987026,
    0.010371984069367542,
    0.1467282398801444,
    0.06098983612434706,
    0.09181311706827622,
    0.02371351072156846,
    0.015697173412621626,
    0.01756741417392534,
    0.13392208749167547,
    0.025683688012102142,
    0.004225887521724422,
    0.006310277988520928,
    0.039210811075730156,
    0.0150404476491104,
    0.006388799547201617,
    0.015996983000311535,
    0.026782989833631806,
    0.03450665587840515,
    0.05888403068700128,
    0.3522048823004781,
    0.061218262476872704,
    0.016296792588001444,
    0.01577569497130232,
    0.35531719135363987,
    0.015004756031528269,
    0.006852790575769332,
    0.010564718804311054,
    0.005210976166991264,
    0.005632137254460421,
    0.021108022638072828,
    0.006010468400831019,
    0.005139592931826999,
    0.04116671171923099,
    0.08684484390084345,
    0.26690191627918264,
    0.0037047899050252956,
    0.014690669796805507,
    0.375190284023371,
    0.0037833114637059856,
    0.032079625882820186,
    0.031372931854693975,
    0.011264274508920839,
    0.025548059865290046,
    0.07750791674135772,
    0.06292432179729861,
    0.24326692711629486,
    0.028103579684170692,
    0.006217479782807385,
    0.11908865122454143,
    0.012834705682534645,
    0.004382930639085802,
    0.0013848347621867193,
    0.10443367304531807,
    0.55139266170284,
    0.031408623472276104,
    0.21596283966596394,
    0.010821698450902405,
    0.011014433185845916,
    0.17060593204259067,
    0.00828045527905461,
    0.01494051111988043,
    0.04055281589681831,
    0.00828045527905461,
    0.05861277439337707,
    0.01015783436387475,
    0.26598107254556375,
    0.19112861215231652,
    0.06463038111772453,
    0.010728900245188862,
    0.11450584752699569,
    0.22859053396652224,
    0.10533310180838779,
    0.06399507032476257,
    0.009907993040799827,
    0.010329154128268984,
    0.32695663202287784,
    0.02960976594613666,
    0.027082799421321718,
    0.007695112750707646,
    0.016289654264485018,
    0.014390860209115598,
    0.007202568428074226,
    0.05497936772351605,
    0.011000156538813064,
    0.008751584631138752,
    0.015168937472406076,
    0.03699793078563797,
    0.13570666837078207,
    0.010029344540579075,
    0.0218575466072976,
    0.048683366382027964,
    0.1685215415757942,
    0.05528631563472238,
    0.010264909216621146,
    0.33224612974854983,
    0.00385469469887025,
    0.006724300752473657,
    0.06574395958628705,
    0.013548538034177285,
    0.008066305573561817,
    0.05540766713450162,
    0.01501903267856112,
    0.11984531351728264,
    0.005225252814024116,
    0.018324076466666537,
    0.002305678495805723,
    0.02573365627671713,
    0.37648232057984415,
    0.1569574574791834,
    0.26822250612972154,
    0.038354212253758985,
    0.01602553629437724,
    0.01434803026801704,
    0.005061071373146309,
    0.006788545664121495,
    0.05484373957670394
  ],