{
  "hour": 7,
  "dispatch": 2,
  "load": 0.7345371881331355,
  "wind": 0.847329306390737,
  "solar": 0.021055642863289634,
  "gen": [
    47,
    1,
    2,
    3,
    4,
    5,
    6,
    7,
    8,
    9,
    10,
    11,
    12,
    13,
    14,
    15,
    16,
    17,
    18,
    19,
    20,
    21,
    22,
    23,
    24,
    25,
    26,
    27,
    28,
    29,
    30,
    31,
    32,
    33,
    34,
    35,
    36,
    37,
    38,
    39,
    40,
    41,
    42,
    43,
    44,
    45,
    46,
    48,
    49
  ],
  "pg": [
    1.2087634168505157,
    0.04507349950368542,
    0.045073499503981866,
    0.04507349950368542,
    0.045073499503981866,
    0.09024649950265534,
    0.7182810530274277,
    0.04676499952183075,
    0.06958607195803289,
    0.06958607195803289,
    0.06958607195803289,
    0.06958607195803289,
    0.06958607195803289,
    0.06958607195803289,
    0.0,
    0.023879999492495866,
    0.17909999949113087,
    0.17909999949060876,
    0.03183999948059622,
    0.049749999481037054,
    0.06268499948085621,
    0.17909999951957883,
    0.5613387188977355,
    1.2854324509670039,
    0.011625358083680912,
    1.1085609315510012,
    0.008051593608350503,
    0.008051593608350503,
    0.008051593608350503,
    0.027633762584067124,
    0.027633762584067124,
    0.7672736335229402,
    0.0003342793860975862,
    0.004781020602395724,
    0.004781020602395724,
    0.004781020602395724,
    0.004781020602395724,
    1.379069999457338,
    0.11939999947321196,
    0.25869999947102545,
    0.09352999947310807,
    0.09352999947361212,
    0.09352999947304388,
    0.09352999947312716,
    0.0935299994730985,
    0.17412499952536004,
    0.0,
    0.6716249994546685,
    0.6716249994546685
  ],
  "qg": [
    -0.46669988291748443,
    0.005143870992183153,
    0.005967892943876667,
    0.005287190337130919,
    0.005924417914820052,
    0.00946113186698016,
    -0.09944420800309407,
    -0.005699929102440862,
    -0.03409992703996813,
    -0.034099928712847845,
    -0.034099926799418166,
    -0.03409992944034151,
    -0.0340999294139411,
    -0.03409992660915046,
    0.0011172638040400332,
    0.0016464815949889166,
    0.010204896413160101,
    0.011936053651813085,
    -0.003599921019749019,
    -0.005499925148000029,
    -0.006999925142579391,
    -0.021999950220080385,
    -0.08239278434660724,
    -0.14392197228575013,
    0.0006692517201916456,
    0.09686175765254722,
    0.028856904778913613,
    0.08754602972126914,
    0.1293711075732148,
    0.1171415880110739,
    0.11706415329670375,
    0.0006041401620186957,
    -0.006599794512531512,
    -0.094199777354971,
    -0.09419965938028094,
    -0.09419977606418983,
    -0.09419977596125867,
    0.11251493746598464,
    -0.013299967452187518,
    -0.028899966951054522,
    -0.010399967129202093,
    -0.01039996746821691,
    -0.010399967036489724,
    -0.010399967132677044,
    -0.010399967127528846,
    -0.013792313218325246,
    -0.051495523807488584,
    -0.020211259381549076,
    0.03164084203663102
  ],
  "pd": [
    0.05424557134363206,
    0.012450405338856647,
    0.05837367034094028,
    0.17435709234716237,
    0.3135151626389849,
    0.002225647680043401,
    0.01853971862848034,
    0.32876415466462877,
    0.005244595523270587,
    0.005648590976743812,
    0.008314960969667095,
    0.03383278288541222,
    0.010364319724558542,
    0.01760685639955126,
    0.009938288155441323,
    0.01713675259914605,
    0.4340086429803444,
    0.0037681757751229852,
    0.0472968495438926,
    0.1525046110002016,
    0.026237668360115603,
    0.2189434996668437,
    0.0075290061783646394,
    0.04687081797477538,
    0.015021285497322621,
    0.28158483107083754,
    0.007837511797380556,
    0.07013361072295178,
    0.015322445744457206,
    0.006978103287264787,
    0.023497844648379004,
    0.046554966983878135,
    0.011341254184775613,
    0.013383267567785729,
    0.003276035859073785,
    0.016284689460911612,
    0.005538410398523841,
    0.0040693360222575714,
    0.02070660333347309,
    0.007330681137568692,
    0.010217412286931916,
    0.013530175005412355,
    0.0071323560967727455,
    0.027618598273805885,
    0.017210206317959366,
    0.01067282534357446,
    0.150984119020766,
    0.0627588573540951,
    0.0944761731376839,
    0.02440132538978276,
    0.01615247276704765,
    0.018076960199956464,
    0.13780652186565756,
    0.026428648029030215,
    0.004348460153748162,
    0.006493308743096919,
    0.04034812774415314,
    0.015476698553965164,
    0.006574107833791563,
    0.016460978386063568,
    0.027559835298755244,
    0.03550752767435576,
    0.060591972649102356,
    0.36242064862488915,
    0.06299390925429771,
    0.016769484005079483,
    0.016233271857742294,
    0.3656232307651495,
    0.015439971694558508,
    0.007051557006078101,
    0.010871150384370407,
    0.0053621214733718895,
    0.00579549841437044,
    0.021720264653096816,
    0.0061848031240810016,
    0.005288667754558576,
    0.04236075963963794,
    0.08936379430827728,
    0.2746434546429794,
    0.0038122480064109736,
    0.015116775331779929,
    0.3860727460827761,
    0.0038930470971056184,
    0.03301010123470311,
    0.03228290941845131,
    0.011590996828740877,
    0.02628908596328492,
    0.07975604788749585,
    0.06474945313393589,
    0.25032292834389125,
    0.028918729096801547,
    0.006397818908639611,
    0.12254283909625101,
    0.013206978642633775,
    0.004510058335137452,
    0.001425002144978283,
    0.10746279062387773,
    0.5673859056015592,
    0.03231963627785796,
    0.2222268808977988,
    0.011135583772098334,
    0.01133390881289428,
    0.1755543879638194,
    0.008520631382344372,
    0.015373863347626526,
    0.041729057657843426,
    0.008520631382344372,
    0.06031284851761176,
    0.010452464187134518,
    0.2736959016702877,
    0.19667233212264704,
    0.0665049970135741,
    0.011040093937641026,
    0.11782711034843626,
    0.235220843755874,
    0.10838830748092547,
    0.0658512589161356,
    0.01019537617128792,
    0.010628753112286471,
    0.33644006828062006,
    0.030468602563762465,
    0.027868340917771163,
    0.0079183108880752,
    0.016762138633198153,
    0.014808269712764012,
    0.007411480228263338,
    0.056574054230014104,
    0.011319218069131618,
    0.009005425926512241,
    0.015608915247829131,
    0.038071062460940414,
    0.1396428648359904,
    0.010320247493270554,
    0.02249152870063661,
    0.050095436230679836,
    0.17340953937447065,
    0.05688990522091135,
    0.01056264476535449,
    0.3418829888446866,
    0.003966500815918932,
    0.006919340312214136,
    0.0676508750270618,
    0.013941515830766912,
    0.00830027022590443,
    0.057014776542893976,
    0.01545466243832117,
    0.12332144851567213,
    0.0053768122171345524,
    0.018855569619377587,
    0.0023725551176700275,
    0.026480065632199533,
    0.387402258393297,
    0.16151003692671384,
    0.27600234844102567,
    0.039466683118393374,
    0.016490359873588892,
    0.014764197481476024,
    0.005207868663863931,
    0.006985448659146118,
    0.056434492164268796
  ],