{
  "hour": 8,
  "dispatch": 1,
  "load": 0.9359793858095239,
  "wind": 0.49840899564340313,
  "solar": 0.11699935792154005,
  "gen": [
    47,
    1,
    2,
    3,
    4,
    5,
    6,
    7,
    8,
    9,
    10,
    11,
    12,
    13,
    14,
    15,
    16,
    17,
    18,
    19,
    20,
    21,
    22,
    23,
    24,
    25,
    26,
    27,
    28,
    29,
    30,
    31,
    32,
    33,
    34,
    35,
    36,
    37,
    38,
    39,
    40,
    41,
    42,
    43,
    44,
    45,
    46,
    48,
    49
  ],
  "pg": [
    5.809657549892502,
    0.045073495494489274,
    0.045073495497188636,
    0.04507349549448964,
    0.04507349549718851,
    0.09024649548520718,
    0.42250130560691285,
    0.04676499561693279,
    0.040931340358218854,
    0.040931340358218854,
    0.040931340358218854,
    0.040931340358218854,
    0.040931340358218854,
    0.040931340358218854,
    0.0,
    0.023879995392725995,
    0.17909999538090995,
    0.1790999953763381,
    0.031839995171305625,
    0.04974999517724557,
    0.06268499517569154,
    0.17909999558020806,
    0.3301859914338417,
    0.7561063827508683,
    0.006838171420227491,
    0.6520684890002643,
    0.04474008647176522,
    0.04474008647176522,
    0.04474008647176522,
    0.1535518293259559,
    0.1535518293259559,
    0.4513193137350144,
    0.00185748180636237,
    0.02656657620581241,
    0.02656657620581241,
    0.02656657620581241,
    0.02656657620581241,
    1.3790699950621201,
    0.11939999514041869,
    0.2586999951224154,
    0.09352999513998855,
    0.09352999514415189,
    0.09352999513966807,
    0.09352999514019861,
    0.09352999513988353,
    0.17412499565792153,
    0.0,
    0.6716249950020315,
    0.6716249950020334
  ],
  "qg": [
    -0.34339651786618647,
    0.006247315864138313,
    0.0073386939254479425,
    0.00639320643673798,
    0.007294335060126715,
    0.010919318360708778,
    -0.18273907950240356,
    -0.005699219251420622,
    -0.034099192593696516,
    -0.03409921543468666,
    -0.0340991897654055,
    -0.03409922502855738,
    -0.03409922473225678,
    -0.034099187508722366,
    0.0024224080542580664,
    0.0022515199968446598,
    0.015984962836521063,
    0.016483581577118142,
    -0.003597046849097947,
    -0.005497910268610007,
    -0.006997923256454089,
    -0.021999481542261324,
    0.047570565024020565,
    0.11445757355298833,
    0.0035180482649777175,
    0.29532959611685783,
    0.04904567819232983,
    0.14858504339354084,
    0.21924644787385741,
    0.25994490643325296,
    0.25947421095404827,
    0.030493017200691357,
    -0.0061241871101943325,
    -0.08519664047394934,
    -0.039177000773086605,
    -0.08534584771672891,
    -0.08535761584059294,
    0.18231795270225631,
    -0.013299746727792116,
    -0.02889974438838145,
    -0.010399744805839025,
    -0.01039974684817293,
    -0.010399744324888579,
    -0.010399744843395469,
    -0.010399744787584032,
    0.011620418149267476,
    0.008991875270841426,
    0.004529280527867,
    0.05550041402915085
  ],
  "pd": [
    0.06912207764203333,
    0.01586485058947143,
    0.07438228179028286,
    0.2221734268096067,
    0.39949472145122095,
    0.0028360175390028577,
    0.02362411969783238,
    0.41892565350062666,
    0.00668289281468,
    0.007197681476875238,
    0.01059528664736381,
    0.04311121051038667,
    0.013206669133772381,
    0.022435425877854288,
    0.012663801090002858,
    0.021836399070936194,
    0.5530327798994152,
    0.004801574249202857,
    0.06026771265227525,
    0.19432804008177335,
    0.033433183661116195,
    0.27898737552824476,
    0.00959378870454762,
    0.059724844608505724,
    0.019140778439804763,
    0.358807697550081,
    0.00998690004658762,
    0.08936731175709334,
    0.019524529987986667,
    0.008891804165190477,
    0.029941980552046665,
    0.05932237347260763,
    0.014451521716899049,
    0.017053544409449527,
    0.004174468060710477,
    0.020750662983397145,
    0.00705728456900381,
    0.0051853257973847626,
    0.02638525888597048,
    0.009341074270379049,
    0.013019473256610478,
    0.01724074028661143,
    0.009088359836210477,
    0.03519282490643809,
    0.021929997009517144,
    0.013599780475812381,
    0.19239056275314764,
    0.07997007872356572,
    0.12038566860282097,
    0.03109323519659238,
    0.02058218669395143,
    0.02303445268477238,
    0.17559909257172476,
    0.03367653830142667,
    0.005540997963992381,
    0.008274057770556191,
    0.05141334766251715,
    0.019721085659006668,
    0.008377015502995239,
    0.02097529803599143,
    0.035117946555573334,
    0.045245243510032375,
    0.07720893953542764,
    0.46181222895841917,
    0.08026959212702477,
    0.02136840937803143,
    0.02068514442639048,
    0.4658930990805486,
    0.019674286689716193,
    0.008985402103771429,
    0.013852494909980953,
    0.006832649516409524,
    0.007384877354037145,
    0.02767691043838762,
    0.007880946428516191,
    0.006739051577828572,
    0.05397793117963526,
    0.11387125207758668,
    0.349962692354181,
    0.004857733012351429,
    0.019262455759960002,
    0.49195076518148584,
    0.004960690744790477,
    0.04206291359828,
    0.04113629400632858,
    0.014769754708074286,
    0.033498702218122865,
    0.1016286417111981,
    0.08250658285910953,
    0.31897241489002764,
    0.036849508419320956,
    0.008152380450400953,
    0.15614944093460287,
    0.01682890935685524,
    0.005746913428870477,
    0.0018158000084704765,
    0.13693378414393337,
    0.7229879167747086,
    0.04118309297561905,
    0.2831712033828133,
    0.014189447488872383,
    0.014442161923040953,
    0.2236990732084762,
    0.010857360875390477,
    0.019590048544993334,
    0.05317298890783905,
    0.010857360875390477,
    0.07685326736882,
    0.013318986660069525,
    0.3487552789464868,
    0.2506084805505,
    0.0847435735911943,
    0.014067770168717145,
    0.15014045327770573,
    0.29972867871778386,
    0.13811311817005334,
    0.0839105519378238,
    0.012991393875036191,
    0.01354362171266381,
    0.4287066380823362,
    0.03882442492337906,
    0.035511057897613336,
    0.010089857779026667,
    0.021359049584173336,
    0.018869344417920004,
    0.009444032002818096,
    0.07208913229504954,
    0.014423442335324763,
    0.011475107270024763,
    0.019889561948452383,
    0.04851181156650763,
    0.17793904103624858,
    0.01315051037062381,
    0.028659688793487622,
    0.06383379411220953,
    0.2209660134019124,
    0.07249160343094763,
    0.013459383567940953,
    0.43564224533118484,
    0.005054288683371429,
    0.008816925814325714,
    0.08620370143305717,
    0.017764888742664763,
    0.010576567059647619,
    0.07265071992653524,
    0.01969300627743238,
    0.15714157908356097,
    0.006851369104125715,
    0.024026590833730477,
    0.003023213416164762,
    0.03374205685843334,
    0.49364488786980104,
    0.2058031473517981,
    0.3516942542179286,
    0.05029017239954572,
    0.021012737211423813,
    0.01881318565477143,
    0.006636093845389524,
    0.008901163959048572,
    0.07191129621174572
  ],