{
  "hour": 9,
  "dispatch": 2,
  "load": 0.9932293471709754,
  "wind": 0.5115109006562361,
  "solar": 0.4522436512743051,
  "gen": [
    47,
    1,
    2,
    3,
    4,
    5,
    6,
    7,
    8,
    9,
    10,
    11,
    12,
    13,
    14,
    15,
    16,
    17,
    18,
    19,
    20,
    21,
    22,
    23,
    24,
    25,
    26,
    27,
    28,
    29,
    30,
    31,
    32,
    33,
    34,
    35,
    36,
    37,
    38,
    39,
    40,
    41,
    42,
    43,
    44,
    45,
    46,
    48,
    49
  ],
  "pg": [
    4.96093243968117,
    0.04507349875303757,
    0.04507349875377657,
    0.045073498753037615,
    0.04507349875377656,
    0.09024649875048542,
    0.4336077904862913,
    0.046764998785537804,
    0.042007321205492734,
    0.042007321205492734,
    0.042007321205492734,
    0.042007321205492734,
    0.042007321205492734,
    0.042007321205492734,
    0.0,
    0.023879998700627944,
    0.1790999986971834,
    0.1790999986958929,
    0.03183999866348412,
    0.04974999866517524,
    0.06268499866474482,
    0.17909999877579585,
    0.33886574146674325,
    0.7759824967315363,
    0.007017929557003558,
    0.6692097113285537,
    0.17293616327268915,
    0.17293616327268915,
    0.17293616327268915,
    0.5935318038308184,
    0.5935318038308184,
    0.46318335076223494,
    0.007179820207630867,
    0.10268915692025135,
    0.10268915692025135,
    0.10268915692025135,
    0.10268915692025135,
    1.379069998623202,
    0.11939999865656958,
    0.2586999986508929,
    0.09352999865621961,
    0.09352999865755302,
    0.09352999865602332,
    0.09352999865626357,
    0.09352999865619761,
    0.17412499879026197,
    0.0,
    0.6716249986127297,
    0.67162499861273
  ],
  "qg": [
    -0.3812641474061467,
    0.007331619346098343,
    0.008699044288267205,
    0.007476956533121872,
    0.008654690346989506,
    0.012279504345593818,
    -0.13661027352321317,
    -0.00569966801973936,
    -0.034099646549375584,
    -0.03409966399214123,
    -0.03409964541682654,
    -0.03409967043833677,
    -0.034099670316016184,
    -0.03409964451294828,
    0.002679246715198881,
    0.002367976354412714,
    0.017110722824567107,
    0.017361639134593033,
    -0.003598892187608815,
    -0.005499264341399057,
    -0.006999267591995862,
    -0.021999816861299117,
    0.026206993939808697,
    0.06869603245275382,
    0.00351904091191052,
    0.25028227848691753,
    0.053299554617465945,
    0.15534512106935203,
    0.22759538355486167,
    0.2352770451776194,
    0.233178317403887,
    0.028494211459292994,
    -0.006330592413457958,
    -0.08153035949263146,
    -0.03606443950248995,
    -0.08208212417348848,
    -0.08212576252687144,
    0.19495759919199748,
    -0.013299908086270733,
    -0.028899906328247037,
    -0.01039990702261496,
    -0.010399908122954256,
    -0.010399906702704942,
    -0.010399907029571805,
    -0.010399907019319775,
    0.012530118804639773,
    0.011238889120866333,
    0.009042722779104626,
    0.0597255596446058
  ],
  "pd": [
    0.07334998728857653,
    0.016835237434548032,
    0.07893193621967742,
    0.23576285013797443,
    0.4239301499595157,
    0.003009484921928056,
    0.025069108722595417,
    0.44454959120678517,
    0.007091657538800764,
    0.007637933679744801,
    0.011243356209975443,
    0.04574814373069513,
    0.014014466088582462,
    0.02380770745168828,
    0.013438393067223298,
    0.023172040669498857,
    0.5868594920694425,
    0.005095266550987104,
    0.06395403766433912,
    0.2062142770596379,
    0.035478152280947244,
    0.2960518715112527,
    0.010180600808502499,
    0.06337796464297994,
    0.020311540149646447,
    0.38075447023799347,
    0.010597757134314309,
    0.09483353806788473,
    0.020718764181986548,
    0.009435678798124266,
    0.0317734068159995,
    0.06295087602369642,
    0.015335461120319862,
    0.01809663870545517,
    0.004429802888382551,
    0.022019894626780525,
    0.007488949277669155,
    0.005502490583327205,
    0.027999135296749796,
    0.009912428884766334,
    0.013815820219148268,
    0.018295284574889367,
    0.00964425696103017,
    0.037345423453628665,
    0.023271363604215955,
    0.014431622414394272,
    0.204158292310994,
    0.08486151542228815,
    0.12774915863313088,
    0.0329950789130198,
    0.02184111334428975,
    0.024443374233877706,
    0.1863397578227467,
    0.035736391911211696,
    0.005879917735252174,
    0.008780147428991424,
    0.05455808804010169,
    0.02092734234489245,
    0.00888940265718023,
    0.022258269670101558,
    0.037265965105854996,
    0.04801270664224494,
    0.08193148884813377,
    0.4900593598941594,
    0.08517934881338286,
    0.022675425995913368,
    0.02195036857247856,
    0.4943898398478247,
    0.020877680877533906,
    0.009535001732841364,
    0.014699794338130437,
    0.007250574234348121,
    0.007836579549178997,
    0.029369791795845743,
    0.008362991103179614,
    0.007151251299631023,
    0.057279536451350165,
    0.12083628237682088,
    0.37136845290722775,
    0.0051548603118173626,
    0.020440659964778677,
    0.5220413448730647,
    0.00526411554000617,
    0.04463572686186364,
    0.043652429808164375,
    0.01567315909835799,
    0.035547678335249216,
    0.1078448425158245,
    0.08755316695312147,
    0.3384826292223967,
    0.039103439398121304,
    0.008651027613859196,
    0.16570045198853384,
    0.01785826366213414,
    0.006098428191629789,
    0.0019268649335116926,
    0.1453094534911137,
    0.7672100769287483,
    0.043702091275522915,
    0.30049160669310687,
    0.015057356903111987,
    0.01532552882684815,
    0.23738181397386313,
    0.011521460427183314,
    0.020788290236288517,
    0.05642535921278311,
    0.011521460427183314,
    0.0815540616962088,
    0.01413365361024298,
    0.37008718704937726,
    0.2659371577050287,
    0.08992698509286012,
    0.014928237087979761,
    0.15932391957969616,
    0.3180618338445615,
    0.14656092246854913,
    0.08904301097387794,
    0.013786023338733138,
    0.014372028653564016,
    0.4549288378847219,
    0.04119915332065206,
    0.037683121431666806,
    0.010707012362503114,
    0.02266549370244166,
    0.020023503638966867,
    0.010021684112955143,
    0.07649852431910853,
    0.015305664239904732,
    0.012176991796316159,
    0.02110612362738323,
    0.051479077063871656,
    0.18882283119067414,
    0.013954872327752206,
    0.03041268261037527,
    0.06773824147706052,
    0.2344815842801239,
    0.07692561293839205,
    0.014282638012318627,
    0.4622886673472588,
    0.0053634384747232675,
    0.009356220450350589,
    0.09147642287444685,
    0.018851493009305113,
    0.011223491623032022,
    0.07709446192741111,
    0.020897545464477325,
    0.1667532750965351,
    0.007270438821291541,
    0.025496197341878937,
    0.0032081307913622505,
    0.03580591796551366,
    0.5238390899914442,
    0.21839126885595408,
    0.37320592719949397,
    0.05336621282349651,
    0.0222979988439884,
    0.019963909878136607,
    0.007041996071442216,
    0.009445611091595975,
    0.07630981074314604
  ],