{
  "hour": 10,
  "dispatch": 1,
  "load": 0.9956662720703917,
  "wind": 0.3710170391769002,
  "solar": 0.5862227776665623,
  "gen": [
    47,
    1,
    2,
    3,
    4,
    5,
    6,
    7,
    8,
    9,
    10,
    11,
    12,
    13,
    14,
    15,
    16,
    17,
    18,
    19,
    20,
    21,
    22,
    23,
    24,
    25,
    26,
    27,
    28,
    29,
    30,
    31,
    32,
    33,
    34,
    35,
    36,
    37,
    38,
    39,
    40,
    41,
    42,
    43,
    44,
    45,
    46,
    48,
    49
  ],
  "pg": [
    5.167130469066424,
    0.04507349872893998,
    0.04507349872969421,
    0.04507349872894002,
    0.0450734987296942,
    0.09024649872633873,
    0.3145111441102583,
    0.046764998756994726,
    0.03046940332536376,
    0.03046940332536376,
    0.03046940332536376,
    0.03046940332536376,
    0.03046940332536376,
    0.03046940332536376,
    0.0,
    0.02387999866053468,
    0.17909999865695767,
    0.1790999986556278,
    0.031839998630348865,
    0.04974999863210842,
    0.06268499863166882,
    0.17909999874639757,
    0.2457913681139128,
    0.5628476891129247,
    0.005090353777507071,
    0.4854015923551385,
    0.22416924528858273,
    0.22416924528858273,
    0.22416924528858273,
    0.7693681529740389,
    0.7693681529740389,
    0.3359633493154666,
    0.009306872818234342,
    0.13311126123363565,
    0.13311126123363565,
    0.13311126123363565,
    0.13311126123363565,
    1.3790699985847248,
    0.11939999862495161,
    0.25869999861902604,
    0.09352999862455053,
    0.09352999862594735,
    0.0935299986243303,
    0.09352999862459295,
    0.09352999862452932,
    0.17412499875637727,
    0.0,
    0.6716249985800498,
    0.6716249985800499
  ],
  "qg": [
    -0.3218115450879121,
    0.007215233868784693,
    0.008552292695743037,
    0.007360898524801773,
    0.008507856093801858,
    0.012138522388022599,
    -0.14427126224541253,
    -0.005699630301506372,
    -0.0340996039795572,
    -0.03409962543307012,
    -0.03409960265648566,
    -0.03409963326465057,
    -0.03409963312611997,
    -0.03409960159790034,
    0.00265412225493422,
    0.002353546227466633,
    0.016986719289584677,
    0.017254521870832276,
    -0.0035984467767531682,
    -0.005499142982766711,
    -0.006999149244866188,
    -0.021999804582299977,
    0.018258123527851826,
    0.0458298293364051,
    0.0034583884594424474,
    0.22027475360775456,
    0.054400668725433976,
    0.15423483209167124,
    0.22480240736092558,
    0.22482093151218632,
    0.22151755900402645,
    0.014144145009867977,
    -0.0063404494402075715,
    -0.08220060518852465,
    -0.03563958430357781,
    -0.08296998236711764,
    -0.08303041357221527,
    0.19604759480304984,
    -0.013299900356125738,
    -0.028899898206699783,
    -0.010399899099742111,
    -0.010399900391487981,
    -0.010399898712599194,
    -0.010399899105348416,
    -0.01039989909713747,
    0.011953627356080505,
    0.009919530577208867,
    0.006416554067519855,
    0.05713702827864078
  ],
  "pd": [
    0.07352995419239843,
    0.01687654331159314,
    0.07912559864143402,
    0.23634130300134887,
    0.42497027824508454,
    0.003016868804373287,
    0.025130616707056685,
    0.4456403100532659,
    0.007109057182582597,
    0.007656673632221312,
    0.011270942199836834,
    0.04586038849156224,
    0.014048851098913226,
    0.02386612054152729,
    0.0134713646611124,
    0.023228894127402238,
    0.5882993735155115,
    0.00510776797572111,
    0.06411095125861252,
    0.20672023140725473,
    0.03556519923835439,
    0.2967782457160217,
    0.010205579288721515,
    0.0635334648208117,
    0.02036137526383951,
    0.3816886653981847,
    0.01062375912299108,
    0.095066215657281,
    0.02076959843538837,
    0.009458829584668722,
    0.03185136404353183,
    0.06310532832382143,
    0.015373087240766848,
    0.018141039477122537,
    0.004440671573433947,
    0.022073921251800584,
    0.007507323691410753,
    0.005515991147269971,
    0.028067832209664342,
    0.009936749395262508,
    0.013849717844499149,
    0.018340172731536614,
    0.009667919501803504,
    0.03743705182984672,
    0.023328460754609277,
    0.01446703093318279,
    0.20465920222406903,
    0.08506972628569427,
    0.1280625959136938,
    0.03307603355817841,
    0.021894701322827913,
    0.02450334695565234,
    0.18679694930312618,
    0.035824072469092694,
    0.005894344330656719,
    0.008801689845102264,
    0.05469194832482662,
    0.020978688352523152,
    0.008911213135030006,
    0.022312881157097477,
    0.03735739852808109,
    0.04813050759188272,
    0.08213251078308662,
    0.4912617386395314,
    0.0853883394927568,
    0.02273106099136704,
    0.022004224612755658,
    0.4956028435857582,
    0.020928905038919633,
    0.00955839621187576,
    0.014735860826641798,
    0.00726836378611386,
    0.007855806886635392,
    0.02944185166512148,
    0.008383510010832698,
    0.00716879715890682,
    0.057420073910299504,
    0.12113275866008386,
    0.3722796191271195,
    0.005167507952045333,
    0.020490811879208662,
    0.523322192600198,
    0.005277031241973076,
    0.044745242266843406,
    0.043759532657493716,
    0.01571161377327078,
    0.03563489587739932,
    0.10810944382140313,
    0.08776798188300503,
    0.3393131088588688,
    0.039199381131411325,
    0.008672253229733112,
    0.16610700416950344,
    0.017902079571825644,
    0.0061133909105122045,
    0.00193159256781656,
    0.14566597560389832,
    0.7690924551980534,
    0.04380931597109723,
    0.3012288739521763,
    0.015094300684587138,
    0.015363130578046143,
    0.2379642390248236,
    0.011549728756016543,
    0.0208392950744333,
    0.056563800916318956,
    0.011549728756016543,
    0.08175415759969987,
    0.014168331051561674,
    0.37099520963614874,
    0.26658964434684734,
    0.09014762427325328,
    0.014964864069217987,
    0.15971482670281154,
    0.31884221030510157,
    0.146920515106707,
    0.08926148129111061,
    0.013819847856337037,
    0.014407290956858568,
    0.4560450225964015,
    0.04130023696547985,
    0.03777557836235066,
    0.010733282412918823,
    0.022721104328646338,
    0.020072632044939098,
    0.010046272685190252,
    0.07668621627486158,
    0.015343217252604737,
    0.012206868495583003,
    0.021157908281495826,
    0.0516053828814084,
    0.18928611498330217,
    0.013989111122589003,
    0.030487301250795396,
    0.06790443975520072,
    0.2350568935103781,
    0.07711435277185184,
    0.014317680992372234,
    0.46342290967244315,
    0.005376597869180115,
    0.00937917628290309,
    0.0917008636576831,
    0.018897745843896033,
    0.011251028874395426,
    0.0772836160381038,
    0.020948818364361042,
    0.1671624104178981,
    0.007288277111555268,
    0.025558753204046953,
    0.003216002058787365,
    0.03589376910813762,
    0.5251243485526453,
    0.21892709990283774,
    0.37412160173044967,
    0.053497148798342144,
    0.022352707807980297,
    0.02001289206861487,
    0.0070592738689790775,
    0.009468786247389425,
    0.07649703968316819
  ],