{
  "hour": 10,
  "dispatch": 2,
  "load": 0.9900118543701044,
  "wind": 0.3410580003248411,
  "solar": 0.6618365825549043,
  "gen": [
    47,
    1,
    2,
    3,
    4,
    5,
    6,
    7,
    8,
    9,
    10,
    11,
    12,
    13,
    14,
    15,
    16,
    17,
    18,
    19,
    20,
    21,
    22,
    23,
    24,
    25,
    26,
    27,
    28,
    29,
    30,
    31,
    32,
    33,
    34,
    35,
    36,
    37,
    38,
    39,
    40,
    41,
    42,
    43,
    44,
    45,
    46,
    48,
    49
  ],
  "pg": [
    4.889983611898449,
    0.045073498704684384,
    0.04507349870545223,
    0.04507349870468442,
    0.045073498705452214,
    0.09024649870203548,
    0.2891148668753678,
    0.04676499873194501,
    0.028009047218677256,
    0.028009047218677256,
    0.028009047218677256,
    0.028009047218677256,
    0.028009047218677256,
    0.028009047218677256,
    0.0,
    0.023879998626886736,
    0.17909999862318898,
    0.17909999862182457,
    0.03183999860338835,
    0.04974999860518166,
    0.06268499860473288,
    0.17909999872120705,
    0.2259441040552007,
    0.5173986288127971,
    0.004679315764456821,
    0.4462061818249896,
    0.2530836618226652,
    0.2530836618226652,
    0.2530836618226652,
    0.8686049203303773,
    0.8686049203303773,
    0.3088348404541501,
    0.01050731758464166,
    0.1502805854544119,
    0.1502805854544119,
    0.1502805854544119,
    0.1502805854544119,
    1.3790699985524777,
    0.11939999859804179,
    0.25869999859185533,
    0.09352999859758607,
    0.09352999859904748,
    0.0935299985973396,
    0.09352999859762645,
    0.09352999859756585,
    0.17412499872848838,
    0.0,
    0.6716249985511819,
    0.671624998551182
  ],
  "qg": [
    -0.3571058542494908,
    0.007194672004047025,
    0.008527124828165599,
    0.007340154201658925,
    0.008482746851519424,
    0.012108890359419991,
    -0.13869347158990802,
    -0.005699585918540632,
    -0.03409955261703324,
    -0.03409957986299052,
    -0.03409955114009847,
    -0.034099589575381534,
    -0.03409958942167701,
    -0.03409954996012882,
    0.0025958362398922417,
    0.002324015761224498,
    0.01671707638240975,
    0.017033690134701462,
    -0.003598509945734451,
    -0.005499133766821171,
    -0.006999139256837689,
    -0.021999791524620404,
    0.010204395669970912,
    0.02741384614196819,
    0.0033677002800743803,
    0.19985474696160613,
    0.05464911807314588,
    0.15197865267913854,
    0.22069786380853487,
    0.2174787992893636,
    0.2133592117105902,
    0.008837432161230011,
    -0.006377277029434462,
    -0.08416839657608496,
    -0.036065659723345474,
    -0.08503417409964141,
    -0.08510123714762771,
    0.19582573539884596,
    -0.013299891427634785,
    -0.028899888752936878,
    -0.010399889918029495,
    -0.010399891460155295,
    -0.010399889441106851,
    -0.010399889921492704,
    -0.010399889916513895,
    0.011318794731966886,
    0.008437530271340445,
    0.005574251769838365,
    0.05629255383600661
  ],
  "pd": [
    0.0731123754452322,
    0.01678070093157327,
    0.07867624206679219,
    0.23499911387183167,
    0.42255685968224793,
    0.0029997359187414166,
    0.024987899204301434,
    0.4431095057789713,
    0.007068684640202545,
    0.007613191160106103,
    0.011206934191469582,
    0.04559994601228701,
    0.013969067265162173,
    0.023730584149251405,
    0.013394860389627512,
    0.023096976562454536,
    0.5849584042731198,
    0.005078760812918636,
    0.06374686330289103,
    0.20554626120432107,
    0.03536322343810013,
    0.295092833432097,
    0.01014762150729357,
    0.06317265642735637,
    0.020245742421868634,
    0.37952104437277956,
    0.010563426486129015,
    0.09452633185525756,
    0.020651647282160377,
    0.009405112616515991,
    0.03167047922129964,
    0.06274695132997722,
    0.015285783031474412,
    0.0180380159866233,
    0.004415452870490666,
    0.021948562811385214,
    0.0074646893819505875,
    0.0054846656732103795,
    0.027908434174693242,
    0.009880318306613642,
    0.013771064894288153,
    0.018236018357497323,
    0.009613015105933714,
    0.037224445724315915,
    0.023195977747891547,
    0.014384872243997617,
    0.20349693666577498,
    0.08458661283738172,
    0.12733532470908285,
    0.03288819380217487,
    0.021770360677598594,
    0.02436419173604827,
    0.1857361239983753,
    0.035620626520236356,
    0.005860870177871018,
    0.008751704792631723,
    0.05438135116054984,
    0.020859549771578098,
    0.008860606096612433,
    0.02218616565643404,
    0.03714524477596631,
    0.04785717304025083,
    0.08166607786698993,
    0.48847184894620965,
    0.08490341663078016,
    0.022601970635269482,
    0.021879261981579308,
    0.49278830063126317,
    0.020810049178859594,
    0.009504113801953002,
    0.014652175444677546,
    0.007227086536901762,
    0.007811193530980125,
    0.029274650533723988,
    0.00833589981379628,
    0.0071280853514647515,
    0.05709398364152393,
    0.12044484220266691,
    0.370165432348982,
    0.005138161524180842,
    0.02037444396293675,
    0.520350230656927,
    0.0052470628281615535,
    0.04449113273539249,
    0.043511020999566094,
    0.015622387061960247,
    0.03543252426790604,
    0.10749548714750594,
    0.0872695449627247,
    0.33738613985078786,
    0.038976766706551015,
    0.00862300325156361,
    0.16516367766456452,
    0.017800413141574475,
    0.006078672785832441,
    0.0019206229974780026,
    0.1448387342943463,
    0.7647247567896435,
    0.043560521592284594,
    0.29951818642113137,
    0.015008579712250782,
    0.015275882912930711,
    0.23661283319445495,
    0.01148413751069321,
    0.020720948111966286,
    0.05624257344676563,
    0.01148413751069321,
    0.08128987336232928,
    0.014087868687686585,
    0.3688883170568447,
    0.26507567400759546,
    0.08963567329466926,
    0.01487987817118267,
    0.15880780155950844,
    0.3170314961249385,
    0.1460861492308526,
    0.08875456274427986,
    0.013741364538657048,
    0.01432547153273541,
    0.4534551296571389,
    0.041065691719271935,
    0.03756104975480176,
    0.010672327790109725,
    0.022592070516725783,
    0.019958638984101305,
    0.009989219610594353,
    0.07625071302358545,
    0.015256082675843309,
    0.01213754533457748,
    0.02103775190536472,
    0.05131231441200251,
    0.18821115363430055,
    0.013909666553899967,
    0.0303141629808126,
    0.06751880846804112,
    0.23372199857969425,
    0.0766764181209646,
    0.014236370465842103,
    0.46079111749802143,
    0.005346064013598564,
    0.009325911668166383,
    0.09118009178748664,
    0.018790424995944584,
    0.01118713395438218,
    0.0768447201362075,
    0.020829849415946997,
    0.16621309023019684,
    0.0072468867739891646,
    0.02541360430168058,
    0.003197738289615437,
    0.03568992735004226,
    0.5221421521133368,
    0.21768380653889854,
    0.3719969542795667,
    0.05319333693530571,
    0.022225766130608844,
    0.019899238272839098,
    0.0070191840474840405,
    0.009415012735059692,
    0.07606261077125512
  ],