{
  "hour": 10,
  "dispatch": 3,
  "load": 0.9811602923451526,
  "wind": 0.3065402609307944,
  "solar": 0.7264616609037963,
  "gen": [
    47,
    1,
    2,
    3,
    4,
    5,
    6,
    7,
    8,
    9,
    10,
    11,
    12,
    13,
    14,
    15,
    16,
    17,
    18,
    19,
    20,
    21,
    22,
    23,
    24,
    25,
    26,
    27,
    28,
    29,
    30,
    31,
    32,
    33,
    34,
    35,
    36,
    37,
    38,
    39,
    40,
    41,
    42,
    43,
    44,
    45,
    46,
    48,
    49
  ],
  "pg": [
    4.645544046682118,
    0.045073498743219836,
    0.04507349874396451,
    0.04507349874321986,
    0.0450734987439645,
    0.09024649874065044,
    0.25985417919103443,
    0.04676499876829652,
    0.02517431238868056,
    0.02517431238868056,
    0.02517431238868056,
    0.02517431238868056,
    0.02517431238868056,
    0.02517431238868056,
    0.0,
    0.023879998660471257,
    0.17909999865683657,
    0.1790999986555045,
    0.031839998643985436,
    0.04974999864572184,
    0.06268499864528547,
    0.1790999987579095,
    0.20307679206143261,
    0.46503383744245236,
    0.004205732379970499,
    0.40104662337575825,
    0.27779603328296804,
    0.27779603328296804,
    0.27779603328296804,
    0.9534199071567165,
    0.9534199071567165,
    0.27757833707805296,
    0.011533305328508669,
    0.16495474349478137,
    0.16495474349478137,
    0.16495474349478137,
    0.16495474349478137,
    1.379069998590507,
    0.11939999863888556,
    0.25869999863277154,
    0.09352999863840869,
    0.09352999863985509,
    0.09352999863815321,
    0.0935299986384458,
    0.09352999863839012,
    0.17412499876230342,
    0.0,
    0.6716249985925847,
    0.6716249985925848
  ],
  "qg": [
    -0.3905226972143321,
    0.007122437870513307,
    0.008437133956165169,
    0.007267790659608952,
    0.008392805519714506,
    0.012014718640256529,
    -0.13539690235975996,
    -0.005699568568525384,
    -0.0340995304356358,
    -0.034099561709882445,
    -0.03409952889199499,
    -0.03409957265818624,
    -0.034099572498951874,
    -0.03409952766044472,
    0.0025210949773485135,
    0.0022867146864163604,
    0.01637384392054288,
    0.01675443852277743,
    -0.003598682087458024,
    -0.005499180601629862,
    -0.00699918485506651,
    -0.021999790919112413,
    0.003041557750504019,
    0.010886353568179581,
    0.003245738757340088,
    0.18118082075402012,
    0.05470354779898831,
    0.14929008328667243,
    0.2159967440917553,
    0.2112996574728665,
    0.20640255568656293,
    0.0035519341169919292,
    -0.006412942955996813,
    -0.08635092931306598,
    -0.036672647970086104,
    -0.08722430309188631,
    -0.08729055806097395,
    0.19492853960104625,
    -0.013299888795037679,
    -0.028899885761962247,
    -0.010399887126024623,
    -0.010399888823460036,
    -0.010399886589140463,
    -0.01039988712726268,
    -0.010399887125626226,
    0.010588588214338173,
    0.006727565068809143,
    0.004381605825714355,
    0.05511386925240631
  ],
  "pd": [
    0.07245868758968951,
    0.016630666955250336,
    0.07797280843266928,
    0.23289801859396886,
    0.418778835978758,
    0.0029729156858058123,
    0.02476448577879165,
    0.4391477236478434,
    0.007005484487344389,
    0.007545122648134223,
    0.011106734509347127,
    0.04519224306541773,
    0.013844171724990102,
    0.023518412207513308,
    0.013275098755429914,
    0.02289046962041241,
    0.5797283703350568,
    0.005033352299730632,
    0.06317691122410438,
    0.20370849989670056,
    0.03504704564256885,
    0.2924544483393196,
    0.010056892996537814,
    0.06260783825454419,
    0.02006472797845837,
    0.3761277980705143,
    0.01046898031932278,
    0.09368118471311516,
    0.020467003698319882,
    0.00932102277727895,
    0.031387317752121426,
    0.062185939328835774,
    0.015149114913809157,
    0.01787674052652868,
    0.004375974903859381,
    0.02175232368129203,
    0.00739794860428245,
    0.005435628019592146,
    0.027658908641209852,
    0.009791979717604623,
    0.013647939666521072,
    0.01807297258499771,
    0.009527066438671431,
    0.036891626992177726,
    0.022988585649646925,
    0.014256259047775065,
    0.20167749809154611,
    0.08383033537796984,
    0.12619683680143354,
    0.032594144911705966,
    0.021575714828669903,
    0.024146354794614206,
    0.18407548244687408,
    0.035302147318578586,
    0.005808468930683303,
    0.008673456984331149,
    0.05389513485851924,
    0.020673047359712364,
    0.008781384616489115,
    0.021987802151454867,
    0.036813134168790125,
    0.04742928853196466,
    0.08093591251555164,
    0.4841044882430984,
    0.08414430667152029,
    0.022399889474239834,
    0.021683642460827872,
    0.4883823471177231,
    0.020623989345095108,
    0.009419138806513464,
    0.014521172326708258,
    0.007162470134119614,
    0.007741354706603255,
    0.029012909844646162,
    0.008261369661546185,
    0.007064354104885098,
    0.05658351405954496,
    0.11936796116671126,
    0.36685583330785254,
    0.005092221917271342,
    0.020192278816463242,
    0.5156978496566123,
    0.005200149549429309,
    0.04409334353799116,
    0.043121994848569455,
    0.015482709413206506,
    0.03511572686303301,
    0.10653438454283666,
    0.08648927977022519,
    0.3343696160283045,
    0.038628280709628655,
    0.00854590614632628,
    0.16368697157194181,
    0.017641262056365844,
    0.0060243241949992365,
    0.001903450967149596,
    0.14354375077009585,
    0.7578874562190897,
    0.04317105286318671,
    0.29684023484610245,
    0.014874390031952513,
    0.015139303310885704,
    0.23449730987049144,
    0.011381459391203769,
    0.020535684918784044,
    0.055739716208128114,
    0.011381459391203769,
    0.08056307160446048,
    0.01396191096007152,
    0.3655901365307274,
    0.2627056682754146,
    0.08883425286893012,
    0.014746839193947644,
    0.15738792249508593,
    0.31419696041768824,
    0.1447800127384507,
    0.08796102020874293,
    0.013618504857750718,
    0.014197389430234358,
    0.44940084870285024,
    0.040698528926476935,
    0.03722522149157509,
    0.010576907951480745,
    0.02239007787131638,
    0.019780191493678278,
    0.00989990734976259,
    0.07556896571642366,
    0.0151196801050388,
    0.012029025184151571,
    0.020849656212334495,
    0.050853537952249256,
    0.18652838317773696,
    0.013785302107449394,
    0.03004312815160857,
    0.0669151319379394,
    0.23163232181684362,
    0.07599086464213207,
    0.014109085003923294,
    0.4566712464691278,
    0.005298265578663824,
    0.009242529953891337,
    0.09036486292498856,
    0.018622422348710997,
    0.011087111303500223,
    0.07615766189183074,
    0.02064361255094201,
    0.16472700148182767,
    0.007182093339966517,
    0.025186384704500065,
    0.0031691477442748425,
    0.03537082853904275,
    0.517473749785757,
    0.21573752508085214,
    0.36867097984869107,
    0.05271774250770505,
    0.022027048563148677,
    0.019721321876137565,
    0.006956426472727132,
    0.0093308343802024,
    0.07538254526087806
  ],