{
  "hour": 12,
  "dispatch": 1,
  "load": 0.8377011369800843,
  "wind": 0.29284947777860554,
  "solar": 0.969636940078175,
  "gen": [
    47,
    1,
    2,
    3,
    4,
    5,
    6,
    7,
    8,
    9,
    10,
    11,
    12,
    13,
    14,
    15,
    16,
    17,
    18,
    19,
    20,
    21,
    22,
    23,
    24,
    25,
    26,
    27,
    28,
    29,
    30,
    31,
    32,
    33,
    34,
    35,
    36,
    37,
    38,
    39,
    40,
    41,
    42,
    43,
    44,
    45,
    46,
    48,
    49
  ],
  "pg": [
    1.420240351575755,
    0.04507349864120075,
    0.045073498642010976,
    0.04507349864120078,
    0.04507349864201097,
    0.09024649863839823,
    0.24824850231292392,
    0.04676499866707719,
    0.024049970513090203,
    0.024049970513090203,
    0.024049970513090203,
    0.024049970513090203,
    0.024049970513090203,
    0.024049970513090203,
    0.0,
    0.02387999851487987,
    0.17909999851062008,
    0.179099998509119,
    0.031839998545283944,
    0.049749998546794655,
    0.06268499854630304,
    0.17909999865842116,
    0.19400692203877057,
    0.44426437176925576,
    0.004017894835122468,
    0.38313497177774963,
    0.37078528733813376,
    0.37078528733813376,
    0.37078528733813376,
    1.272567034349638,
    1.272567034349638,
    0.2651810591180829,
    0.015393956060681106,
    0.22017158143579088,
    0.22017158143579088,
    0.22017158143579088,
    0.22017158143579088,
    1.3790699984518886,
    0.11939999853425273,
    0.2586999985273478,
    0.09352999853366858,
    0.093529998535295,
    0.09352999853335599,
    0.09352999853370403,
    0.09352999853365086,
    0.17412499864616027,
    0.0,
    0.6716249984765527,
    0.6716249984765529
  ],
  "qg": [
    -0.4666994632954254,
    0.0051990745201984535,
    0.006034286310041467,
    0.005343128196024444,
    0.005990586824388255,
    0.009547006566987721,
    -0.1272762094353012,
    -0.005699637195976162,
    -0.03409961316611264,
    -0.03409963259700978,
    -0.0340996118222405,
    -0.03409963980216403,
    -0.03409963966676979,
    -0.03409961075501599,
    0.00154701483241928,
    0.0018180458592548091,
    0.011979864812656173,
    0.013236884514166564,
    -0.003599655178793037,
    -0.005499685777038619,
    -0.006999685933563381,
    -0.02199980377031709,
    -0.08891373600980232,
    -0.18785611337776087,
    0.00032457045393161326,
    0.022952088553746624,
    0.04697132416609474,
    0.11259081533432556,
    0.1584752292262362,
    0.15382875250692893,
    0.1453404749648228,
    -0.04373952478899005,
    -0.006592898122330323,
    -0.09418575429620296,
    -0.09140106483492363,
    -0.09418622612216025,
    -0.09418626339450922,
    0.15558795074865964,
    -0.013299865511166414,
    -0.028899860963352602,
    -0.010399863123260977,
    -0.010399865529556582,
    -0.010399862328204295,
    -0.01039986311776444,
    -0.010399863126274767,
    -0.0029279334842575696,
    -0.02531014192127609,
    -0.02206884556907294,
    0.029399300242187235
  ],
  "pd": [
    0.06186422896597923,
    0.01419903427181243,
    0.0665721093558073,
    0.19884511888496262,
    0.35754759928583957,
    0.0025382344450496554,
    0.021143576697377327,
    0.3749382748895461,
    0.005981186118037801,
    0.0064419217433768486,
    0.009482776870614554,
    0.03858451436930268,
    0.011819963042788989,
    0.020079696253412622,
    0.011334096383340542,
    0.019543567525745365,
    0.49496409379605255,
    0.0042974068327078325,
    0.05393957621014763,
    0.1739235100598051,
    0.029922684612928612,
    0.24969357789965374,
    0.008586436654045864,
    0.05345370955069918,
    0.017130988251242724,
    0.32113273086131533,
    0.0089382711315775,
    0.07998370455885845,
    0.017474445717404558,
    0.007958160801310801,
    0.026798059371992894,
    0.05309349806179775,
    0.012934105554972502,
    0.015262914715777136,
    0.0037361470709311763,
    0.018571834206848468,
    0.006316266572829836,
    0.0046408642988696675,
    0.023614795051468577,
    0.00836025734706124,
    0.011652422815392973,
    0.015430454943173152,
    0.008134078040076619,
    0.03149756275045116,
    0.019627337639443375,
    0.012171797520320625,
    0.17218946870625634,
    0.07157318514357841,
    0.10774512023837846,
    0.0278284317704784,
    0.018421048002192054,
    0.020615824981079875,
    0.15716111030883362,
    0.030140486908543433,
    0.004959190730922099,
    0.0074052780509039455,
    0.046014923454316035,
    0.017650362956170375,
    0.007497425175971754,
    0.01877288247972369,
    0.03143054665949276,
    0.04049447296161726,
    0.06910196678948716,
    0.4133217409859737,
    0.07184124950741204,
    0.019124716957255324,
    0.018513195127259865,
    0.41697411794320677,
    0.01760847789932137,
    0.00804193091500881,
    0.012397976827305248,
    0.006115218299954615,
    0.006609461970772866,
    0.024770822620501093,
    0.00705344357337231,
    0.0060314481862566065,
    0.04831022456964147,
    0.10191472032499706,
    0.31321645511685353,
    0.004347668900926638,
    0.017239889399050135,
    0.44029571759673236,
    0.004439816025994447,
    0.03764628909588499,
    0.03681696497027471,
    0.013218923941545729,
    0.029981323692517218,
    0.09095758945329754,
    0.07384335522479442,
    0.2854801704714429,
    0.03298029376290592,
    0.007296376903096535,
    0.13975368068238747,
    0.015061866442901915,
    0.005143484981057717,
    0.0016251402057413636,
    0.12255567634018634,
    0.6470738662488963,
    0.036858850027123705,
    0.2534381019819547,
    0.012699549236618079,
    0.0129257285436027,
    0.20021057173824014,
    0.009717333188968977,
    0.017533084796993167,
    0.047589801591838586,
    0.009717333188968977,
    0.06878364035743473,
    0.0119204871792266,
    0.3121358206501493,
    0.22429447942641756,
    0.07584546094217684,
    0.012590648088810667,
    0.1343756393829753,
    0.26825703509513243,
    0.12361117977278124,
    0.07509990693026455,
    0.01162729178128357,
    0.01212153545210182,
    0.38369225177098804,
    0.0347478431619339,
    0.0317823811370244,
    0.00903041825664531,
    0.019116339945885522,
    0.0168880549215185,
    0.008452404472129051,
    0.0645197415702061,
    0.0129089745208631,
    0.010270215939375833,
    0.01780114916082679,
    0.04341804992967777,
    0.15925536315128383,
    0.011769700974570184,
    0.025650408814330183,
    0.05713121754204175,
    0.1977644844182583,
    0.06487995305910753,
    0.012046142349773612,
    0.38989961719601046,
    0.004523586139692455,
    0.007891144710352394,
    0.07715227471586578,
    0.015899567579882,
    0.009466022847874952,
    0.06502236225239413,
    0.017625231922060974,
    0.14064164388758638,
    0.006131972322694217,
    0.021503788186278763,
    0.0027057746724456723,
    0.03019912598813204,
    0.4418119566546663,
    0.18419372599918094,
    0.31476620222026663,
    0.04500968208993993,
    0.018806390525202894,
    0.016837792853299696,
    0.005939301061188798,
    0.0079665378126806,
    0.06436057835417987
  ],