{
  "hour": 12,
  "dispatch": 3,
  "load": 0.873788424123789,
  "wind": 0.19510324730114856,
  "solar": 0.9981173312530093,
  "gen": [
    47,
    1,
    2,
    3,
    4,
    5,
    6,
    7,
    8,
    9,
    10,
    11,
    12,
    13,
    14,
    15,
    16,
    17,
    18,
    19,
    20,
    21,
    22,
    23,
    24,
    25,
    26,
    27,
    28,
    29,
    30,
    31,
    32,
    33,
    34,
    35,
    36,
    37,
    38,
    39,
    40,
    41,
    42,
    43,
    44,
    45,
    46,
    48,
    49
  ],
  "pg": [
    2.386971447261199,
    0.045073497297565795,
    0.04507349729917606,
    0.04507349729756591,
    0.04507349729917602,
    0.09024649729200576,
    0.1653890227371836,
    0.04676499734175522,
    0.01602265908135953,
    0.01602265908135953,
    0.01602265908135953,
    0.01602265908135953,
    0.01602265908135953,
    0.01602265908135953,
    0.0,
    0.02387999704241522,
    0.1790999970340062,
    0.17909999703103388,
    0.03183999708982332,
    0.049749997093028096,
    0.06268499709205755,
    0.17909999732222995,
    0.12925199927206488,
    0.2959794302857344,
    0.0026768165529717585,
    0.2552535784440927,
    0.3816760750018257,
    0.3816760750018257,
    0.3816760750018257,
    1.3099451554137493,
    1.3099451554137493,
    0.17666989249613604,
    0.015846110750972774,
    0.22663850993829582,
    0.22663850993829582,
    0.22663850993829582,
    0.22663850993829582,
    1.3790699969149818,
    0.11939999707304694,
    0.2586999970593018,
    0.09352999707186962,
    0.09352999707511661,
    0.09352999707124368,
    0.09352999707193992,
    0.09352999707183446,
    0.17412499729913888,
    0.0,
    0.6716249969620846,
    0.6716249969620854
  ],
  "qg": [
    -0.4666985616665933,
    0.005768692287309026,
    0.006744786673468448,
    0.005913273408563594,
    0.006700872063220044,
    0.010283161346860758,
    -0.131909925597572,
    -0.005699200636193241,
    -0.034099142584627276,
    -0.0340991906916775,
    -0.03409913958693781,
    -0.03409920816124706,
    -0.03409920786161716,
    -0.03409913720100729,
    0.0017839661411042592,
    0.001929090923717906,
    0.013036481196102602,
    0.014072726431291342,
    -0.0035991502159571807,
    -0.005499244911828627,
    -0.006999245472523583,
    -0.02199958850981581,
    -0.07111264651424688,
    -0.1517911227272963,
    0.0009823958159963057,
    0.04971871109833548,
    0.05104737733230623,
    0.12329192351752467,
    0.17381245321989203,
    0.17618484177866794,
    0.16719965439279227,
    -0.035991479450853105,
    -0.006583488555616928,
    -0.0941671059031732,
    -0.0757994085529469,
    -0.09416884206855501,
    -0.09416897594780613,
    0.1679386102390766,
    -0.013299729603867638,
    -0.028899720381596918,
    -0.01039972476094684,
    -0.010399729635348584,
    -0.010399723147598093,
    -0.010399724749046406,
    -0.010399724767434275,
    0.00049496443777319,
    -0.017163162764273026,
    -0.016626581490053645,
    0.0346595203892003
  ],
  "pd": [
    0.06452927512154182,
    0.014810713788898222,
    0.06943996606511751,
    0.2074111582342638,
    0.37295037518451557,
    0.0026475789250950807,
    0.022054419824884434,
    0.39109022286932543,
    0.006238849348243853,
    0.006719432981511937,
    0.009891284961081291,
    0.04024669481514172,
    0.012329154664386662,
    0.020944708526247222,
    0.011822357378394866,
    0.020385483934807998,
    0.5162866282777819,
    0.004482534615755038,
    0.056263236629330776,
    0.18141595261658106,
    0.031211722509701743,
    0.2604501155785778,
    0.008956331347268838,
    0.05575643934333898,
    0.017868973273331486,
    0.33496679238785454,
    0.009323322485400829,
    0.08342931873533938,
    0.018227226527222237,
    0.008300990029175994,
    0.02795249168772001,
    0.055380710320965754,
    0.013491293268471302,
    0.015920425087535436,
    0.003897096371592099,
    0.019371889362824402,
    0.006588364717893369,
    0.004840787869645791,
    0.024632095676049612,
    0.008720408472755414,
    0.012154396979561905,
    0.016095182772360193,
    0.00848448559824199,
    0.032854444747054456,
    0.020472862777220376,
    0.012696145802518653,
    0.17960721057864484,
    0.07465648295713653,
    0.11238666711080175,
    0.02902725144939227,
    0.01921460744648212,
    0.021503933117686447,
    0.16393144624986405,
    0.031438907499973925,
    0.005172827470812831,
    0.007724289669254295,
    0.04799719813711974,
    0.018410722096288232,
    0.00782040639590791,
    0.01958159858461411,
    0.03278454167312456,
    0.04223893242214395,
    0.07207880710597137,
    0.4311272084626776,
    0.07493609525285615,
    0.019948589722746102,
    0.01931072417313574,
    0.4349369259918572,
    0.018367032675082044,
    0.008388368871588373,
    0.012932068677032078,
    0.0063786554961036595,
    0.0068941906663366965,
    0.02583792370134044,
    0.007357298531122303,
    0.006291276653691281,
    0.050391378419218924,
    0.10630509967890017,
    0.32670949177988473,
    0.004534961921202465,
    0.017982565768467577,
    0.45926319571946356,
    0.0046310786478560816,
    0.039268051780123076,
    0.03840300124024053,
    0.01378838133267339,
    0.03127288769939041,
    0.094875947091361,
    0.07702444958651199,
    0.29777835705714606,
    0.03440105025775357,
    0.007610697174118203,
    0.14577412279657173,
    0.015710715865745725,
    0.005365060924120064,
    0.0016951495428001507,
    0.12783524644931035,
    0.6749491303301796,
    0.038446690661446715,
    0.2643559498344111,
    0.013246632509716642,
    0.013482555384230063,
    0.20883543336558555,
    0.010135945719835952,
    0.018288391716910903,
    0.04963992037447245,
    0.010135945719835952,
    0.07174676750480431,
    0.012434009275281517,
    0.3255823047127651,
    0.2339568505591445,
    0.07911280392016787,
    0.013133040014580549,
    0.140164401113697,
    0.279813267057161,
    0.1289362198637063,
    0.07833513222269768,
    0.012128183326838191,
    0.012643718497071226,
    0.4002213119014191,
    0.03624474383265477,
    0.03315153281125655,
    0.009419439212054445,
    0.019939851838504864,
    0.017615574630335588,
    0.008816525199409031,
    0.06729918442601424,
    0.013465079615747588,
    0.010712646079757653,
    0.018568004012630517,
    0.045288454022335986,
    0.16611591731017353,
    0.012276727358939235,
    0.02675540154667042,
    0.059592370525242404,
    0.20628397116714411,
    0.06767491344838746,
    0.012565077538900085,
    0.40669608412417635,
    0.004718457490268461,
    0.008231086955246093,
    0.08047591386180097,
    0.016584504289869514,
    0.009873809192598814,
    0.0678234574804885,
    0.01838450844356452,
    0.14670033852614295,
    0.006396131264586135,
    0.02243014884725766,
    0.002822336609919838,
    0.031500072689662595,
    0.4608447527671276,
    0.19212859869633872,
    0.3283260003645137,
    0.04694865202817118,
    0.019616550121579063,
    0.01756314732488816,
    0.006195159927037664,
    0.008309727913417232,
    0.0671331646254307
  ],