{
  "hour": 13,
  "dispatch": 2,
  "load": 0.9311623456895101,
  "wind": 0.23020571769909662,
  "solar": 0.9086331857063973,
  "gen": [
    47,
    1,
    2,
    3,
    4,
    5,
    6,
    7,
    8,
    9,
    10,
    11,
    12,
    13,
    14,
    15,
    16,
    17,
    18,
    19,
    20,
    21,
    22,
    23,
    24,
    25,
    26,
    27,
    28,
    29,
    30,
    31,
    32,
    33,
    34,
    35,
    36,
    37,
    38,
    39,
    40,
    41,
    42,
    43,
    44,
    45,
    46,
    48,
    49
  ],
  "pg": [
    3.464728959572759,
    0.045073496830031395,
    0.04507349683191203,
    0.04507349683003158,
    0.045073496831911974,
    0.09024649682354485,
    0.1951453868935242,
    0.046764996885331325,
    0.018905414360320612,
    0.018905414360320612,
    0.018905414360320612,
    0.018905414360320612,
    0.018905414360320612,
    0.018905414360320612,
    0.0,
    0.023879996565374918,
    0.1790999965558051,
    0.17909999655237466,
    0.03183999658021408,
    0.04974999658436016,
    0.06268499658324506,
    0.1790999968605729,
    0.1525066838612975,
    0.34923128197823755,
    0.0031584224468316057,
    0.3011781404657281,
    0.3474576956813834,
    0.3474576956813834,
    0.3474576956813834,
    1.192504731052047,
    1.192504731052047,
    0.20845588149088598,
    0.014425460456274762,
    0.2063197029456088,
    0.2063197029456088,
    0.2063197029456088,
    0.2063197029456088,
    1.3790699964063984,
    0.11939999656495523,
    0.2586999965489104,
    0.09352999656357074,
    0.09352999656737168,
    0.09352999656283917,
    0.09352999656365332,
    0.09352999656352946,
    0.1741249968492976,
    0.0,
    0.6716249964402862,
    0.6716249964402872
  ],
  "qg": [
    -0.466695553502397,
    0.00656335194232375,
    0.007738437367144338,
    0.006708097017583073,
    0.007694379481598918,
    0.01129639029552739,
    -0.12850017690448415,
    -0.005698796438764569,
    -0.0340986684200553,
    -0.03409877696905897,
    -0.03409866382867993,
    -0.03409881323033339,
    -0.0340988128332239,
    -0.034098660380636914,
    0.0021620904592805413,
    0.0021106732338319386,
    0.01474289511109355,
    0.015438897922769148,
    -0.0035982606037212777,
    -0.005498642699363909,
    -0.006998648986272792,
    -0.021999459885567268,
    -0.034845766649093224,
    -0.07289931787523289,
    0.002163234508740126,
    0.10880577485674986,
    0.05370491454651214,
    0.13680251305897476,
    0.19514232751354307,
    0.19257229919022406,
    0.18508246821107177,
    -0.017020193144116645,
    -0.006479612614183322,
    -0.09350078327347523,
    -0.05060273910039591,
    -0.09356021770906335,
    -0.09356470594743412,
    0.1843748429558424,
    -0.01329968289323985,
    -0.02889967213793294,
    -0.01039967715870291,
    -0.010399682898142765,
    -0.01039967525739313,
    -0.010399677143128066,
    -0.010399677167149981,
    0.00614786612262437,
    -0.0037617474300111354,
    -0.004879821364346858,
    0.046060744727641
  ],
  "pd": [
    0.06876633922917032,
    0.015783201759437194,
    0.07399947161194537,
    0.221030005996319,
    0.3974387123871967,
    0.0028214219074392155,
    0.02350253760520323,
    0.4167696426837109,
    0.006648499148223102,
    0.007160638438352332,
    0.010540757753205255,
    0.04288933764245883,
    0.013138700697678985,
    0.022319961426177558,
    0.012598626537179072,
    0.02172401752493627,
    0.5501865835741039,
    0.004776862833387186,
    0.059957543438947554,
    0.19332792621205608,
    0.0332611189880293,
    0.27755156037967227,
    0.00954441404331748,
    0.05941746927844764,
    0.01904226996935048,
    0.3569610852200737,
    0.009935502228507073,
    0.08890738076643441,
    0.01942404653108318,
    0.008846042284050346,
    0.029787883438607426,
    0.059017069469801155,
    0.014377146617446036,
    0.016965777938462875,
    0.004152984061775215,
    0.020643869203936436,
    0.0070209640864989055,
    0.005158639395119886,
    0.02624946652498729,
    0.00929300020998131,
    0.012952468228541085,
    0.017152010407600775,
    0.009041586376645143,
    0.03501170419792557,
    0.02181713375950522,
    0.013529788882868581,
    0.1914004201564788,
    0.07955851081571175,
    0.1197661009025848,
    0.030933213123805522,
    0.020476259981712326,
    0.022915905327418842,
    0.17469536767480898,
    0.03350322119790857,
    0.005512481086481899,
    0.00823147513589527,
    0.05114874764872479,
    0.019619590623677977,
    0.008333902993921114,
    0.02086734816690192,
    0.034937211210270415,
    0.0450123877906309,
    0.0768115818959277,
    0.4594355013632044,
    0.07985648276633238,
    0.021258436352091514,
    0.020578687839738173,
    0.4634953691904105,
    0.0195730325063935,
    0.008939158518619296,
    0.01378120271620475,
    0.006797485123533424,
    0.007346870907490236,
    0.027534470562038813,
    0.007840386950705675,
    0.006704368888964472,
    0.053700132475914056,
    0.1132852109765858,
    0.34816160105330785,
    0.004832732574128557,
    0.01916332107429012,
    0.4894189288944065,
    0.0049351604321544035,
    0.04184643581528658,
    0.04092458509305397,
    0.014693741814980468,
    0.03332630035222757,
    0.101105607494967,
    0.0820819607725303,
    0.31733081578752814,
    0.036659861549796016,
    0.008110424030955634,
    0.15534581413138096,
    0.01674229897549739,
    0.005717336802533592,
    0.0018064549506376496,
    0.13622905117437534,
    0.7192670423044052,
    0.04097114321033844,
    0.28171385606490434,
    0.014116421160652972,
    0.014367834993989139,
    0.2225478006197929,
    0.010801483209998316,
    0.019489227895281448,
    0.05289933285862106,
    0.010801483209998316,
    0.07645774020456568,
    0.013250440179161728,
    0.34696040162736846,
    0.2493187180583663,
    0.08430743877872825,
    0.013995370055713337,
    0.1493677518720543,
    0.2981861179601518,
    0.1374023157299441,
    0.08347870429106458,
    0.0129245333581704,
    0.01347391914212721,
    0.4265002891961663,
    0.03862461409920088,
    0.03532829939546001,
    0.010037930086532918,
    0.02124912472863462,
    0.018772232889100522,
    0.009395428068007156,
    0.07171812386500608,
    0.01434921174707535,
    0.011416050358153393,
    0.01978719984590209,
    0.048262144377087306,
    0.17702327353903277,
    0.013082830956937616,
    0.0285121910250128,
    0.06350527197602458,
    0.21982880657037954,
    0.07211852367365255,
    0.013390114531015155,
    0.43340020217772557,
    0.005028276666723354,
    0.008771549296395184,
    0.0857600520380039,
    0.0176734613211869,
    0.010522134506291463,
    0.07227682127241977,
    0.01959165575330729,
    0.15633284621781185,
    0.006816108370447214,
    0.02390293741384972,
    0.0030076543765771174,
    0.03356840256210684,
    0.49110433274010457,
    0.20474397657020946,
    0.34988425139283336,
    0.050031352833897376,
    0.0209045946607295,
    0.01871636314835915,
    0.006601941030938627,
    0.00885535390750724,
    0.07154120301932505
  ],