{
  "hour": 13,
  "dispatch": 0,
  "load": 0.9087290337714015,
  "wind": 0.20177796864133218,
  "solar": 0.9845773074046981,
  "gen": [
    47,
    1,
    2,
    3,
    4,
    5,
    6,
    7,
    8,
    9,
    10,
    11,
    12,
    13,
    14,
    15,
    16,
    17,
    18,
    19,
    20,
    21,
    22,
    23,
    24,
    25,
    26,
    27,
    28,
    29,
    30,
    31,
    32,
    33,
    34,
    35,
    36,
    37,
    38,
    39,
    40,
    41,
    42,
    43,
    44,
    45,
    46,
    48,
    49
  ],
  "pg": [
    2.9335687255899443,
    0.045073497559638874,
    0.04507349756108944,
    0.04507349755963899,
    0.0450734975610894,
    0.09024649755463349,
    0.17104718401725727,
    0.04676499759986531,
    0.01657081389670077,
    0.01657081389670077,
    0.01657081389670077,
    0.01657081389670077,
    0.01657081389670077,
    0.01657081389670077,
    0.0,
    0.02387999733773732,
    0.17909999733022686,
    0.17909999732756218,
    0.03183999736818467,
    0.04974999737123549,
    0.0626849973703681,
    0.17909999758141765,
    0.13367386866550973,
    0.30610524954764656,
    0.002768393729759078,
    0.26398611637345487,
    0.37649842404232686,
    0.37649842404232686,
    0.37649842404232686,
    1.292175011474844,
    1.292175011474844,
    0.18271398616409912,
    0.015631149332356986,
    0.22356403088315516,
    0.22356403088315516,
    0.22356403088315516,
    0.22356403088315516,
    1.3790699972211327,
    0.11939999735530185,
    0.25869999734288496,
    0.09352999735422546,
    0.09352999735716415,
    0.0935299973536559,
    0.09352999735428831,
    0.09352999735419402,
    0.17412499756535949,
    0.0,
    0.6716249972567048,
    0.6716249972567053
  ],
  "qg": [
    -0.4666980988172525,
    0.006272065838182519,
    0.007374190240325313,
    0.006416822267941978,
    0.007330162336860057,
    0.01092580148608501,
    -0.12949061978094695,
    -0.005699165352308792,
    -0.03409908985656915,
    -0.03409915302253907,
    -0.03409908673104357,
    -0.034099174890989924,
    -0.03409917459386542,
    -0.03409908429499743,
    0.002011810193213787,
    0.0020369785924639265,
    0.014057622507928308,
    0.014885329476336301,
    -0.0035990186237597455,
    -0.005499164439172427,
    -0.0069991659058939535,
    -0.021999602398817465,
    -0.05317978809586583,
    -0.11302656261795907,
    0.0016004449782569697,
    0.07956063902297862,
    0.05373930841932002,
    0.1323803393006514,
    0.18744431841506565,
    0.19062715626947674,
    0.1818763265412486,
    -0.025444886161236017,
    -0.006555629682385431,
    -0.09404491021109596,
    -0.060704116369907885,
    -0.09405668652683975,
    -0.09405758128715408,
    0.17800825748392893,
    -0.013299753181584259,
    -0.028899744637034323,
    -0.010399748674303504,
    -0.010399753194356563,
    -0.010399747171965082,
    -0.010399748661495407,
    -0.010399748681208803,
    0.003732822895205686,
    -0.009473804229487575,
    -0.010506887761891822,
    0.040578239458477175
  ],
  "pd": [
    0.06710963914401799,
    0.015402957122425254,
    0.07221669631381328,
    0.21570501074631757,
    0.38786372619430953,
    0.0027534489723273466,
    0.022936320812390172,
    0.40672894093540385,
    0.006488325301127806,
    0.006988126269702077,
    0.010286812662292266,
    0.04185605929551075,
    0.012822166666514473,
    0.021782234939500496,
    0.012295103826927061,
    0.021200648357886796,
    0.5369316368941702,
    0.00466177994324729,
    0.058513062484540544,
    0.18867032199161837,
    0.03245980108631446,
    0.27086486309624164,
    0.009314472596156866,
    0.05798599964495313,
    0.01858350874062516,
    0.3483612750962668,
    0.009696138790340854,
    0.08676544814449341,
    0.018956087644471434,
    0.008632925820828313,
    0.02907024179034713,
    0.05759524616043143,
    0.01403077628143044,
    0.016557042995314936,
    0.004052931490620451,
    0.02014652267871197,
    0.006851816914636367,
    0.005034358847093565,
    0.025617071462015806,
    0.009069115757038585,
    0.012640420859760195,
    0.016738788802069214,
    0.008823758917920308,
    0.03416821166980468,
    0.021291521261263935,
    0.013203832860698463,
    0.18678925289171158,
    0.07764180864542854,
    0.11688072832367767,
    0.030187978501885957,
    0.019982951452633117,
    0.02236382152111419,
    0.17048665402585264,
    0.032696070635095026,
    0.005379675879926696,
    0.008033164658539189,
    0.04991648582506309,
    0.019146920741563427,
    0.008133124852254042,
    0.020364617646817105,
    0.03409551334710298,
    0.043927961492509535,
    0.07496105799580291,
    0.4483669052628096,
    0.0779326019362354,
    0.020746283841001096,
    0.020082911646347974,
    0.4523289638500528,
    0.01910148428987486,
    0.008723798724205454,
    0.013449189699816743,
    0.0066337219465312305,
    0.0071698720764563585,
    0.026871117528620342,
    0.007651498464355201,
    0.00654284904315409,
    0.052406403377596736,
    0.1105559742486287,
    0.339773785727127,
    0.004716303685273574,
    0.018701643515015444,
    0.47762798015024865,
    0.0048162638789884275,
    0.04083828277768678,
    0.0399386410342531,
    0.014339744152912713,
    0.03252341211867846,
    0.09866979848689876,
    0.08010446432694904,
    0.30968576741895587,
    0.03577666205958008,
    0.007915029884148907,
    0.15160326470408292,
    0.0163389480272098,
    0.005579596267356404,
    0.001762934325516519,
    0.13294705764075604,
    0.7019386548463814,
    0.03998407748594166,
    0.27492688187719977,
    0.013776332151974446,
    0.014021688991092724,
    0.21718623907136494,
    0.010541256791748256,
    0.019019698676835433,
    0.05162489640855332,
    0.010541256791748256,
    0.07461574096296977,
    0.012931214150567043,
    0.338601525273562,
    0.24331219879229274,
    0.08227632671766269,
    0.013658197377584164,
    0.14576922430727052,
    0.2910022984846159,
    0.134092056223308,
    0.08146755787760614,
    0.012613158988747052,
    0.01314930911867218,
    0.416225159338315,
    0.037694080320837736,
    0.03447717954128697,
    0.009796098984055708,
    0.020737196550663382,
    0.018319977320831453,
    0.00916907595075344,
    0.06999031018107335,
    0.014003514410417297,
    0.011141017954037382,
    0.01931049196764228,
    0.047099425820371736,
    0.17275847661028113,
    0.01276764292448819,
    0.027825283014080313,
    0.06197532010320958,
    0.21453275029275246,
    0.07038106366559505,
    0.013067523505632754,
    0.4229588414785611,
    0.0049071367823655685,
    0.0085602274981266,
    0.08369394401034609,
    0.0172476770609812,
    0.010268638081616837,
    0.07053554760133618,
    0.019119658870550286,
    0.1525665174798806,
    0.0066518965272066586,
    0.023327074296911873,
    0.0029351947790816264,
    0.032759681667459024,
    0.4792727797013749,
    0.19981133994565575,
    0.34145493443960406,
    0.0488260109845374,
    0.020400966808167963,
    0.018265453578805168,
    0.006442888849439237,
    0.008642013111166027,
    0.06981765166465677
  ],