{
  "hour": 13,
  "dispatch": 3,
  "load": 0.9527294990101968,
  "wind": 0.33719840940210993,
  "solar": 0.8619540704362599,
  "gen": [
    47,
    1,
    2,
    3,
    4,
    5,
    6,
    7,
    8,
    9,
    10,
    11,
    12,
    13,
    14,
    15,
    16,
    17,
    18,
    19,
    20,
    21,
    22,
    23,
    24,
    25,
    26,
    27,
    28,
    29,
    30,
    31,
    32,
    33,
    34,
    35,
    36,
    37,
    38,
    39,
    40,
    41,
    42,
    43,
    44,
    45,
    46,
    48,
    49
  ],
  "pg": [
    3.389065675521361,
    0.045073499172401714,
    0.045073499172891406,
    0.045073499172401735,
    0.04507349917289139,
    0.09024649917070857,
    0.2858430916501686,
    0.04676499918916814,
    0.02769208217373888,
    0.02769208217373888,
    0.02769208217373888,
    0.02769208217373888,
    0.02769208217373888,
    0.02769208217373888,
    0.0,
    0.023879999108921107,
    0.17909999910644442,
    0.1790999991055543,
    0.03183999911018764,
    0.049749999111267026,
    0.06268499911097622,
    0.1790999991829723,
    0.22338720226070977,
    0.5115434749993768,
    0.004626362176996948,
    0.44115667902078043,
    0.32960778871854407,
    0.32960778871854407,
    0.32960778871854407,
    1.1312423133056744,
    1.1312423133056744,
    0.3053399036817986,
    0.013684382822246061,
    0.19572046295767978,
    0.19572046295767978,
    0.19572046295767978,
    0.19572046295767978,
    1.3790699990672917,
    0.11939999910587837,
    0.2586999991016913,
    0.09352999910551585,
    0.09352999910650751,
    0.09352999910532417,
    0.0935299991055372,
    0.09352999910550518,
    0.17412499918216962,
    0.0,
    0.6716249990730154,
    0.6716249990730154
  ],
  "qg": [
    -0.4666988002283845,
    0.006848547539822977,
    0.008096791816074473,
    0.006993178976230295,
    0.008052719109009858,
    0.01165255223154001,
    -0.1193517671979781,
    -0.005699688494970743,
    -0.03409965650225879,
    -0.034099682511840895,
    -0.034099655399186725,
    -0.03409969135954191,
    -0.03409969124503041,
    -0.0340996545196177,
    0.002310493936463005,
    0.0021832630088880764,
    0.015413911396796659,
    0.015978866076740504,
    -0.003599556843130631,
    -0.0054996376388463395,
    -0.006999638058826978,
    -0.02199985762111492,
    -0.028752663286146753,
    -0.05694457877298631,
    0.0024727126354112286,
    0.1282252109315434,
    0.05452059390049303,
    0.1419036435595154,
    0.20333882734209616,
    0.1984713159393988,
    0.1917007030019888,
    -0.007567417305536803,
    -0.006547655070944022,
    -0.09340130704661939,
    -0.04424787069934256,
    -0.09351268471272506,
    -0.0935207138834494,
    0.1888066244487874,
    -0.013299916873384688,
    -0.028899914013039506,
    -0.0103999153851535,
    -0.01039991688746086,
    -0.010399914887517552,
    -0.010399915381577746,
    -0.010399915387102943,
    0.008033716382010562,
    0.0006868705579576585,
    -0.0013790749484083363,
    0.049452303464367936
  ],
  "pd": [
    0.07035907350190303,
    0.016148765008222835,
    0.07571341328634033,
    0.2261494011800504,
    0.40664400476753215,
    0.0028867703820008965,
    0.024046892555017366,
    0.42642266916698385,
    0.006802488622932805,
    0.007326489847388413,
    0.010784897928795428,
    0.04388272072440966,
    0.013443013231033876,
    0.02283692609127442,
    0.012890430121607963,
    0.02222717921190789,
    0.5629297517851648,
    0.004887502329922309,
    0.061346252441266576,
    0.19780569858449706,
    0.03403149770464423,
    0.28398008176996936,
    0.009765477364854518,
    0.06079366933184066,
    0.019483318254758523,
    0.36522885344555894,
    0.0101656237544388,
    0.09096661256549358,
    0.019873937349352704,
    0.00905093024059687,
    0.030477816673336194,
    0.06038399564726628,
    0.014710143464717438,
    0.017358731471965785,
    0.004249173565585478,
    0.02112201299305606,
    0.007183580422536883,
    0.005278121424516491,
    0.026857444577097447,
    0.009508240400121763,
    0.013252467331231838,
    0.017549277371767823,
    0.00925100343538901,
    0.035822629162783386,
    0.02232245216180891,
    0.013843159620618158,
    0.19583354852154597,
    0.08140120839543122,
    0.12254006816269152,
    0.031649673957118735,
    0.020950521683234226,
    0.02344667297064094,
    0.178741581309303,
    0.034279207374386875,
    0.0056401586341403645,
    0.00842212877125014,
    0.05233343138063012,
    0.020074010544144844,
    0.008526929016141261,
    0.021350668072818508,
    0.03574641080286258,
    0.0460549439821529,
    0.07859065637335114,
    0.4700767348116312,
    0.08170608183511448,
    0.021750814462402793,
    0.02105532192812535,
    0.47423063542731553,
    0.020026374069194337,
    0.009146203190497889,
    0.014100396585350913,
    0.006954925342774436,
    0.007517035747190454,
    0.028172211285731517,
    0.008021982381665857,
    0.006859652392873417,
    0.05494391020791806,
    0.11590907084958055,
    0.3562255596799126,
    0.004944666099862921,
    0.01960717308962985,
    0.5007546246797595,
    0.005049466344754043,
    0.04281566368551824,
    0.041872461481498154,
    0.015034071494380904,
    0.03409818876957495,
    0.10344736900252716,
    0.08398310533774883,
    0.32468068596768496,
    0.03750896037603145,
    0.008298273936378815,
    0.15894386231987112,
    0.017130076392203337,
    0.005849759123922608,
    0.0018482952280797819,
    0.1393843257051918,
    0.7359263742154364,
    0.04192009795644865,
    0.2882387826305449,
    0.014443379204994583,
    0.014700616169727336,
    0.22770235026343702,
    0.011051662188518281,
    0.01994062841428342,
    0.05412456283876928,
    0.011051662188518281,
    0.07822861916372725,
    0.0135573407709151,
    0.3549965386261895,
    0.2550933233599802,
    0.08626012884038323,
    0.014319524370123257,
    0.15282733893622566,
    0.3050925674680353,
    0.14058476487394464,
    0.08541219958626413,
    0.01322388544626153,
    0.013785995850677548,
    0.4363786924316404,
    0.03951921961894297,
    0.03614655719244687,
    0.010270423999329922,
    0.02174128716741269,
    0.01920702670004557,
    0.009613040645012885,
    0.07337922601376536,
    0.014681561579747131,
    0.011680463657865013,
    0.02024550185396668,
    0.049379969933698496,
    0.1811234050568285,
    0.013385849461093264,
    0.029172577259692228,
    0.06497615183249542,
    0.22492038012632726,
    0.07378889969833974,
    0.01370025019576663,
    0.443438418019306,
    0.005144739294655063,
    0.008974711880676053,
    0.08774638685883913,
    0.018082805891213534,
    0.010765843338815223,
    0.07395086371317147,
    0.02004542865917454,
    0.15995375558882194,
    0.006973979932754641,
    0.024456566239591748,
    0.0030773162818029352,
    0.03434589843931759,
    0.5024790650729679,
    0.20948616224236205,
    0.3579881092530814,
    0.05119015598181787,
    0.021388777252778917,
    0.019149862930104955,
    0.006754852147982295,
    0.00906045753558697,
    0.07319820740895341
  ],