{
  "hour": 14,
  "dispatch": 3,
  "load": 0.9409734142997571,
  "wind": 0.4291665224641324,
  "solar": 0.7333716852734655,
  "gen": [
    47,
    1,
    2,
    3,
    4,
    5,
    6,
    7,
    8,
    9,
    10,
    11,
    12,
    13,
    14,
    15,
    16,
    17,
    18,
    19,
    20,
    21,
    22,
    23,
    24,
    25,
    26,
    27,
    28,
    29,
    30,
    31,
    32,
    33,
    34,
    35,
    36,
    37,
    38,
    39,
    40,
    41,
    42,
    43,
    44,
    45,
    46,
    48,
    49
  ],
  "pg": [
    3.2930301151070736,
    0.045073499365194995,
    0.0450734993655705,
    0.04507349936519501,
    0.045073499365570494,
    0.0902464993638955,
    0.363804461092845,
    0.04676499937984162,
    0.03524487149084442,
    0.03524487149084442,
    0.03524487149084442,
    0.03524487149084442,
    0.03524487149084442,
    0.03524487149084442,
    0.0,
    0.02387999932284355,
    0.1790999993209768,
    0.17909999932029816,
    0.03183999932000905,
    0.049749999320818666,
    0.06268499932059553,
    0.17909999937529772,
    0.2843142378020384,
    0.6510627812389874,
    0.0058881646882078965,
    0.5614785613398243,
    0.2804383989618321,
    0.2804383989618321,
    0.2804383989618321,
    0.9624887336998604,
    0.9624887336998604,
    0.38861886942172114,
    0.011643008875401538,
    0.16652377508830474,
    0.16652377508830474,
    0.16652377508830474,
    0.16652377508830474,
    1.3790699992889934,
    0.11939999931605075,
    0.25869999931287607,
    0.09352999931578446,
    0.09352999931653497,
    0.09352999931564271,
    0.09352999931580142,
    0.09352999931577594,
    0.17412499937658693,
    0.0,
    0.6716249992911502,
    0.6716249992911502
  ],
  "qg": [
    -0.46669929949886063,
    0.006719600841732985,
    0.00793644819337872,
    0.006863928018241424,
    0.00789248460151576,
    0.011482692673535274,
    -0.11479996432936562,
    -0.005699785973778877,
    -0.034099766879332465,
    -0.03409978225502585,
    -0.034099766147383866,
    -0.03409978762677039,
    -0.0340997875482807,
    -0.03409976556257823,
    0.0022506445041886734,
    0.002159988983325499,
    0.015169278765971121,
    0.015801649282494466,
    -0.0035997043755398527,
    -0.005499751378085314,
    -0.006999751572438033,
    -0.021999895907081936,
    -0.02901992735976876,
    -0.05426402458340738,
    0.0024909729375204286,
    0.13509504820291052,
    0.050790732645906445,
    0.13699232599839617,
    0.19777957247782918,
    0.18442610899167963,
    0.17946796961829706,
    -0.004646188273094506,
    -0.006575141178216249,
    -0.09396645386933876,
    -0.05038440847561029,
    -0.09398826678418133,
    -0.09398989252683725,
    0.1846165157145087,
    -0.013299938795160528,
    -0.028899936821171635,
    -0.010399937755577168,
    -0.010399938808282992,
    -0.010399937411278577,
    -0.010399937754015653,
    -0.010399937756476806,
    0.00746728362225684,
    -0.0007167895669314263,
    -0.0011984543247765668,
    0.049682151652774155
  ],
  "pd": [
    0.06949088664603706,
    0.015949499372380882,
    0.07477915723440169,
    0.22335885935233335,
    0.4016262726914223,
    0.002851149445328264,
    0.02375016897692587,
    0.42116088077228525,
    0.006718550178100266,
    0.007236085555965132,
    0.010651819049873251,
    0.04334123546264681,
    0.013277134875769573,
    0.02255513274076518,
    0.012731370295475714,
    0.021952909755613332,
    0.5559835515731545,
    0.004827193615357754,
    0.06058927814676136,
    0.19536490027691558,
    0.03361157035878733,
    0.2804759456003286,
    0.009644977496572511,
    0.060043513566467505,
    0.01924290632243003,
    0.36072215837181193,
    0.01004018633057841,
    0.0898441415973408,
    0.019628705422292933,
    0.008939247435847692,
    0.030101739523449227,
    0.05963889499831861,
    0.01452862951678825,
    0.017144535608541574,
    0.0041967414277769175,
    0.020861380595025614,
    0.007094939543820168,
    0.005212992715220655,
    0.026526040549110154,
    0.009390914674711575,
    0.013088940192909623,
    0.017332730291401525,
    0.009136851852850642,
    0.03538060037767086,
    0.022047007097043308,
    0.013672343709775471,
    0.1934170853093151,
    0.08039676851777125,
    0.12102800054723477,
    0.03125913682303793,
    0.02069200538045166,
    0.023157355725917022,
    0.17653602225677742,
    0.03385622344650526,
    0.005570562612654562,
    0.008318204982409854,
    0.05168766964748567,
    0.01982630983929588,
    0.008421712057982826,
    0.021087214214457556,
    0.035305322504526886,
    0.045486654847250244,
    0.07762089694558698,
    0.46427628261550025,
    0.08069788001034717,
    0.021482423048463456,
    0.020795512456024633,
    0.4683789267018471,
    0.019779261168580895,
    0.009033344777277668,
    0.013926406531636406,
    0.006869105924388227,
    0.007424280238825085,
    0.027824583860843816,
    0.007922996148403956,
    0.006775008582958251,
    0.054265936802667,
    0.11447882558370845,
    0.3518299596066792,
    0.004883652020215739,
    0.019365232866289002,
    0.4945756265559524,
    0.004987159095788713,
    0.042287345238631084,
    0.04135578155847433,
    0.014848560477650166,
    0.03367743849778831,
    0.10217089332466762,
    0.08294680647052358,
    0.32067432985921424,
    0.03704612332098144,
    0.008195878438550885,
    0.1569825947076285,
    0.016918701989109632,
    0.0057775767638005085,
    0.001825488423741529,
    0.13766441051205447,
    0.7268455041417043,
    0.04140283022918931,
    0.2846820967622485,
    0.014265156960784318,
    0.014519219782645252,
    0.22489264601764195,
    0.010915291605877182,
    0.019694573561293918,
    0.0534566996663692,
    0.010915291605877182,
    0.07726332704815306,
    0.013390051685485543,
    0.3506161039022326,
    0.25194563167875994,
    0.08519573293070001,
    0.014142830416925349,
    0.15094154538782403,
    0.3013279164612112,
    0.13885003701407217,
    0.08435826659197322,
    0.01306071099048063,
    0.013615885304917487,
    0.4309940529517177,
    0.03903157722515393,
    0.035700531338532786,
    0.010143693406151382,
    0.021473013314320458,
    0.018970024032283105,
    0.00949442175028455,
    0.07247377236936729,
    0.014500400314359257,
    0.011536334059315022,
    0.019995685053869842,
    0.048770652063156415,
    0.17888845579252682,
    0.013220676470911588,
    0.028812605945858563,
    0.06417438685524343,
    0.22214500364788667,
    0.07287839093751619,
    0.013531197697630507,
    0.437966665951679,
    0.0050812564372186885,
    0.008863969562703711,
    0.08666365145700765,
    0.01785967540340939,
    0.010632999581587255,
    0.07303835641794715,
    0.019798080636866888,
    0.15798002652678622,
    0.006887925392674223,
    0.024154787545074764,
    0.0030393441281882155,
    0.03392209158550624,
    0.49627878843583495,
    0.2069012343362306,
    0.35357076042313373,
    0.05055850155032595,
    0.02112485315102955,
    0.01891356562742512,
    0.006671501507385278,
    0.00894865716999069,
    0.07229498742065034
  ],