{
  "hour": 14,
  "dispatch": 0,
  "load": 0.9719184731694481,
  "wind": 0.27831599823268616,
  "solar": 0.8376072690998967,
  "gen": [
    47,
    1,
    2,
    3,
    4,
    5,
    6,
    7,
    8,
    9,
    10,
    11,
    12,
    13,
    14,
    15,
    16,
    17,
    18,
    19,
    20,
    21,
    22,
    23,
    24,
    25,
    26,
    27,
    28,
    29,
    30,
    31,
    32,
    33,
    34,
    35,
    36,
    37,
    38,
    39,
    40,
    41,
    42,
    43,
    44,
    45,
    46,
    48,
    49
  ],
  "pg": [
    4.136512556165772,
    0.045073498844324204,
    0.04507349884500798,
    0.04507349884432423,
    0.04507349884500797,
    0.09024649884196334,
    0.23592847170184805,
    0.04676499886609231,
    0.022856423038861123,
    0.022856423038861123,
    0.022856423038861123,
    0.022856423038861123,
    0.022856423038861123,
    0.022856423038861123,
    0.0,
    0.023879998757861908,
    0.17909999875444385,
    0.17909999875320845,
    0.03183999875292009,
    0.04974999875451656,
    0.06268499875411439,
    0.17909999885674824,
    0.18437878250918993,
    0.4222165019589142,
    0.003818495495752454,
    0.3641208204878233,
    0.3202976692747241,
    0.3202976692747241,
    0.3202976692747241,
    1.09928918168301,
    1.09928918168301,
    0.2520207027196619,
    0.01329785300422996,
    0.19019213216543715,
    0.19019213216543715,
    0.19019213216543715,
    0.19019213216543715,
    1.3790699986975867,
    0.11939999874817894,
    0.2586999987423962,
    0.09352999874769041,
    0.09352999874906111,
    0.09352999874743183,
    0.09352999874772149,
    0.09352999874767487,
    0.17412499885703372,
    0.0,
    0.6716249987039624,
    0.6716249987039624
  ],
  "qg": [
    -0.45693863503899945,
    0.007091609455273445,
    0.008399424906437575,
    0.007236700462142961,
    0.008355180050443972,
    0.01197032258711072,
    -0.12798434564783126,
    -0.005699537344426767,
    -0.03409948485199091,
    -0.03409952804988906,
    -0.034099483202714095,
    -0.03409954238872119,
    -0.03409954222329069,
    -0.034099481901136756,
    0.0024393153504951473,
    0.0022439262761248698,
    0.015989355837688714,
    0.016435193524786746,
    -0.0035987116658119356,
    -0.0054992227087369795,
    -0.00699923023258917,
    -0.021999795394207565,
    -0.007331101463293968,
    -0.012314527787001877,
    0.0029966517612461056,
    0.15710071437776296,
    0.05586594158761335,
    0.14734687493203208,
    0.2117090861562495,
    0.20936928288947523,
    0.20295558796288943,
    -0.001402157046181554,
    -0.006453372285891898,
    -0.08865334298334879,
    -0.037048470988103516,
    -0.08949128369729989,
    -0.0895526164676496,
    0.19429786091821627,
    -0.01329988798462395,
    -0.028899884384293962,
    -0.010399886076986768,
    -0.010399888004529902,
    -0.010399885446463208,
    -0.010399886073967296,
    -0.010399886078717238,
    0.00968041722155979,
    0.004613775009332081,
    0.003062338966586789,
    0.053785090134494326
  ],
  "pd": [
    0.07177617924356375,
    0.016474018120222145,
    0.07723836106277604,
    0.2307042879762319,
    0.4148342427181838,
    0.002944912973703428,
    0.02453122226279687,
    0.4350112702211816,
    0.006939497898429859,
    0.007474053058673056,
    0.011002117116278153,
    0.044766564874184775,
    0.013713769656420913,
    0.023296885801871673,
    0.013150056941982633,
    0.022674857979043225,
    0.5742677490569,
    0.004985941767359269,
    0.06258183048738077,
    0.20178971339944082,
    0.034716927861612686,
    0.2896997392976174,
    0.009962164349986844,
    0.06201811777294249,
    0.019875732776315214,
    0.372584946689508,
    0.010370370108718012,
    0.09279877581821891,
    0.020274219350314687,
    0.009233225495109756,
    0.031091671956690645,
    0.06160019282947963,
    0.01500642122573628,
    0.017708354581147345,
    0.004334756390335739,
    0.021547432550166664,
    0.007328265287697639,
    0.0053844283413587435,
    0.027398381758646742,
    0.009699746362231091,
    0.013519385961787023,
    0.017902738275781233,
    0.009437328374475341,
    0.036544134591171236,
    0.02277204982636017,
    0.014121975415152081,
    0.19977784215998007,
    0.08304071434759765,
    0.12500815401905443,
    0.03228713167868907,
    0.021372487224996163,
    0.023918913624700118,
    0.18234162475132015,
    0.034969626664636745,
    0.005753757361163133,
    0.008591759302817923,
    0.05338748173119779,
    0.02047832222968027,
    0.00869867033486656,
    0.021780692983727333,
    0.036466381113317695,
    0.04698253899301111,
    0.08017355485174778,
    0.47954457466180583,
    0.08335172825901187,
    0.0221888987424585,
    0.021479398257044806,
    0.4837821392048245,
    0.0204297263060218,
    0.0093304173424267,
    0.014384393402907833,
    0.0070950048541369715,
    0.007668436753306947,
    0.02873962925162058,
    0.008183553544086754,
    0.006997813006820027,
    0.05605053834768209,
    0.11824360144579506,
    0.36340031711805665,
    0.005044256875749436,
    0.020002082177827243,
    0.5108403494978621,
    0.005151167907798075,
    0.043678016184235,
    0.042715816895797246,
    0.01533687350661389,
    0.034784962154734554,
    0.10553090781673867,
    0.08567461340988684,
    0.3312200964714162,
    0.03826443028868118,
    0.008465409901305895,
    0.16214515887885902,
    0.017475094147586676,
    0.005967579425260411,
    0.0018855218379487295,
    0.14219167262469026,
    0.7507487054150085,
    0.04276441281945571,
    0.29404421487268484,
    0.014734284053248833,
    0.014996702041004584,
    0.2322885150874981,
    0.011274254288765597,
    0.02034225364343655,
    0.05521468846075635,
    0.011274254288765597,
    0.07980422583194338,
    0.013830399873201246,
    0.3621465422876682,
    0.2602311711911197,
    0.08799749856076185,
    0.014607934651736805,
    0.15590544228111117,
    0.31123745266305236,
    0.14341628990088376,
    0.08713249111964101,
    0.01349022840759194,
    0.014063660306761915,
    0.4451678182658023,
    0.040315178267068714,
    0.036874586872048865,
    0.01047728114076665,
    0.022179179557726806,
    0.019593876419096073,
    0.009806657394279732,
    0.0748571608035109,
    0.014977263671541195,
    0.011915720481057435,
    0.020653267554850776,
    0.0503745344643725,
    0.18477142093424379,
    0.013655454548030747,
    0.029760143648448503,
    0.06628483987015636,
    0.22945051314584333,
    0.07527508574697377,
    0.013976187644176664,
    0.45236973415198795,
    0.00524835975511502,
    0.009155472017256201,
    0.08951369137890619,
    0.018447012620756126,
    0.010982678746814764,
    0.07544031188741256,
    0.020449164675485187,
    0.16317539246041865,
    0.00711444322360036,
    0.024949147206259733,
    0.003139296668337317,
    0.03503766095775861,
    0.5125995219342987,
    0.21370543388049826,
    0.3651983662934201,
    0.05222117956339445,
    0.02181956972265411,
    0.01953556131070591,
    0.006890901974771387,
    0.009242944679841452,
    0.0746724962936087
  ],