{
  "hour": 15,
  "dispatch": 2,
  "load": 0.9442738526505536,
  "wind": 0.5409721047514464,
  "solar": 0.5934489752655595,
  "gen": [
    47,
    1,
    2,
    3,
    4,
    5,
    6,
    7,
    8,
    9,
    10,
    11,
    12,
    13,
    14,
    15,
    16,
    17,
    18,
    19,
    20,
    21,
    22,
    23,
    24,
    25,
    26,
    27,
    28,
    29,
    30,
    31,
    32,
    33,
    34,
    35,
    36,
    37,
    38,
    39,
    40,
    41,
    42,
    43,
    44,
    45,
    46,
    48,
    49
  ],
  "pg": [
    3.365635545488022,
    0.045073498920483394,
    0.04507349892112136,
    0.045073498920483415,
    0.045073498921121356,
    0.09024649891827446,
    0.4585820531978012,
    0.0467649989489401,
    0.044426793130607795,
    0.044426793130607795,
    0.044426793130607795,
    0.044426793130607795,
    0.044426793130607795,
    0.044426793130607795,
    0.0,
    0.0238799988615545,
    0.17909999885845354,
    0.1790999988573119,
    0.03183999884802357,
    0.0497499988493861,
    0.06268499884900801,
    0.17909999894151682,
    0.3583831999557382,
    0.8206763217921342,
    0.0074221372771898445,
    0.7077538046463174,
    0.22693251434564884,
    0.22693251434564884,
    0.22693251434564884,
    0.7788519303221245,
    0.7788519303221245,
    0.48986106029452986,
    0.009421595931316022,
    0.13475208501764951,
    0.13475208501764951,
    0.13475208501764951,
    0.13475208501764951,
    1.3790699988005448,
    0.11939999884038946,
    0.2586999988351123,
    0.093529998839974,
    0.09352999884121849,
    0.09352999883975033,
    0.09352999884000499,
    0.09352999883995854,
    0.1741249989480751,
    0.0,
    0.6716249987987857,
    0.6716249987987857
  ],
  "qg": [
    -0.4666988669335204,
    0.006896973014005945,
    0.008158784492082639,
    0.007041137599045604,
    0.008114848432848482,
    0.011705110816123531,
    -0.10885534109465717,
    -0.005699665566856359,
    -0.03409963872147593,
    -0.034099660506409,
    -0.034099637643708235,
    -0.03409966820570806,
    -0.03409966808630359,
    -0.034099636786210655,
    0.002303685907381999,
    0.0021893578373630438,
    0.01542626935496113,
    0.016020171275732766,
    -0.0035995198275716443,
    -0.0054995938997831366,
    -0.006999594294641347,
    -0.02199982973330159,
    -0.020348489449368196,
    -0.03054358810528755,
    0.0028138247132121433,
    0.1632788864680373,
    0.04913499064217668,
    0.13786686391258732,
    0.20060698471693264,
    0.18708522507838654,
    0.18376286155040006,
    0.00804897206497881,
    -0.006555278674784571,
    -0.09377921231656289,
    -0.049921356321536686,
    -0.09380690313556111,
    -0.09380901191411452,
    0.1845844083189186,
    -0.013299903349789921,
    -0.028899900603330583,
    -0.010399901855208926,
    -0.01039990337352263,
    -0.010399901370895743,
    -0.010399901855465982,
    -0.010399901855271239,
    0.008368158685693017,
    0.0013630713998596272,
    0.001304109098400441,
    0.05215637524191864
  ],
  "pd": [
    0.06973462401824339,
    0.016005441802426884,
    0.07504144307013949,
    0.2241422844036619,
    0.4030349657883093,
    0.002861149773531178,
    0.023833472040899972,
    0.4226380909693348,
    0.006742115307924953,
    0.007261465926882757,
    0.010689180012004267,
    0.0434932536530845,
    0.01332370406089931,
    0.022634244248033772,
    0.012776025226361992,
    0.022029908982337417,
    0.557933648577106,
    0.0048441248640973406,
    0.06080179337216915,
    0.19605013728730794,
    0.03372946201667778,
    0.28145970725955055,
    0.009678806989668175,
    0.06025411453763183,
    0.019310400286703822,
    0.36198738141358977,
    0.010075402007781408,
    0.09015926745107486,
    0.01969755256629055,
    0.00897060160018026,
    0.03020732054629121,
    0.0598480767809921,
    0.014579588284924548,
    0.017204669595293088,
    0.0042114613828214695,
    0.020934551313262773,
    0.007119824848985174,
    0.005231277143684068,
    0.026619079906219107,
    0.009423853049452525,
    0.013134849290369201,
    0.0173935243658232,
    0.009168899109236876,
    0.0355046968596608,
    0.02212433636760247,
    0.013720299079012543,
    0.1940954904123213,
    0.08067875797046331,
    0.12145250292791422,
    0.031368777385051394,
    0.020764582019785673,
    0.023238579513730123,
    0.17715521749577037,
    0.03397497321836692,
    0.0055901012076912775,
    0.008347380857430895,
    0.05186896272609492,
    0.019895850075347162,
    0.008451250981222454,
    0.021161177037898906,
    0.03542915495144877,
    0.04564619803712775,
    0.07789315010514418,
    0.4659047188977833,
    0.08098092560331148,
    0.02155777205601214,
    0.020868452143577236,
    0.47002175289533954,
    0.019848636382714637,
    0.009065028985445315,
    0.013975253019228194,
    0.0068931991243490415,
    0.0074503206974128695,
    0.02792217782287687,
    0.007950785839317662,
    0.006798771739083986,
    0.05445627308235744,
    0.11488035691346636,
    0.353063993506042,
    0.004900781295256374,
    0.019433155887548396,
    0.49631033695313104,
    0.005004651419047934,
    0.04243566693811588,
    0.04150083582399183,
    0.014900641394825736,
    0.033795561186363315,
    0.1025292549207971,
    0.08323774011114629,
    0.32179908624478215,
    0.037176061578852296,
    0.008224625256586323,
    0.15753320683769187,
    0.016978043870656954,
    0.005797841455274399,
    0.001831891274142074,
    0.13814726464277602,
    0.7293948947413936,
    0.04154804951662436,
    0.28568061138089845,
    0.014315191606182392,
    0.014570145546398043,
    0.2256814507834823,
    0.010953576690746421,
    0.01976365173597609,
    0.05364419756907795,
    0.010953576690746421,
    0.07753432604113696,
    0.013437016923217377,
    0.3518458802361229,
    0.2528293240471857,
    0.08549455461898113,
    0.014192436005337821,
    0.1514709687036753,
    0.3023848158342868,
    0.1393370496971157,
    0.08465415089012213,
    0.013106521074789684,
    0.01366364264785351,
    0.43250575272953307,
    0.03916847940794497,
    0.035825749969562004,
    0.010179272131572967,
    0.021548329317485633,
    0.019036560869435164,
    0.009527723173244086,
    0.07272797213114565,
    0.014551260069345031,
    0.011576797433495788,
    0.020065819368824265,
    0.0489417137828782,
    0.17951590212739676,
    0.013267047629740278,
    0.028913665368159952,
    0.06439947675076775,
    0.22292417113374272,
    0.07313400988778539,
    0.013578658001114961,
    0.4395028219776737,
    0.00509907880431299,
    0.008895059691968216,
    0.086967621829116,
    0.017922317723307508,
    0.010670294534951255,
    0.07329453644273597,
    0.01986752185976765,
    0.15853413712150147,
    0.006912084601402053,
    0.02423950979753971,
    0.003050004544061288,
    0.03404107238805246,
    0.49801947262642854,
    0.20762693472080374,
    0.3548109001334455,
    0.05073583410291425,
    0.02119894799200493,
    0.01897990443827613,
    0.006694901615292425,
    0.008980044338706765,
    0.07254856009914203
  ],