{
  "hour": 16,
  "dispatch": 3,
  "load": 0.9119566785787404,
  "wind": 0.3817576865269143,
  "solar": 0.38633393370131786,
  "gen": [
    47,
    1,
    2,
    3,
    4,
    5,
    6,
    7,
    8,
    9,
    10,
    11,
    12,
    13,
    14,
    15,
    16,
    17,
    18,
    19,
    20,
    21,
    22,
    23,
    24,
    25,
    26,
    27,
    28,
    29,
    30,
    31,
    32,
    33,
    34,
    35,
    36,
    37,
    38,
    39,
    40,
    41,
    42,
    43,
    44,
    45,
    46,
    48,
    49
  ],
  "pg": [
    4.805632650621095,
    0.04507349741074152,
    0.045073497412282976,
    0.0450734974107416,
    0.04507349741228294,
    0.09024649740542755,
    0.3236159908688652,
    0.046764997471112804,
    0.03135146824833632,
    0.03135146824833632,
    0.03135146824833632,
    0.03135146824833632,
    0.03135146824833632,
    0.03135146824833632,
    0.0,
    0.023879997293900165,
    0.17909999728674536,
    0.1790999972840382,
    0.03183999721832287,
    0.04974999722177798,
    0.06268499722087882,
    0.17909999745026411,
    0.2529068321703501,
    0.57914168076879,
    0.005237715459149263,
    0.4994535812831619,
    0.14773255091164914,
    0.14773255091164914,
    0.14773255091164914,
    0.5070308359325488,
    0.5070308359325488,
    0.3456892203038514,
    0.0061334375314421215,
    0.08772330098982345,
    0.08772330098982345,
    0.08772330098982345,
    0.08772330098982345,
    1.3790699971234068,
    0.11939999720208165,
    0.25869999719018755,
    0.09352999720133534,
    0.09352999720412797,
    0.09352999720091767,
    0.0935299972014258,
    0.0935299972012901,
    0.17412499747375887,
    0.0,
    0.6716249971144144,
    0.671624997114415
  ],
  "qg": [
    -0.4481912587409671,
    0.006069396152207036,
    0.007119858526332147,
    0.006214360422135448,
    0.007075792424357128,
    0.010672679833831572,
    -0.15282342516679442,
    -0.005699372605005878,
    -0.03409933781920285,
    -0.03409936675757708,
    -0.034099335554459015,
    -0.03409937778431898,
    -0.03409937754932402,
    -0.034099333746973284,
    0.0021403410605237813,
    0.00211607343105219,
    0.014713252776813233,
    0.015466384968157247,
    -0.0035982446555632075,
    -0.0054987015635019065,
    -0.00699870822029944,
    -0.021999636314451513,
    0.01013030690049,
    0.02863351893063171,
    0.003270969571286527,
    0.19468756464725942,
    0.04492282493675035,
    0.1315686846298414,
    0.1930241323464282,
    0.1876546349305145,
    0.18613419683180463,
    -4.8504537388563575e-05,
    -0.006462483575099851,
    -0.09289326389187008,
    -0.04774390425107325,
    -0.09293725235886609,
    -0.09294069489797821,
    0.17962673137061141,
    -0.013299806334516148,
    -0.028899802537751193,
    -0.010399804026710478,
    -0.010399806398189153,
    -0.010399803330916271,
    -0.010399804039905775,
    -0.010399804020507417,
    0.008202157634008651,
    0.0009478657218906831,
    0.001722915327341126,
    0.0527131456511319
  ],
  "pd": [
    0.06734800071303998,
    0.015457665701909649,
    0.0724731972466525,
    0.21647115679423562,
    0.38924134955097794,
    0.0027632287360935836,
    0.023017786567327406,
    0.4081735701982726,
    0.006511370685052207,
    0.007012946858270514,
    0.010323349601511341,
    0.04200472461533678,
    0.012867708734746026,
    0.02185960158553241,
    0.012338773861170358,
    0.021275949311242014,
    0.5388387231050346,
    0.004678337761108938,
    0.0587208905336851,
    0.18934044560651808,
    0.03257509255883261,
    0.2718269271839652,
    0.00934755595543209,
    0.05819195566010943,
    0.018649514076935242,
    0.3495985927331602,
    0.00973057776043516,
    0.08707362367069812,
    0.019023416315152523,
    0.008663588446498033,
    0.029173494147733903,
    0.057799814288320574,
    0.014080611117255752,
    0.01661585068370465,
    0.004067326786461182,
    0.020218079564090673,
    0.006876153356483702,
    0.0050522399993262225,
    0.025708058769134692,
    0.00910132765221583,
    0.012685317399030279,
    0.016798242019420397,
    0.008855099348999569,
    0.03428957111456063,
    0.021367144979099886,
    0.013250730539749098,
    0.1874526952818601,
    0.07791757861776759,
    0.1172958679987976,
    0.030295200862385754,
    0.0200539273619465,
    0.022443253859822803,
    0.1710921924681575,
    0.03281220129526308,
    0.0053987835371861435,
    0.008061697038636066,
    0.050093780354330215,
    0.019214927217654058,
    0.008162012273279727,
    0.02043694916694957,
    0.034216614580274335,
    0.0440839858424963,
    0.0752273064159603,
    0.4499594252107506,
    0.07820940475491278,
    0.020819970971952644,
    0.020154242596590165,
    0.4539355563293538,
    0.019169329383725123,
    0.008754784114355907,
    0.013496958842965359,
    0.006657283753624805,
    0.007195338193986263,
    0.026966558985573354,
    0.007678675233632994,
    0.006566088085766931,
    0.05259254165363597,
    0.11094864951588956,
    0.34098060212059106,
    0.004733055161823663,
    0.018768068445150478,
    0.47932443026098603,
    0.004833370396467324,
    0.04098333313532859,
    0.040080496023535646,
    0.014390676387972522,
    0.03263892952633312,
    0.09902025616007963,
    0.08038898121671596,
    0.3107857164928489,
    0.03590373443564501,
    0.00794314267042083,
    0.15214173268729128,
    0.01639698108084575,
    0.0055994140064734655,
    0.0017691959564427565,
    0.13341926207606974,
    0.7044318168013622,
    0.04012609385746457,
    0.2759033735372121,
    0.013825263247253704,
    0.014071491550469963,
    0.21795764618031896,
    0.010578697471513389,
    0.01908725328265304,
    0.05180825891005824,
    0.010578697471513389,
    0.07488076287810037,
    0.012977143536175476,
    0.33980417800522456,
    0.24417640068945773,
    0.08256855767851916,
    0.013706708879038468,
    0.14628697081081574,
    0.29203588718127005,
    0.13456832749107894,
    0.08175691623458407,
    0.012657958698672917,
    0.013196013139034374,
    0.4177035174894205,
    0.037827963027446156,
    0.03459963638527741,
    0.00983089299507882,
    0.020810851405166857,
    0.018385046640147406,
    0.009201642886859492,
    0.07023890338413459,
    0.01405325241689839,
    0.011180588879375357,
    0.019379079419798235,
    0.04726671465073612,
    0.17337208416460434,
    0.012812991334031302,
    0.02792411349808103,
    0.06219544547907009,
    0.21529473267886906,
    0.07063104475592345,
    0.013113937037962287,
    0.42446111647768897,
    0.004924566064325199,
    0.008590631912211735,
    0.083991210097102,
    0.017308937759424492,
    0.010305110467939766,
    0.07078607739128183,
    0.019187568517296697,
    0.15310840676658474,
    0.00667552288719638,
    0.023409927939116264,
    0.0029456200718093314,
    0.03287603826276359,
    0.4809750718492135,
    0.20052103448589342,
    0.3426677219759617,
    0.048999432340035724,
    0.020473427434092722,
    0.01833032923943268,
    0.00646577285112327,
    0.008672708013283821,
    0.07006563161520463
  ],