{
  "hour": 17,
  "dispatch": 0,
  "load": 0.8728631200908815,
  "wind": 0.34245988399650373,
  "solar": 0.3023623453542814,
  "gen": [
    47,
    1,
    2,
    3,
    4,
    5,
    6,
    7,
    8,
    9,
    10,
    11,
    12,
    13,
    14,
    15,
    16,
    17,
    18,
    19,
    20,
    21,
    22,
    23,
    24,
    25,
    26,
    27,
    28,
    29,
    30,
    31,
    32,
    33,
    34,
    35,
    36,
    37,
    38,
    39,
    40,
    41,
    42,
    43,
    44,
    45,
    46,
    48,
    49
  ],
  "pg": [
    4.851130652112898,
    0.045073497827840224,
    0.04507349782913729,
    0.04507349782784026,
    0.045073497829137284,
    0.09024649782337046,
    0.2903032436638362,
    0.04676499787726298,
    0.028124175513328877,
    0.028124175513328877,
    0.028124175513328877,
    0.028124175513328877,
    0.028124175513328877,
    0.028124175513328877,
    0.0,
    0.023879997735505823,
    0.17909999772954563,
    0.1790999977272733,
    0.03183999766541775,
    0.04974999766827083,
    0.06268499766751337,
    0.17909999785958106,
    0.22687282395000377,
    0.519525342418056,
    0.004698549608432031,
    0.4480402662326258,
    0.11562215141409579,
    0.11562215141409579,
    0.11562215141409579,
    0.3968251798404846,
    0.3968251798404846,
    0.3101042741565141,
    0.004800304594844571,
    0.06865620831021525,
    0.06865620831021525,
    0.06865620831021525,
    0.06865620831021525,
    1.379069997585282,
    0.11939999765056142,
    0.25869999764072366,
    0.09352999764998798,
    0.09352999765229233,
    0.09352999764966148,
    0.09352999765006713,
    0.09352999764994842,
    0.17412499787957636,
    0.0,
    0.6716249975794761,
    0.6716249975794765
  ],
  "qg": [
    -0.46632040574544864,
    0.005459757645499986,
    0.00635689921648058,
    0.005604820471679612,
    0.00631287000615826,
    0.009899441390169086,
    -0.16388959000335027,
    -0.005699532803907817,
    -0.034099510781734906,
    -0.034099529002704076,
    -0.03409950905092673,
    -0.03409953621641195,
    -0.03409953603758142,
    -0.03409950766563221,
    0.001905814487727188,
    0.0020075630720821666,
    0.013675235997648456,
    0.014650129222658716,
    -0.003598735542951016,
    -0.005499017829178269,
    -0.0069990220116976695,
    -0.02199971423819921,
    0.006338661341289644,
    0.019132105726434836,
    0.0031847600303569557,
    0.180949553605034,
    0.04107108654185863,
    0.1217106026741916,
    0.17898054511953768,
    0.1728166006430918,
    0.1718369734016475,
    -0.009248614419932156,
    -0.006550018545951714,
    -0.09397623222733958,
    -0.05884572634290642,
    -0.09398009877168802,
    -0.09398040989209272,
    0.1705301233111353,
    -0.013299843792429145,
    -0.028899840987386974,
    -0.01039984204740439,
    -0.010399843851489041,
    -0.010399841530491347,
    -0.010399842060275553,
    -0.010399842041285044,
    0.005768031085770082,
    -0.004852689894180498,
    -0.001793576737584978,
    0.04936870412515318
  ],
  "pd": [
    0.0644609414187116,
    0.01479502988554044,
    0.06936643215362236,
    0.20719151881597253,
    0.37255543691719,
    0.002644775253875371,
    0.022031065151093848,
    0.3906760752902767,
    0.006232242677448894,
    0.006712317393498879,
    0.00988081051942878,
    0.040204075311386,
    0.012316098624482338,
    0.02092252898857843,
    0.011809838014829627,
    0.020363896591720266,
    0.5157399031368982,
    0.004477787806066222,
    0.056203656302651867,
    0.18122384099326883,
    0.03117867064964629,
    0.26017431020548903,
    0.008946846980931535,
    0.055697395692999155,
    0.017850050805858525,
    0.33461207708683943,
    0.009313449491369707,
    0.08334097070627736,
    0.01820792468509579,
    0.008292199640863375,
    0.0279228912117073,
    0.05532206455136007,
    0.01347700657420321,
    0.015903566048055862,
    0.003892969515605332,
    0.019351375372414843,
    0.006581387925485247,
    0.004835661685303484,
    0.02460601135536195,
    0.008711173938506997,
    0.012141526000464163,
    0.016078138672074038,
    0.008475500896082459,
    0.032819653315417134,
    0.020451182903729354,
    0.012682701134920508,
    0.1794170143346807,
    0.07457742498056492,
    0.11226765450608919,
    0.028996512849419082,
    0.019194260010798485,
    0.021481161385436594,
    0.16375784996025028,
    0.03140561506086992,
    0.005167349670938019,
    0.007716109981603393,
    0.047946371186592125,
    0.01839122594031487,
    0.007812124924813389,
    0.019560862521236653,
    0.03274982426580987,
    0.042194203225193204,
    0.07200247877629683,
    0.43067066345284105,
    0.074856741178994,
    0.019927465031674824,
    0.019290274954008483,
    0.43447634665643714,
    0.01834758278431033,
    0.008379485952872462,
    0.012918374177345046,
    0.006371900776663435,
    0.006886890017517056,
    0.025810562461087365,
    0.007349507471165223,
    0.006284614464654347,
    0.05033801613564115,
    0.10619252719025665,
    0.3263635206019806,
    0.0045301595932716755,
    0.017963523011470344,
    0.45877685591976736,
    0.004626174536481672,
    0.03922646861688422,
    0.038362334127994245,
    0.013773780035034109,
    0.03123977106805265,
    0.09477547757946791,
    0.0769428840360112,
    0.2974630226957715,
    0.03436462103797801,
    0.007602637775991579,
    0.14561975432476176,
    0.01569407889923405,
    0.005359379557358012,
    0.0016933544529763103,
    0.12769987446929598,
    0.6742343884830005,
    0.038405977283998784,
    0.2640760083522953,
    0.013232604900577764,
    0.013468277943002302,
    0.20861428570172066,
    0.010125212193054225,
    0.01826902510350215,
    0.04958735385236298,
    0.010125212193054225,
    0.07167079079066228,
    0.012420842198893244,
    0.32523752717706345,
    0.23370910040433351,
    0.07902902689302842,
    0.01311913269496595,
    0.1400159730937783,
    0.279516956946703,
    0.12879968200061048,
    0.07825217871614752,
    0.012115340106861435,
    0.012630329347715056,
    0.3997974948952265,
    0.03620636222136977,
    0.03311642677624805,
    0.009409464434579703,
    0.019918736400473917,
    0.017596920501032173,
    0.008807188881716995,
    0.0672279175093997,
    0.013450820680600484,
    0.010701301852314207,
    0.018548341301931233,
    0.04524049551431039,
    0.1659400077604775,
    0.012263726837276886,
    0.026727068737182794,
    0.059529264790198114,
    0.20606552539105533,
    0.06760324865103878,
    0.012551771666906877,
    0.4062654106150999,
    0.00471346084849076,
    0.008222370591256103,
    0.0803906933603702,
    0.01656694201932493,
    0.00986335325702696,
    0.06775163538145422,
    0.018365040046712147,
    0.1465449892320581,
    0.006389358039065253,
    0.022406396292732927,
    0.002819347877893547,
    0.03146671547927628,
    0.46035673816713185,
    0.191925142845583,
    0.32797831737414873,
    0.04689893544248307,
    0.01959577704604029,
    0.01754454871382672,
    0.00618859952144435,
    0.008300928272064283,
    0.06706207351658243
  ],