{
  "hour": 19,
  "dispatch": 0,
  "load": 0.8157458347621034,
  "wind": 0.42951620977216476,
  "solar": 0.030639612625603635,
  "gen": [
    47,
    1,
    2,
    3,
    4,
    5,
    6,
    7,
    8,
    9,
    10,
    11,
    12,
    13,
    14,
    15,
    16,
    17,
    18,
    19,
    20,
    21,
    22,
    23,
    24,
    25,
    26,
    27,
    28,
    29,
    30,
    31,
    32,
    33,
    34,
    35,
    36,
    37,
    38,
    39,
    40,
    41,
    42,
    43,
    44,
    45,
    46,
    48,
    49
  ],
  "pg": [
    4.803989650788836,
    0.045073497234933646,
    0.045073497236596045,
    0.04507349723493372,
    0.04507349723659603,
    0.0902464972292047,
    0.36410089102386406,
    0.046764997307092784,
    0.03527358921132926,
    0.03527358921132926,
    0.03527358921132926,
    0.03527358921132926,
    0.03527358921132926,
    0.03527358921132926,
    0.0,
    0.023879997164462475,
    0.1790999971571198,
    0.17909999715426214,
    0.031839997042380684,
    0.0497499970456802,
    0.06268499704470379,
    0.17909999728571058,
    0.2845458986498637,
    0.6515932708727648,
    0.0058929623980741004,
    0.5619360572449231,
    0.011716465309580325,
    0.011716465309580325,
    0.011716465309580325,
    0.04021191784364422,
    0.04021191784364422,
    0.38893551827289063,
    0.0004864344900440832,
    0.006957214280445314,
    0.006957214280445314,
    0.006957214280445314,
    0.006957214280445314,
    1.3790699969515403,
    0.1193999970174354,
    0.2586999970058754,
    0.09352999701703331,
    0.09352999701970881,
    0.09352999701676784,
    0.09352999701715348,
    0.09352999701697323,
    0.17412499732340062,
    0.0,
    0.6716249969326228,
    0.6716249969326233
  ],
  "qg": [
    -0.46669681545119507,
    0.004634632769095286,
    0.005323807454346384,
    0.004779910323550908,
    0.005279795048946133,
    0.008854394535869066,
    -0.18351389993192138,
    -0.005699565368833623,
    -0.03409955209716612,
    -0.034099563031253916,
    -0.034099550467075204,
    -0.03409956783919536,
    -0.03409956766910937,
    -0.03409954916074717,
    0.0016488672098323592,
    0.0018925727171506383,
    0.012554969751737175,
    0.013781733833919108,
    -0.003599086684457673,
    -0.00549919449580735,
    -0.00699919513269373,
    -0.021999701216870157,
    -0.001013893227135125,
    0.006346857839863157,
    0.0031971295476580035,
    0.18934178971070023,
    0.03752870598887224,
    0.11391937012571116,
    0.16826977898354342,
    0.18603732849786578,
    0.1858468100172744,
    -0.009502926915784514,
    -0.006584775049704431,
    -0.09417010913150885,
    -0.07836053158539594,
    -0.09417013784833034,
    -0.09417014201194814,
    0.15492520033706256,
    -0.013299833535852916,
    -0.02889983161189992,
    -0.010399832144391764,
    -0.010399833623857309,
    -0.010399831773320677,
    -0.010399832166964655,
    -0.01039983213343828,
    0.0027687957696359254,
    -0.012076701809842175,
    -0.007708840819650012,
    0.04376850570655897
  ],
  "pd": [
    0.060242829897181334,
    0.013826891899217653,
    0.06482732148854435,
    0.19363358879748047,
    0.34817663719316094,
    0.002471709879329173,
    0.020589424869395488,
    0.3651115207228222,
    0.005824425260201418,
    0.006273085469320575,
    0.00923424284950701,
    0.03757325314914248,
    0.011510173728493278,
    0.01955342765924762,
    0.01103704114433126,
    0.019031350324999873,
    0.4819915839275364,
    0.00418477613232959,
    0.052525874300331836,
    0.1693651502133079,
    0.029138441217702333,
    0.24314936096754017,
    0.00836139480631156,
    0.052052741716169824,
    0.016682002320885014,
    0.3127161657560524,
    0.008704008056911643,
    0.07788741230308563,
    0.017016458113137477,
    0.007749585430239982,
    0.026095709254039687,
    0.05170197100722212,
    0.012595115688726876,
    0.014862889109365524,
    0.0036382264230389815,
    0.01808508515667583,
    0.006150723594106259,
    0.004519231924582054,
    0.022995875081943694,
    0.008141143430925792,
    0.011347024561540858,
    0.015026038276317943,
    0.007920892055540025,
    0.03067204338705508,
    0.019112924908476082,
    0.011852786979093363,
    0.16767655633535036,
    0.06969732412207412,
    0.10492122926710175,
    0.027099076630797074,
    0.01793825090641865,
    0.020075504993495363,
    0.1530420760597182,
    0.02935053513474048,
    0.004829215341791652,
    0.007211193179296994,
    0.044808918703482345,
    0.017187764738437517,
    0.0073009252211208246,
    0.018280864157018736,
    0.030606783720274117,
    0.03943315365240007,
    0.06729087390952591,
    0.40248899487162193,
    0.069958362789198,
    0.01862347740761882,
    0.018027982948242486,
    0.40604564671118454,
    0.017146977446699414,
    0.007831160013716192,
    0.012073038354479131,
    0.005954944593763355,
    0.006436234636272997,
    0.024121604333915397,
    0.006868579928696911,
    0.0058733700102871446,
    0.047044062290730514,
    0.0992436382571575,
    0.3050073676175505,
    0.004233720882415317,
    0.01678804927940409,
    0.4287560107509616,
    0.004323452924239148,
    0.03665961781420893,
    0.03585202943779445,
    0.01287246927254599,
    0.029195543426135683,
    0.08857368273846918,
    0.07190799533427941,
    0.2779980230285772,
    0.03211591351458401,
    0.007105146220777921,
    0.13609087761336172,
    0.014667110109022618,
    0.005008679425439314,
    0.0015825469194384806,
    0.11934361562569573,
    0.6301147126036392,
    0.035892816729532546,
    0.24679574484892675,
    0.012366706854993487,
    0.012586958230379254,
    0.1949632545081427,
    0.009462651683240399,
    0.017073560321570824,
    0.046342520872835094,
    0.009462651683240399,
    0.06698089049231631,
    0.011608063228664731,
    0.30395505549070745,
    0.21841594725755317,
    0.07385762787936084,
    0.012260659896474414,
    0.130853789354189,
    0.2612262886658684,
    0.12037145537749597,
    0.07313161408642256,
    0.011322552186497995,
    0.011803842229007636,
    0.37363606469608623,
    0.033837137225932054,
    0.030949396970874204,
    0.008793740098735474,
    0.018615319949271198,
    0.016445436028804005,
    0.008230875472749623,
    0.06282874419337721,
    0.012570643313684014,
    0.010001043934183388,
    0.0173345989886947,
    0.04228010661571982,
    0.15508144064662346,
    0.011461228978407553,
    0.024978137460415606,
    0.05563386593077545,
    0.19258127667063737,
    0.06317951490232492,
    0.011730425103879047,
    0.3796807413316734,
    0.004405027507715358,
    0.0076843257634590136,
    0.07513019138158973,
    0.015482855943784722,
    0.009217927932811768,
    0.06331819169423446,
    0.017163292363394655,
    0.13695556819820956,
    0.005971259510458597,
    0.02094019557834319,
    0.002634859046281594,
    0.029407637343173827,
    0.43023251071188096,
    0.17936619414749128,
    0.3065164974118603,
    0.04383002370176781,
    0.018313493990409224,
    0.016396491278718277,
    0.005783637968463313,
    0.007757742888587603,
    0.0626737524847724
  ],