{
  "hour": 1,
  "dispatch": 0,
  "load": 0.7452607513849694,
  "wind": 0.48380952613355854,
  "solar": 0.0004472933703963269,
  "gen": [
    47,
    1,
    2,
    3,
    4,
    5,
    6,
    7,
    8,
    9,
    10,
    11,
    12,
    13,
    14,
    15,
    16,
    17,
    18,
    19,
    20,
    21,
    22,
    23,
    24,
    25,
    26,
    27,
    28,
    29,
    30,
    31,
    32,
    33,
    34,
    35,
    36,
    37,
    38,
    39,
    40,
    41,
    42,
    43,
    44,
    45,
    46,
    48,
    49
  ],
  "pg": [
    3.566357145560383,
    0.045073498164706106,
    0.04507349816581124,
    0.04507349816470613,
    0.04507349816581124,
    0.09024649816089254,
    0.41012533530341755,
    0.04676499821562015,
    0.03973237352419237,
    0.03973237352419237,
    0.03973237352419237,
    0.03973237352419237,
    0.03973237352419237,
    0.03973237352419237,
    0.0,
    0.02387999811533553,
    0.17909999811040564,
    0.1790999981084811,
    0.03183999804757471,
    0.04974999804948149,
    0.06268499804882041,
    0.17909999820306738,
    0.3205141348729598,
    0.7339584035256537,
    0.0066378666985524235,
    0.6329680030405346,
    0.00017104319566607382,
    0.00017104319566607382,
    0.00017104319566607382,
    0.0005870349760020658,
    0.0005870349760020658,
    0.43809920210445996,
    7.101229548412086e-06,
    0.00010156511644241237,
    0.00010156511644241237,
    0.00010156511644241237,
    0.00010156511644241237,
    1.3790699979738619,
    0.11939999802697625,
    0.2586999980190569,
    0.09352999802663998,
    0.09352999802847249,
    0.09352999802642908,
    0.09352999802671505,
    0.09352999802660243,
    0.17412499822377128,
    0.0,
    0.6716249979678104,
    0.6716249979678104
  ],
  "qg": [
    -0.466699290298321,
    0.0038911866605688492,
    0.004395858178223746,
    0.004035964811050895,
    0.004352053147173666,
    0.00789655784837177,
    -0.1700778092081981,
    -0.005699733655287271,
    -0.03409972646140569,
    -0.0340997324733591,
    -0.0340997254695249,
    -0.034099735189250475,
    -0.03409973508554432,
    -0.03409972467596299,
    0.0012044962246007657,
    0.001688489952950888,
    0.010596165085001203,
    0.01224742571936169,
    -0.003599608972070501,
    -0.0054996378852326215,
    -0.00699963802233028,
    -0.02199981341449748,
    -0.055097960217390114,
    -0.10804306122265714,
    0.0017692245643901108,
    0.10536202082940697,
    0.03063436176381813,
    0.09297137581663098,
    0.1373809550824307,
    0.1360322224284986,
    0.13593362014957186,
    -0.033695177282524094,
    -0.006598475264043806,
    -0.09419827427470223,
    -0.09419020028116991,
    -0.09419826454198682,
    -0.0941982638183148,
    0.12665329882033272,
    -0.0132998835847669,
    -0.028899882007852346,
    -0.010399882506341518,
    -0.010399883639474018,
    -0.010399882206877766,
    -0.010399882520095978,
    -0.010399882499698984,
    -0.008066083103770627,
    -0.037847446824535044,
    -0.01901857594958767,
    0.032892459574859194
  ],
  "pd": [
    0.05503750648977999,
    0.01263216973597523,
    0.05922587191256352,
    0.17690254455625018,
    0.31809219390613264,
    0.0022581400766964574,
    0.018810381364956625,
    0.3335638071048846,
    0.0053211617648886815,
    0.005731055178150414,
    0.008436351705677853,
    0.03432671020879169,
    0.010515629202041918,
    0.017863900210697718,
    0.010083377966238635,
    0.017386933329811335,
    0.44034476756332297,
    0.003823187654604893,
    0.047987339781678184,
    0.15473103720254736,
    0.026620714039471107,
    0.22213987216531783,
    0.007638922701695937,
    0.0475550885458749,
    0.015240582365822623,
    0.28569570904342806,
    0.007951932217277623,
    0.07115749654223687,
    0.015546139273890461,
    0.007079977138157209,
    0.023840891436805168,
    0.04723462642277936,
    0.011506826001383927,
    0.013578650890234143,
    0.003323862951176964,
    0.01652243085820477,
    0.005619266065442669,
    0.004128744562672731,
    0.021008900581542287,
    0.007437702298821994,
    0.010366577051764924,
    0.013727703040511135,
    0.007236481895948053,
    0.02802180425207484,
    0.017461459404949833,
    0.010828638717623604,
    0.15318834744718046,
    0.06367507859833178,
    0.09585543784313477,
    0.024757562161008682,
    0.016388283922955476,
    0.018340867091584098,
    0.1398183695673341,
    0.0268144818348312,
    0.0044119436481990185,
    0.0065881050422431295,
    0.040937173073576374,
    0.015702644031681305,
    0.0066700837248954755,
    0.016701293438537164,
    0.02796218339196405,
    0.03602590472194941,
    0.06147655938174613,
    0.367711654733344,
    0.06391356203877498,
    0.017014302954118852,
    0.016470262605607824,
    0.37096099160938234,
    0.015665380994112056,
    0.007154503213295705,
    0.011029859120497547,
    0.0054404034851102765,
    0.005880107328427409,
    0.022037360418453545,
    0.006275095526661442,
    0.005365877409971779,
    0.04297918753237119,
    0.09066842301349538,
    0.27865299494284007,
    0.0038679032996879912,
    0.01533746626350267,
    0.39170905092793995,
    0.003949881982340338,
    0.033492018167240525,
    0.03275421002336941,
    0.011760214656854817,
    0.026672882292068056,
    0.08092041238537998,
    0.06569473523458505,
    0.2539774114644837,
    0.029340915782026248,
    0.006491221144563084,
    0.12433185115355445,
    0.01339978830990175,
    0.0045759010135037114,
    0.0014458058576868407,
    0.10903164792762103,
    0.5756692147998058,
    0.03279147306093865,
    0.22547118772400862,
    0.011298152990996136,
    0.011499373393870077,
    0.17811731958100768,
    0.008645024716065644,
    0.01559830752648741,
    0.04233826328618011,
    0.008645024716065644,
    0.061193360296219836,
    0.010605060492208114,
    0.2776916085735535,
    0.19954356618332555,
    0.06747590843039514,
    0.011201269093316089,
    0.11954727712966294,
    0.23865485041600876,
    0.10997067647436608,
    0.0668126263616625,
    0.010344219229223375,
    0.010783923072540507,
    0.3413517819568575,
    0.030913415967448534,
    0.02827519290754574,
    0.008033910899929969,
    0.017006850346605002,
    0.015024456747920984,
    0.007519680981474341,
    0.057399983071670345,
    0.011484468178842378,
    0.009136896811979725,
    0.0158367909669306,
    0.038626864744282965,
    0.14168152144579654,
    0.01047091355695882,
    0.022819884207407763,
    0.05082678324445491,
    0.17594115818696357,
    0.057720445194765886,
    0.010716849604915861,
    0.3468741641246202,
    0.004024408057478835,
    0.007020356278046412,
    0.06863851520255569,
    0.014145049061286719,
    0.008421446490650153,
    0.05784713952250132,
    0.015680286209139756,
    0.12512182755002252,
    0.005455308700137976,
    0.019130843488052163,
    0.002407192226973451,
    0.026866650087428147,
    0.39305797288794675,
    0.16386793401452707,
    0.2800317273329022,
    0.040042860171914406,
    0.016731103868592563,
    0.014979741102837885,
    0.0052838987273194325,
    0.007087429745671058,
    0.05725838352890719
  ],