{
  "hour": 1,
  "dispatch": 1,
  "load": 0.7488015815038337,
  "wind": 0.505692695444049,
  "solar": 0.00041867996333739746,
  "gen": [
    47,
    1,
    2,
    3,
    4,
    5,
    6,
    7,
    8,
    9,
    10,
    11,
    12,
    13,
    14,
    15,
    16,
    17,
    18,
    19,
    20,
    21,
    22,
    23,
    24,
    25,
    26,
    27,
    28,
    29,
    30,
    31,
    32,
    33,
    34,
    35,
    36,
    37,
    38,
    39,
    40,
    41,
    42,
    43,
    44,
    45,
    46,
    48,
    49
  ],
  "pg": [
    3.492929209596467,
    0.04507349639483769,
    0.04507349639700764,
    0.04507349639483796,
    0.0450734963970076,
    0.09024649638735628,
    0.4286756979279203,
    0.046764996496771724,
    0.04152950692064708,
    0.04152950692064708,
    0.04152950692064708,
    0.04152950692064708,
    0.04152950692064708,
    0.04152950692064708,
    0.0,
    0.023879996300097173,
    0.17909999629044163,
    0.17909999628666454,
    0.03183999616774225,
    0.04974999617148752,
    0.06268499617019202,
    0.17909999647245672,
    0.3350112968777735,
    0.7671560466964401,
    0.006938103781492353,
    0.6615977534494494,
    0.00016010154326036744,
    0.00016010154326036744,
    0.00016010154326036744,
    0.0005494822827634138,
    0.0005494822827634138,
    0.4579148495784953,
    6.646963097944522e-06,
    9.506798455516949e-05,
    9.506798455516949e-05,
    9.506798455516949e-05,
    9.506798455516949e-05,
    1.3790699960234185,
    0.11939999612688594,
    0.2586999961113331,
    0.093529996126223,
    0.0935299961298221,
    0.09352999612580809,
    0.09352999612637028,
    0.09352999612614936,
    0.17412499651404384,
    0.0,
    0.6716249960098744,
    0.6716249960098764
  ],
  "qg": [
    -0.4666986268164763,
    0.003993804355002363,
    0.004524262485103863,
    0.004138361862563315,
    0.00448052723703262,
    0.008024879384397218,
    -0.16696534097757734,
    -0.00569946865383643,
    -0.03409945438412161,
    -0.03409946694709534,
    -0.03409945244129892,
    -0.03409947251718732,
    -0.03409947231646934,
    -0.034099450897401545,
    0.0012281336140289307,
    0.0017003577500349207,
    0.010701515722308099,
    0.012330625685105625,
    -0.003599228235020645,
    -0.005499290705445197,
    -0.006999291466121961,
    -0.02199963027323306,
    -0.05546694711823827,
    -0.10782606398732464,
    0.0017622351727477987,
    0.10800910920121581,
    0.030968645257585914,
    0.09398802991817759,
    0.13888088434228527,
    0.13833008197662647,
    0.13822837238474497,
    -0.03119521845363231,
    -0.006594603399604198,
    -0.09419337401729858,
    -0.09415429250599289,
    -0.09419333595894215,
    -0.09419333331416321,
    0.12741193301135273,
    -0.013299771316320718,
    -0.02889976821801814,
    -0.010399769164354932,
    -0.010399771408909162,
    -0.010399768568703664,
    -0.010399769190534402,
    -0.010399769151737757,
    -0.007783876766742082,
    -0.03719224333868963,
    -0.018612385918204404,
    0.033274808921177436
  ],
  "pd": [
    0.055298996794058114,
    0.01269218680648998,
    0.05950726168210966,
    0.177743031401565,
    0.31960349101746627,
    0.002268868791956616,
    0.01889975191715676,
    0.33514861184948586,
    0.005346443291937372,
    0.005758284161764481,
    0.008476433902623398,
    0.034489800844066575,
    0.010565590315019092,
    0.017948773908646895,
    0.01013128539774687,
    0.01746954089648444,
    0.4424369024473551,
    0.0038413521131146666,
    0.04821533383303185,
    0.15546618435182594,
    0.02674719249131694,
    0.2231952873988477,
    0.007675216210414296,
    0.04778102891575963,
    0.015312992341753399,
    0.28705308626949466,
    0.007989712874645906,
    0.07149557500198604,
    0.01562000099016997,
    0.00711361502428642,
    0.023954162592307638,
    0.04745904423571298,
    0.011561496418419193,
    0.01364316481499985,
    0.0033396550535070985,
    0.01660093106193999,
    0.005645963924538906,
    0.004148360761531239,
    0.02110871658259307,
    0.00747303978340826,
    0.010415829998718327,
    0.013792925131300615,
    0.007270863356402225,
    0.028154939464544136,
    0.017544421054634822,
    0.010880086979250704,
    0.153916165078113,
    0.06397760712368755,
    0.0963108594130231,
    0.024875188537557356,
    0.016466146777269302,
    0.018428006920809346,
    0.14048266470593423,
    0.026941880902507934,
    0.004432905362502695,
    0.00661940598049389,
    0.04113167087200559,
    0.015777249322285775,
    0.006701774154459311,
    0.016780643441500914,
    0.02809503533802384,
    0.036197068449895314,
    0.06176864245825125,
    0.36945870031399164,
    0.06421722362976878,
    0.01709514010573252,
    0.016548514951234727,
    0.37272347520934823,
    0.015739809243210584,
    0.007188495182436803,
    0.011082263406256739,
    0.005466251544977986,
    0.005908044478065248,
    0.02214206276506836,
    0.00630490931626228,
    0.005391371386827603,
    0.0431833872053261,
    0.0910992004057564,
    0.27997691132428343,
    0.003886280208004897,
    0.015410336547348899,
    0.39357011123841507,
    0.003968648381970318,
    0.03365114307278229,
    0.032909829507093494,
    0.011816088956130495,
    0.02679960860202221,
    0.08130487571968625,
    0.06600685940956294,
    0.25518409096069145,
    0.029480318263805934,
    0.006522061774898392,
    0.12492256784228457,
    0.013463452435438929,
    0.004597641710433539,
    0.0014526750681174375,
    0.10954967137401088,
    0.5784042936168213,
    0.03294726958616868,
    0.22654243046816983,
    0.01135183197559812,
    0.011554008402604154,
    0.17896357797941626,
    0.00868609834544447,
    0.01567241710087524,
    0.04253941784523279,
    0.00868609834544447,
    0.06148409785727978,
    0.010655446504799554,
    0.27901095728414355,
    0.20049162344765145,
    0.06779649518935711,
    0.01125448777000262,
    0.12011526168902996,
    0.23978873044497268,
    0.1104931613667057,
    0.06713006178181868,
    0.010393365951273211,
    0.010835158884360473,
    0.34297358837620096,
    0.031060289600779025,
    0.02840953200225545,
    0.008072081048611327,
    0.017087652089917485,
    0.015095839883117287,
    0.007555407957373682,
    0.057672697807425274,
    0.011539032370974077,
    0.009180307389237,
    0.015912033606956467,
    0.0388103859693437,
    0.14235466865969382,
    0.010520662220128863,
    0.02292830442564739,
    0.05106826785856146,
    0.17677707736142506,
    0.05799468248747192,
    0.010767766742025129,
    0.3485222080951444,
    0.004043528540120702,
    0.007053710897766113,
    0.06896462565650309,
    0.014212254016942764,
    0.00846145787099332,
    0.05812197875632757,
    0.01575478527484066,
    0.12571629751867866,
    0.0054812275766080625,
    0.019221736597203408,
    0.0024186291082573825,
    0.026994297013213205,
    0.39492544210093694,
    0.16464649174106294,
    0.2813621942500655,
    0.04023310897420099,
    0.016810595504761067,
    0.015050911788227057,
    0.005309003212862181,
    0.007121103040101458,
    0.05753042550693954
  ],