{
  "hour": 20,
  "dispatch": 1,
  "load": 0.7114341983086713,
  "wind": 0.27413940636496137,
  "solar": 0.000443497555234694,
  "gen": [
    47,
    1,
    2,
    3,
    4,
    5,
    6,
    7,
    8,
    9,
    10,
    11,
    12,
    13,
    14,
    15,
    16,
    17,
    18,
    19,
    20,
    21,
    22,
    23,
    24,
    25,
    26,
    27,
    28,
    29,
    30,
    31,
    32,
    33,
    34,
    35,
    36,
    37,
    38,
    39,
    40,
    41,
    42,
    43,
    44,
    45,
    46,
    48,
    49
  ],
  "pg": [
    4.275838540933481,
    0.04507349262139963,
    0.04507349262586827,
    0.04507349262140173,
    0.04507349262586805,
    0.09024649260608594,
    0.23238797477557774,
    0.04676499278825973,
    0.02251342460831609,
    0.02251342460831609,
    0.02251342460831609,
    0.02251342460831609,
    0.02251342460831609,
    0.02251342460831609,
    0.0,
    0.02387999237831058,
    0.17909999235871873,
    0.17909999235093804,
    0.031839992090884076,
    0.0497499920990316,
    0.06268499209639455,
    0.1790999927308835,
    0.18161187392865957,
    0.415880445031901,
    0.00376119265532727,
    0.358656585347279,
    0.000169591691131526,
    0.000169591691131526,
    0.000169591691131526,
    0.0005820532874508961,
    0.0005820532874508961,
    0.24823871525159982,
    7.040967186906001e-06,
    0.00010070321587692102,
    0.00010070321587692102,
    0.00010070321587692102,
    0.00010070321587692102,
    1.379069991787412,
    0.11939999201619644,
    0.2586999919845906,
    0.09352999201492575,
    0.09352999202224739,
    0.09352999201412335,
    0.09352999201523574,
    0.09352999201477076,
    0.17412499279673058,
    0.0,
    0.6716249917945825,
    0.6716249917945973
  ],
  "qg": [
    -0.4666961279677661,
    0.003061676906159884,
    0.003355463929382034,
    0.0032066975631186607,
    0.003311705391095918,
    0.006851302952285796,
    -0.1955964938538614,
    -0.005698937532909163,
    -0.03409891301075546,
    -0.03409893731430627,
    -0.0340989091234549,
    -0.0340989481856311,
    -0.03409894779808626,
    -0.03409890604718705,
    0.000978801564569175,
    0.001586060228131734,
    0.009586255723696376,
    0.01144436408999381,
    -0.0035981518352255003,
    -0.005498363469064455,
    -0.006998368860602333,
    -0.021999253570769598,
    -0.04693274555311746,
    -0.09790315465674888,
    0.0016641527659952914,
    0.0882882630316217,
    0.027495616723814276,
    0.08342278446070289,
    0.12329056313144905,
    0.1151299460478164,
    0.11505974547264541,
    -0.05108924214699682,
    -0.006588415645940593,
    -0.09418654232049242,
    -0.09413298902463647,
    -0.09418650308371143,
    -0.09418650058880182,
    0.11959382926771868,
    -0.013299538147195485,
    -0.028899532268732833,
    -0.010399533826139527,
    -0.01039953827922357,
    -0.010399532656516093,
    -0.010399533878683061,
    -0.010399533800869287,
    -0.010560915235723469,
    -0.043993345890844665,
    -0.02257747343597607,
    0.0295028826517084
  ],
  "pd": [
    0.05253941554509537,
    0.012058809661331977,
    0.05653767573959011,
    0.1688731356525293,
    0.30365434452210704,
    0.0021556456208752742,
    0.017956599165310862,
    0.3184237184789951,
    0.0050796401759239124,
    0.005470928984993682,
    0.00805343512485416,
    0.032768659174097395,
    0.01003833653813535,
    0.017053077733458852,
    0.009625704703116323,
    0.016597759846541302,
    0.42035801041266146,
    0.0036496574373234836,
    0.04580924802909535,
    0.14770796825284632,
    0.02541242956358574,
    0.21205719148986565,
    0.0072922005326638804,
    0.04539661619407632,
    0.014548829355412327,
    0.27272829992162917,
    0.007591002895953523,
    0.06792773725451193,
    0.014840517376718883,
    0.006758624883932377,
    0.02275878000389439,
    0.04509069948880359,
    0.010984544021885884,
    0.01296233109318399,
    0.0031729965244566742,
    0.01577249617650324,
    0.005364213855247381,
    0.003941345458630039,
    0.020055330050321445,
    0.007100113299120539,
    0.009896049698473618,
    0.013104617932845723,
    0.006908026065577198,
    0.02674992585640603,
    0.016668903266372166,
    0.010337138901424993,
    0.1462352994623474,
    0.060784937903492875,
    0.09150466658646131,
    0.02363384406781406,
    0.015644438020807682,
    0.0175083956203764,
    0.13347216994468983,
    0.025597402455145992,
    0.0042116904539873335,
    0.006289078313048655,
    0.03907908051309532,
    0.014989918558363702,
    0.006367336074862608,
    0.015943240384097324,
    0.026693011120541343,
    0.03439072914624116,
    0.058686207018482296,
    0.35102163344549847,
    0.06101259684695165,
    0.016242042747386966,
    0.015722695782621636,
    0.3541234865501242,
    0.01495434684844827,
    0.006829768303763244,
    0.010529226134968336,
    0.0051934696476533,
    0.005613215824655417,
    0.02103710924398741,
    0.0059902759497590125,
    0.005122326227822433,
    0.04102841021646108,
    0.08655308456623295,
    0.2660052467476122,
    0.003692343489222004,
    0.014641315801192456,
    0.3739298146310377,
    0.003770601251035958,
    0.03197185287199169,
    0.03126753301566611,
    0.011226431649310831,
    0.025462229957467348,
    0.07724752525235552,
    0.06271292458090937,
    0.24244966044161206,
    0.02800916438741239,
    0.006196591867268527,
    0.11868856730383563,
    0.01279158688558991,
    0.004368205977615241,
    0.0013801823447188223,
    0.10408282321255861,
    0.54954023214155,
    0.03130310472558154,
    0.2152373023563054,
    0.010785342446359456,
    0.010977429679902798,
    0.17003277339577244,
    0.008252636700380586,
    0.01489031777060049,
    0.040416576805915615,
    0.008252636700380586,
    0.058415862023125,
    0.010123708641932391,
    0.2650874966317941,
    0.19048650659714672,
    0.06441325231486711,
    0.010692856000579329,
    0.11412115975069395,
    0.22782257332438582,
    0.10497923030242753,
    0.06378007587837238,
    0.009874706672524358,
    0.010294452849526474,
    0.3258582058513207,
    0.029510290545843688,
    0.02699181348383099,
    0.007669260657767476,
    0.01623492840540388,
    0.014342513437902814,
    0.007178371060934493,
    0.054794661953733864,
    0.010963200995936624,
    0.00872218327126431,
    0.015117976714059265,
    0.036873634498338435,
    0.1352507554404615,
    0.009995650486236832,
    0.021784115152211514,
    0.04851981232465138,
    0.16795538553671113,
    0.0551005786590066,
    0.010230423771678694,
    0.331129933260788,
    0.003841744670866825,
    0.006701710148067683,
    0.06552308966422864,
    0.013503021083898581,
    0.008039206440887984,
    0.05522152247271906,
    0.014968575532414444,
    0.11944268755404283,
    0.005207698331619473,
    0.01826251587058359,
    0.002297932460537008,
    0.0256472028490276,
    0.3752175105299764,
    0.15643015152411063,
    0.26732140001448323,
    0.038225359475124905,
    0.01597169775202967,
    0.014299827386004292,
    0.00504406846600848,
    0.006765739225915463,
    0.05465948945605521
  ],