{
  "hour": 22,
  "dispatch": 3,
  "load": 0.6433979146251615,
  "wind": 0.27438570752493396,
  "solar": 0.0004452538121875718,
  "gen": [
    47,
    1,
    2,
    3,
    4,
    5,
    6,
    7,
    8,
    9,
    10,
    11,
    12,
    13,
    14,
    15,
    16,
    17,
    18,
    19,
    20,
    21,
    22,
    23,
    24,
    25,
    26,
    27,
    28,
    29,
    30,
    31,
    32,
    33,
    34,
    35,
    36,
    37,
    38,
    39,
    40,
    41,
    42,
    43,
    44,
    45,
    46,
    48,
    49
  ],
  "pg": [
    3.24619282495959,
    0.04507349559046507,
    0.04507349559314092,
    0.04507349559046589,
    0.045073495593140944,
    0.09024649558127056,
    0.2325967642688865,
    0.04676499569104802,
    0.022533651844777677,
    0.022533651844777677,
    0.022533651844777677,
    0.022533651844777677,
    0.022533651844777677,
    0.022533651844777677,
    0.0,
    0.02387999542558675,
    0.1790999954136437,
    0.17909999540891758,
    0.03183999528862282,
    0.049749995292909605,
    0.0626849952912993,
    0.17909999565956725,
    0.18177504352111826,
    0.4162540937436258,
    0.003764571907242094,
    0.35897882115487106,
    0.0001702632767652787,
    0.0001702632767652787,
    0.0001702632767652787,
    0.0005843582271759642,
    0.0005843582271759642,
    0.2484617458779782,
    7.068849522289888e-06,
    0.00010110200211818317,
    0.00010110200211818317,
    0.00010110200211818317,
    0.00010110200211818317,
    1.3790699950732581,
    0.1193999952363929,
    0.2586999952169133,
    0.09352999523547373,
    0.09352999523998605,
    0.09352999523491362,
    0.09352999523564845,
    0.09352999523538637,
    0.17412499568462697,
    0.0,
    0.6716249950983741,
    0.6716249950983822
  ],
  "qg": [
    -0.46669865414812794,
    0.0022274773515740943,
    0.0023141345071339163,
    0.0023724617337479233,
    0.0022704598693602464,
    0.005782501318849195,
    -0.18917541269488639,
    -0.0056994157571019785,
    -0.03409940342971598,
    -0.034099414722931445,
    -0.034099401215296685,
    -0.034099420090192234,
    -0.034099419863511386,
    -0.03409939944300888,
    0.0005461281764540162,
    0.0013846800951767945,
    0.0076726608873843105,
    0.009941230073179519,
    -0.00359919631384865,
    -0.005499249840754434,
    -0.0069992505303175575,
    -0.02199958067636914,
    -0.0931067873295059,
    -0.1973016785892466,
    7.122342604729565e-05,
    0.009320381721765747,
    0.02079712237103293,
    0.06306495363283122,
    0.09323490687927814,
    0.06446509796314452,
    0.06444294736543085,
    -0.07755401786201668,
    -0.006598204206021874,
    -0.0941981555833044,
    -0.0941970696809788,
    -0.0941981454254928,
    -0.0941981446342427,
    0.0900299149858464,
    -0.013299708712011608,
    -0.028899704394915314,
    -0.010399705780592563,
    -0.010399708809170955,
    -0.010399704952997128,
    -0.010399705810132552,
    -0.01039970576643462,
    -0.019390551379013868,
    -0.072190447129929,
    -0.03333737207604627,
    0.019195798361943826
  ],
  "pd": [
    0.047514935995068175,
    0.010905594652896488,
    0.051130832275261585,
    0.1527233629945746,
    0.2746150979203114,
    0.0019494956813142395,
    0.016239363365139075,
    0.28797203862792975,
    0.004593861110423653,
    0.004947729963467492,
    0.007283264393556828,
    0.029634907947634938,
    0.009078344575361028,
    0.015422248013565122,
    0.008705173784878435,
    0.015010473348205019,
    0.3801580918354229,
    0.0033006313020270783,
    0.04142839172271415,
    0.13358227503447603,
    0.02298217351041077,
    0.19177761641232188,
    0.006594828624907905,
    0.04105522093223156,
    0.013157487354084552,
    0.24664659057155566,
    0.006865055749050474,
    0.061431632888410415,
    0.01342128049908087,
    0.006112280188939034,
    0.020582299288858914,
    0.04077855982894274,
    0.009934063801812493,
    0.011722710004470442,
    0.0028695546992282203,
    0.01426413176723983,
    0.004851220276273717,
    0.003564424447023395,
    0.018137387213283302,
    0.006421111187959111,
    0.008949664992435998,
    0.011851389587395475,
    0.006247393751010318,
    0.024191761589906064,
    0.015074813139667534,
    0.009348571699503596,
    0.13225044135120195,
    0.0549719178255738,
    0.08275383977908828,
    0.021373678723847864,
    0.0141483201426073,
    0.015834022678925225,
    0.12070788276282654,
    0.02314945696821331,
    0.003808915654580956,
    0.005687637565286428,
    0.03534184745036013,
    0.013556394061152152,
    0.005758411335895195,
    0.014418547266749869,
    0.024140289756736058,
    0.0311018551929803,
    0.05307389397742958,
    0.31745253107605476,
    0.05517780515825385,
    0.014688774390892436,
    0.01421909391321607,
    0.3202577459838204,
    0.013524224165420895,
    0.006176619980401549,
    0.00952228913645239,
    0.004696804776763679,
    0.005076409546392525,
    0.019025276335466024,
    0.00541741044114386,
    0.004632464985301163,
    0.03710475773643307,
    0.07827579029329715,
    0.2405664802783479,
    0.003339235176904588,
    0.013241129082985824,
    0.3381699439269849,
    0.003410008947513356,
    0.02891430228325476,
    0.02827733834777585,
    0.010152819092785047,
    0.02302721136443453,
    0.06986014557000003,
    0.056715526174207984,
    0.21926357532510876,
    0.02533057589879261,
    0.005603995836385157,
    0.10733807409691569,
    0.011568294504960403,
    0.0039504631957984915,
    0.0012481919543728133,
    0.09412911490966114,
    0.49698628517305976,
    0.028309508243507104,
    0.19465360509069635,
    0.009753912385717448,
    0.009927629822666241,
    0.1537721015954136,
    0.007463415809651873,
    0.01346631835310463,
    0.036551435529855424,
    0.007463415809651873,
    0.05282940276987201,
    0.009155552325116048,
    0.23973649696848148,
    0.172269791640887,
    0.05825324719016213,
    0.009670270656816178,
    0.10320745948502215,
    0.2060353142004155,
    0.09493979628208883,
    0.057680623046145726,
    0.008930363054997241,
    0.009309967824626087,
    0.2946955468357627,
    0.0266881454986517,
    0.024410516880878627,
    0.00693582951965924,
    0.014682340411746186,
    0.012970901958843256,
    0.0064918849585678794,
    0.049554507384429944,
    0.009914761864373739,
    0.00788805843330448,
    0.013672205685784682,
    0.033347313915022124,
    0.12231637754938945,
    0.00903974070048352,
    0.019700844145822446,
    0.04387973777743601,
    0.15189337968470815,
    0.04983116848771876,
    0.009252062012309822,
    0.2994631253831352,
    0.003474348738975872,
    0.006060808355769021,
    0.05925694793697738,
    0.012211692419585566,
    0.007270396435264325,
    0.04994054613320503,
    0.013537092123713398,
    0.10802007588641838,
    0.004709672735056182,
    0.016516024468427894,
    0.0020781752642392713,
    0.02319449482223707,
    0.3393344941524565,
    0.1414703334677805,
    0.24175676642040442,
    0.03456976995280993,
    0.014444283183334876,
    0.012932298083965746,
    0.004561691214692395,
    0.006118714168085285,
    0.04943226178065115
  ],