{
  "hour": 3,
  "dispatch": 3,
  "load": 0.6742256402909128,
  "wind": 0.38272660323694113,
  "solar": 0.00044221234420791015,
  "gen": [
    47,
    1,
    2,
    3,
    4,
    5,
    6,
    7,
    8,
    9,
    10,
    11,
    12,
    13,
    14,
    15,
    16,
    17,
    18,
    19,
    20,
    21,
    22,
    23,
    24,
    25,
    26,
    27,
    28,
    29,
    30,
    31,
    32,
    33,
    34,
    35,
    36,
    37,
    38,
    39,
    40,
    41,
    42,
    43,
    44,
    45,
    46,
    48,
    49
  ],
  "pg": [
    3.0812471927655842,
    0.045073494783425996,
    0.04507349478658239,
    0.045073494783427065,
    0.04507349478658233,
    0.09024649477257426,
    0.3244373415639551,
    0.04676499491614796,
    0.03143103956423056,
    0.03143103956423056,
    0.03143103956423056,
    0.03143103956423056,
    0.03143103956423056,
    0.03143103956423056,
    0.0,
    0.023879994609297128,
    0.17909999459523815,
    0.17909999458968293,
    0.0318399944446184,
    0.04974999444971276,
    0.06268499444781736,
    0.17909999488076672,
    0.2535487201124087,
    0.5806115661745692,
    0.005251008996410832,
    0.5007212150148901,
    0.000169100231575728,
    0.000169100231575728,
    0.000169100231575728,
    0.0005803665559359686,
    0.0005803665559359686,
    0.34656659376311505,
    7.02056317664478e-06,
    0.00010041138814991332,
    0.00010041138814991332,
    0.00010041138814991332,
    0.00010041138814991332,
    1.379069994200603,
    0.1193999943817005,
    0.2586999943587038,
    0.09352999438061191,
    0.09352999438593843,
    0.09352999437994916,
    0.09352999438081777,
    0.09352999438050899,
    0.17412499492011627,
    0.0,
    0.671624994213795,
    0.6716249942138038
  ],
  "qg": [
    -0.4666984166752398,
    0.002789155485085456,
    0.003017380570377381,
    0.002933617455542366,
    0.0029738133831018134,
    0.006490592307539416,
    -0.17812646105639324,
    -0.005699284639201301,
    -0.034099268838584204,
    -0.0340992837139032,
    -0.03409926617815214,
    -0.034099290586747745,
    -0.034099290314225206,
    -0.03409926405675391,
    0.000743243420563569,
    0.0014775508645171154,
    0.008549789778870588,
    0.01063429996669727,
    -0.003599036342281049,
    -0.005499103385479373,
    -0.006999104447437413,
    -0.02199949252055466,
    -0.08755812300501481,
    -0.18199725620740279,
    0.0004218449085754795,
    0.03289638102086498,
    0.023656494103416623,
    0.07175263704715791,
    0.10606336459050446,
    0.0843039851880003,
    0.0842661002223507,
    -0.0644070301988118,
    -0.006597333279710118,
    -0.09419728566406435,
    -0.09419471885274172,
    -0.09419727133353022,
    -0.09419727024275618,
    0.09977403175699293,
    -0.013299656074356571,
    -0.028899650964927127,
    -0.010399652582105998,
    -0.010399656177467648,
    -0.010399651597092996,
    -0.010399652616221713,
    -0.010399652565779662,
    -0.01727110148883262,
    -0.06299944488879432,
    -0.02916795965708287,
    0.023167072126136022
  ],
  "pd": [
    0.04979156353548391,
    0.011428124602930972,
    0.05358071163391884,
    0.16004094023585397,
    0.28777298778896737,
    0.002042903690081466,
    0.01701745516094264,
    0.30176991208140674,
    0.004813971071677118,
    0.005184795173837119,
    0.007632234248093133,
    0.031054832991799442,
    0.00951332378450478,
    0.01616118859777318,
    0.00912227291313605,
    0.015729684187986995,
    0.3983729618222887,
    0.0034587775346923825,
    0.04341338897833188,
    0.1399827274371993,
    0.024083339871191406,
    0.2009664366015124,
    0.006910812812981857,
    0.04302233810696315,
    0.013787914343949166,
    0.25846439920552144,
    0.00719398758190404,
    0.06437506413497635,
    0.014064346856468441,
    0.006405143582763672,
    0.0215684782329063,
    0.04273242108163806,
    0.010410043886091694,
    0.01228439116610043,
    0.0030070463556974712,
    0.014947582445249536,
    0.005083661327793482,
    0.0037352100472116574,
    0.019006420799800833,
    0.006728771890103309,
    0.009378478656446598,
    0.012419236294158613,
    0.0065467309672247636,
    0.025350884074938313,
    0.015797106752016087,
    0.009796498553426963,
    0.13858708036179712,
    0.057605838706455595,
    0.08671890185421721,
    0.022397775770464125,
    0.014826221829997172,
    0.016592693007559365,
    0.12649147237497815,
    0.024258638537667042,
    0.003991415790522204,
    0.0059601546601716696,
    0.037035214421179845,
    0.014205934240929531,
    0.0060343194806036695,
    0.015109396598919356,
    0.025296946023715048,
    0.032592067451662717,
    0.055616873067597404,
    0.33266293091953647,
    0.05782159091134868,
    0.01539257136784154,
    0.014900386650429174,
    0.33560255471120476,
    0.014172222958914987,
    0.006472566146792763,
    0.00997853947630551,
    0.004921847174123663,
    0.005319640301895303,
    0.01993685218340229,
    0.005676979891249486,
    0.0048544246100945725,
    0.03888259267557695,
    0.08202629139779245,
    0.2520929669047723,
    0.0034992310731098374,
    0.013875563677186986,
    0.3543729965369038,
    0.003573395893541838,
    0.030299700274673623,
    0.02963221689078562,
    0.010639280603790604,
    0.02413053566601177,
    0.07320742002278731,
    0.059432990191643956,
    0.22976935595474016,
    0.02654426345825324,
    0.005872505326933851,
    0.11248106356973299,
    0.012122577012430613,
    0.004139745431386205,
    0.001307997742164371,
    0.09863921117456055,
    0.5207988535863127,
    0.02966592817280016,
    0.20398022521361275,
    0.010221260706810238,
    0.010403301629688784,
    0.16113992802952815,
    0.007821017427374588,
    0.014111542651288805,
    0.038302758624926755,
    0.007821017427374588,
    0.05536066732428685,
    0.00959423086133969,
    0.2512232158287971,
    0.1805239151878919,
    0.06104438947193925,
    0.01013361137357242,
    0.10815253495906532,
    0.215907276790359,
    0.0994887354813271,
    0.060444328652080326,
    0.00935825188723787,
    0.009756045015009509,
    0.3088155700224468,
    0.027966879559267067,
    0.02558012079263723,
    0.007268152402336039,
    0.015385829111438631,
    0.013592388908264802,
    0.00680293671053531,
    0.051928858815206105,
    0.010389817116882966,
    0.008266006349966592,
    0.014327294856181899,
    0.03494511493627801,
    0.12817703647570544,
    0.009472870246087325,
    0.020644789105707752,
    0.04598218866784025,
    0.1591711891598787,
    0.0522187758405312,
    0.009695364707383327,
    0.3138115820170025,
    0.003640818457570929,
    0.006351205531540398,
    0.06209618147079308,
    0.012796802652721526,
    0.007618749735287314,
    0.05233339419938065,
    0.014185707471720805,
    0.11319574274844135,
    0.0049353316869294814,
    0.017307372186267732,
    0.0021777488181396482,
    0.024305834332487408,
    0.35559334494583034,
    0.1482487337871659,
    0.2533402843393105,
    0.03622614365283074,
    0.015136365624530993,
    0.013551935369847347,
    0.004780259789662572,
    0.00641188583916658,
    0.051800755943550825
  ],