{
  "hour": 4,
  "dispatch": 1,
  "load": 0.671504101938093,
  "wind": 0.4703659398343824,
  "solar": 0.0004443696116529717,
  "gen": [
    47,
    1,
    2,
    3,
    4,
    5,
    6,
    7,
    8,
    9,
    10,
    11,
    12,
    13,
    14,
    15,
    16,
    17,
    18,
    19,
    20,
    21,
    22,
    23,
    24,
    25,
    26,
    27,
    28,
    29,
    30,
    31,
    32,
    33,
    34,
    35,
    36,
    37,
    38,
    39,
    40,
    41,
    42,
    43,
    44,
    45,
    46,
    48,
    49
  ],
  "pg": [
    2.532489924313067,
    0.045073498360935126,
    0.04507349836192459,
    0.04507349836093513,
    0.0450734983619246,
    0.09024649835751766,
    0.3987292071976059,
    0.04676499840623103,
    0.038628332442958824,
    0.038628332442958824,
    0.038628332442958824,
    0.038628332442958824,
    0.038628332442958824,
    0.038628332442958824,
    0.0,
    0.02387999830857593,
    0.17909999830409745,
    0.17909999830235018,
    0.03183999826138995,
    0.04974999826291295,
    0.06268499826231276,
    0.1790999983960025,
    0.3116080278214816,
    0.7135639453663515,
    0.006453420694527726,
    0.6153797590853225,
    0.00016992516201764978,
    0.00016992516201764978,
    0.00016992516201764978,
    0.0005831977882471465,
    0.0005831977882471465,
    0.42592576583882996,
    7.054811954602579e-06,
    0.00010090123023959367,
    0.00010090123023959367,
    0.00010090123023959367,
    0.00010090123023959367,
    1.3790699981823422,
    0.11939999824015944,
    0.2586999982328778,
    0.09352999823980249,
    0.09352999824148749,
    0.09352999823958587,
    0.09352999823986587,
    0.0935299982397708,
    0.1741249984087325,
    0.0,
    0.6716249981854305,
    0.6716249981854306
  ],
  "qg": [
    -0.46669956349756186,
    0.002956144680286849,
    0.0032275567871038456,
    0.0031006738005281077,
    0.0031838835444264403,
    0.00669845040136948,
    -0.16561640595399346,
    -0.005699778116457942,
    -0.034099772749451994,
    -0.03409977724929512,
    -0.034099771917185,
    -0.034099779349600595,
    -0.03409977926281752,
    -0.03409977125111374,
    0.0007255459484344517,
    0.0014661281545826034,
    0.008472906819081414,
    0.010575407106072915,
    -0.0035997225058171044,
    -0.005499738279143705,
    -0.0069997383245770815,
    -0.021999841822339283,
    -0.0974716233001332,
    -0.1997262892436711,
    0.00011458727107000293,
    0.02560503555370057,
    0.023282529921769993,
    0.07061690707866025,
    0.1043866315228335,
    0.08052374732354402,
    0.08048886206051256,
    -0.06138158824304584,
    -0.006599370194809392,
    -0.09419932925497852,
    -0.0941989663877728,
    -0.09419932519707742,
    -0.09419932487802002,
    0.09630506429379665,
    -0.0132998904532756,
    -0.028899888746633202,
    -0.010399889344941097,
    -0.010399890501289174,
    -0.0103998890266604,
    -0.010399889356147784,
    -0.010399889339558101,
    -0.018843006711569774,
    -0.06615618607580656,
    -0.02969455149713335,
    0.02265240692129745
  ],
  "pd": [
    0.04959057792812816,
    0.011381994527850676,
    0.05336443098102025,
    0.15939492867704513,
    0.28661138078921683,
    0.0020346574288724216,
    0.016948763532917466,
    0.3005518059454516,
    0.004794539287837983,
    0.0051638665439039345,
    0.007601426433939212,
    0.03092947893526856,
    0.009474922878346491,
    0.016095953323456088,
    0.009085450499222398,
    0.015666190698215707,
    0.3967649136711416,
    0.003444816042942417,
    0.043238149123793805,
    0.13941768164438686,
    0.02398612652122868,
    0.20015522766468738,
    0.006882917044865453,
    0.04284867674466972,
    0.013732258884634,
    0.25742109747796793,
    0.007164948767679452,
    0.0641152116530491,
    0.014007575566428619,
    0.006379288968411883,
    0.021481416220999593,
    0.04255992998083633,
    0.010368023333924156,
    0.012234804737312054,
    0.002994908294643895,
    0.01488724593996752,
    0.005063140928613221,
    0.0037201327247370353,
    0.01892970063363484,
    0.006701610937342168,
    0.009340622057958874,
    0.012369105557699671,
    0.006520304829818882,
    0.025248554232872287,
    0.01573334110840952,
    0.009756954601160491,
    0.13802766815337503,
    0.05737331046959066,
    0.08636885759127752,
    0.02230736626638345,
    0.014766375201618663,
    0.01652571594869647,
    0.12598088456460563,
    0.024160717587732583,
    0.00397530428347351,
    0.005936096261132742,
    0.03688572031945945,
    0.014148591427835618,
    0.006009961712345932,
    0.015048406924432663,
    0.025194833904717245,
    0.03246050828768741,
    0.055392373368873295,
    0.33132012389625515,
    0.057588191782210855,
    0.015330438647246663,
    0.014840240652831856,
    0.33424788178070514,
    0.014115016222738714,
    0.006446439378605692,
    0.009938260708683776,
    0.004901979944148079,
    0.005298167364291554,
    0.01985637629430941,
    0.005654064538318743,
    0.004834829533954269,
    0.03872564155876983,
    0.0816951890417884,
    0.251075383714653,
    0.0034851062890587027,
    0.013819554417885955,
    0.3529425559786617,
    0.0035589717402718926,
    0.0301773943410979,
    0.029512605280179186,
    0.010596334728583106,
    0.024033131808364347,
    0.07291191538843814,
    0.05919308658584289,
    0.22884188289948268,
    0.02643711649330272,
    0.00584880072788079,
    0.11202702932633206,
    0.012073643752846912,
    0.004123035185899891,
    0.0013027179577599004,
    0.098241050113543,
    0.5186966285010606,
    0.02954618048527609,
    0.20315685100035064,
    0.010180002185381488,
    0.010361308292904773,
    0.1604894803632042,
    0.0077894475824818775,
    0.014054580853564286,
    0.03814814803110306,
    0.0077894475824818775,
    0.055137201810136816,
    0.009555503370579062,
    0.25020914342315287,
    0.1797952232939244,
    0.06079798138947494,
    0.010092706652129538,
    0.1077159729918895,
    0.21503575856363552,
    0.09908714528198499,
    0.06020034273875003,
    0.009320476934900731,
    0.009716664355044206,
    0.3075690238107047,
    0.0278539901483921,
    0.025476865627531247,
    0.0072388142188926415,
    0.015323723606227281,
    0.013537522695071955,
    0.006775476388555358,
    0.051719245931271925,
    0.010347878210866012,
    0.00823264028976102,
    0.014269462166184476,
    0.03480405760345136,
    0.12765964481945086,
    0.009434632632230206,
    0.020561455601344408,
    0.045796579752177935,
    0.15852868838554499,
    0.0520079926951053,
    0.009656228985869778,
    0.312544869206066,
    0.0036261221504657022,
    0.0063255686402568356,
    0.06184552778849837,
    0.012745147854785005,
    0.00758799635190045,
    0.05212214839243477,
    0.014128446304777475,
    0.11273882367438644,
    0.00491541002618684,
    0.017237510296750844,
    0.00216895824926004,
    0.02420772287486825,
    0.35415797840316965,
    0.14765032193414787,
    0.25231766630323843,
    0.03607991539713373,
    0.015075267088510187,
    0.01349723244895567,
    0.004760964082741079,
    0.006386004009431264,
    0.05159166015190368
  ],