{
  "hour": 5,
  "dispatch": 1,
  "load": 0.6663128861490739,
  "wind": 0.6013277785487078,
  "solar": 0.000451839247085612,
  "gen": [
    47,
    1,
    2,
    3,
    4,
    5,
    6,
    7,
    8,
    9,
    10,
    11,
    12,
    13,
    14,
    15,
    16,
    17,
    18,
    19,
    20,
    21,
    22,
    23,
    24,
    25,
    26,
    27,
    28,
    29,
    30,
    31,
    32,
    33,
    34,
    35,
    36,
    37,
    38,
    39,
    40,
    41,
    42,
    43,
    44,
    45,
    46,
    48,
    49
  ],
  "pg": [
    1.6990456643729153,
    0.045073495841773684,
    0.04507349584427816,
    0.045073495841774405,
    0.04507349584427806,
    0.09024649583312254,
    0.5097455578757396,
    0.04676499597024176,
    0.049383442485534085,
    0.049383442485534085,
    0.049383442485534085,
    0.049383442485534085,
    0.049383442485534085,
    0.049383442485534085,
    0.0,
    0.02387999571731441,
    0.17909999570594956,
    0.17909999570151525,
    0.03183999561542911,
    0.049749995619106174,
    0.06268499561758445,
    0.179099995947719,
    0.3983676267329479,
    0.9122382931695318,
    0.00825021712168827,
    0.7867171326752743,
    0.00017278152072854966,
    0.00017278152072854966,
    0.00017278152072854966,
    0.0005930010573031105,
    0.0005930010573031105,
    0.5445143300314259,
    7.173399886731176e-06,
    0.00010259733047874157,
    0.00010259733047874157,
    0.00010259733047874157,
    0.00010259733047874157,
    1.379069995405719,
    0.11939999555596051,
    0.25869999553739703,
    0.09352999555502509,
    0.09352999555931545,
    0.09352999555445964,
    0.09352999555518302,
    0.09352999555494611,
    0.17412499598114778,
    0.0,
    0.6716249954097755,
    0.6716249954097809
  ],
  "qg": [
    -0.46669902900858434,
    0.0032846323276724907,
    0.003640185248771072,
    0.0034282526675778694,
    0.0035968005658112163,
    0.007103214788939729,
    -0.14480100212022953,
    -0.005699438042845716,
    -0.03409942499328384,
    -0.03409943671672646,
    -0.03409942296639073,
    -0.034099442077435864,
    -0.0340994418651932,
    -0.03409942135511179,
    0.0006885171004015093,
    0.001450482779159336,
    0.008306603580452855,
    0.01044250769519749,
    -0.003599350163997808,
    -0.005499385764347578,
    -0.0069993861245219394,
    -0.021999599927159344,
    -0.10706411572544336,
    -0.21366382811521686,
    -0.00022355839651464572,
    0.02121278042174416,
    0.022629820751588883,
    0.06863295059575061,
    0.10145722002592711,
    0.07467080614534051,
    0.07464103119696179,
    -0.05249955406885602,
    -0.006598434165242162,
    -0.09419838984180745,
    -0.09419756053521462,
    -0.09419838040905987,
    -0.09419837967056477,
    0.09066906618736512,
    -0.01329971979622851,
    -0.028899715292334004,
    -0.010399716830570071,
    -0.010399719885136171,
    -0.010399715977090869,
    -0.010399716856273312,
    -0.010399716818305734,
    -0.01927307444516132,
    -0.07123790068473079,
    -0.02998752648684778,
    0.02233235223859924
  ],
  "pd": [
    0.049207206642109105,
    0.011294003420226803,
    0.052951885062266904,
    0.15816268978520567,
    0.2843956660661477,
    0.002018928045031694,
    0.016817737246402623,
    0.2982283215826025,
    0.004757474007104388,
    0.005123946094486379,
    0.007542661871207517,
    0.030690371536026342,
    0.009401674823563433,
    0.015971519880993303,
    0.00901521334959697,
    0.015545079633857895,
    0.39369763191004176,
    0.0034181851059447493,
    0.04290388673913887,
    0.13833988142227072,
    0.02380069629324492,
    0.19860788197445448,
    0.006829707083028008,
    0.04251742526517241,
    0.01362609852174856,
    0.2554310449052475,
    0.007109558495210619,
    0.06361955436951357,
    0.013899286805069681,
    0.006329972418416202,
    0.021315349227908873,
    0.04223091072412831,
    0.010287870962141702,
    0.012140220785636128,
    0.00297175547222487,
    0.014772156685924968,
    0.005023999161564017,
    0.00369137338926587,
    0.018783360260542392,
    0.006649802603767757,
    0.009268412246333619,
    0.01227348336286594,
    0.006469898124507508,
    0.02505336451920517,
    0.015611710922472802,
    0.009681526235746044,
    0.13696061374794216,
    0.05692977299257688,
    0.08570116341649389,
    0.022134914077872235,
    0.014652220366418134,
    0.01639796012812871,
    0.12500696057042776,
    0.023973937643643677,
    0.003944572286002517,
    0.0058902059135578135,
    0.036600566836168635,
    0.014039212511160986,
    0.005963500331034211,
    0.014932071778600746,
    0.025000059488313253,
    0.03220956491644623,
    0.05496414997843711,
    0.32875877802595316,
    0.05714299311614458,
    0.015211923190783357,
    0.014725514783894535,
    0.33166390220956304,
    0.014005896866853534,
    0.006396603707031109,
    0.009861430715006295,
    0.00486408406888824,
    0.005257208671716194,
    0.019702872043428115,
    0.005610354501375202,
    0.004797452780273332,
    0.0384262641442171,
    0.08106362572889633,
    0.24913438813113875,
    0.0034581638791136935,
    0.013712719196947942,
    0.3502140529599533,
    0.003531458296590092,
    0.029944101103539383,
    0.0292844513462518,
    0.010514417343432385,
    0.023847338195275358,
    0.07234825317806644,
    0.05873548091404086,
    0.2270727684707429,
    0.02623273832768904,
    0.0058035852383584345,
    0.11116097879625,
    0.011980305692960349,
    0.004091161120955314,
    0.0012926469991292034,
    0.09748157524360952,
    0.5146867257769907,
    0.02931776699055925,
    0.2015863005755408,
    0.01010130335401996,
    0.01028120783328021,
    0.15924877978962865,
    0.007729229479329257,
    0.013945928707100118,
    0.03785323506212889,
    0.007729229479329257,
    0.05471095108170046,
    0.009481632369901322,
    0.2482748445080065,
    0.17840527526641453,
    0.06032796871193716,
    0.01001468267882058,
    0.10688325006717295,
    0.21337337553151794,
    0.09832112948015734,
    0.05973495024326447,
    0.009248422859749146,
    0.0096415474625771,
    0.3051912912428603,
    0.02763865851746359,
    0.025279910900495865,
    0.007182852912687016,
    0.015205260061921867,
    0.01343286778476533,
    0.006723097021244156,
    0.051319418491201675,
    0.01026788157555723,
    0.008168995984187646,
    0.01415914883066782,
    0.0345349968891065,
    0.12667274278580043,
    0.009361696050394488,
    0.020402500573884645,
    0.045442538835366836,
    0.1573031461620734,
    0.051605933032245775,
    0.009581579302823683,
    0.310128669729225,
    0.003598089585204999,
    0.006276667387524276,
    0.061367416814329716,
    0.012646618579109424,
    0.007529335613484535,
    0.05171920622289111,
    0.014019223124576515,
    0.11186727045556803,
    0.004877410326611221,
    0.017104251787446727,
    0.002152190622261509,
    0.024020579545674114,
    0.3514200792838831,
    0.14650887740645838,
    0.25036706697051453,
    0.03580099137278974,
    0.01495872429404671,
    0.013392889011596385,
    0.004724158362796934,
    0.006336635547277692,
    0.05119281904283335
  ],