{
  "hour": 5,
  "dispatch": 2,
  "load": 0.6662103791653508,
  "wind": 0.6930963073869884,
  "solar": 0.0004710829898463187,
  "gen": [
    47,
    1,
    2,
    3,
    4,
    5,
    6,
    7,
    8,
    9,
    10,
    11,
    12,
    13,
    14,
    15,
    16,
    17,
    18,
    19,
    20,
    21,
    22,
    23,
    24,
    25,
    26,
    27,
    28,
    29,
    30,
    31,
    32,
    33,
    34,
    35,
    36,
    37,
    38,
    39,
    40,
    41,
    42,
    43,
    44,
    45,
    46,
    48,
    49
  ],
  "pg": [
    1.1702655018587906,
    0.04507349594610444,
    0.04507349594854092,
    0.045073495946105144,
    0.0450734959485408,
    0.09024649593767381,
    0.58753773977195,
    0.046764996080464256,
    0.05691984114784904,
    0.05691984114784904,
    0.05691984114784904,
    0.05691984114784904,
    0.05691984114784904,
    0.05691984114784904,
    0.0,
    0.023879995831390458,
    0.1790999958202647,
    0.17909999581594493,
    0.03183999574248304,
    0.04974999574596973,
    0.0626849957444852,
    0.1790999960607058,
    0.45916244171773196,
    1.0514548221583568,
    0.00950928133734948,
    0.9067778989543969,
    0.00018014025098527287,
    0.00018014025098527287,
    0.00018014025098527287,
    0.0006182568532021462,
    0.0006182568532021462,
    0.6276125682650657,
    7.478913546800153e-06,
    0.0001069669301724442,
    0.0001069669301724442,
    0.0001069669301724442,
    0.0001069669301724442,
    1.3790699955334003,
    0.11939999568101105,
    0.25869999566291946,
    0.09352999568010353,
    0.09352999568427879,
    0.09352999567955232,
    0.09352999568025702,
    0.09352999568002679,
    0.1741249960947771,
    0.0,
    0.6716249955338295,
    0.6716249955338346
  ],
  "qg": [
    -0.46669910302062356,
    0.003622354857212182,
    0.004063754730639383,
    0.003765593953127771,
    0.004020456785606873,
    0.007526192206527459,
    -0.12890606492722875,
    -0.0056994545914733985,
    -0.0340994416964886,
    -0.034099453191727795,
    -0.03409943976998392,
    -0.034099458399254684,
    -0.03409945819556704,
    -0.034099438243226345,
    0.0006835970647797161,
    0.0014473464748775064,
    0.00828110794788346,
    0.01041969875562171,
    -0.0035993911996884515,
    -0.005499422916930356,
    -0.006999423207878567,
    -0.02199961085110901,
    -0.10833071833747125,
    -0.21072963476156162,
    -0.000333016315118756,
    0.026623740334587268,
    0.022528740376554706,
    0.0683257421102427,
    0.10100370337421426,
    0.07354343263517339,
    0.07351457048651097,
    -0.0418436204984229,
    -0.006598533190647304,
    -0.094198487039206,
    -0.09419775506840346,
    -0.09419847809973608,
    -0.09419847739881507,
    0.0888141939328237,
    -0.013299727659807232,
    -0.028899723271727754,
    -0.010399724776067754,
    -0.010399727747407892,
    -0.010399723945530143,
    -0.010399724801044775,
    -0.010399724764149007,
    -0.019523429484684995,
    -0.07267378012813357,
    -0.029320950539656415,
    0.02294534204579598
  ],
  "pd": [
    0.04919963650136115,
    0.011292265926852695,
    0.05294373883227042,
    0.1581383577024793,
    0.284351914035355,
    0.0020186174488710127,
    0.01681514997013345,
    0.29818244150682766,
    0.004756742107240604,
    0.005123157815781547,
    0.007541501492151771,
    0.030685650064356054,
    0.009400228450023099,
    0.015969062788593457,
    0.009013826430107195,
    0.015542688145927634,
    0.3936370646336391,
    0.0034176592451182495,
    0.04289728631445694,
    0.13831859892231013,
    0.02379703474378633,
    0.1985773277178161,
    0.0068286563864448455,
    0.042510884294541036,
    0.013624002253931422,
    0.2553917488530372,
    0.007108464745694293,
    0.06360976700270769,
    0.013897148509389216,
    0.006328998602070832,
    0.02131207002949957,
    0.042224413831499934,
    0.010286288254313016,
    0.01213835310839269,
    0.0029712982910774645,
    0.014769884106095825,
    0.0050232262589067446,
    0.0036908055005760434,
    0.018780470588671237,
    0.0066487795840702,
    0.00926698637419003,
    0.01227159518422576,
    0.006468902781695556,
    0.02504951025661718,
    0.015609309183844167,
    0.009680036809272546,
    0.13693954343743786,
    0.05692101479588757,
    0.08568797896824742,
    0.022131508795872952,
    0.014649966237846063,
    0.01639543743125928,
    0.12498772923521145,
    0.023970249442369317,
    0.003943965444658876,
    0.005889299751821701,
    0.03659493612755272,
    0.01403705268901394,
    0.005962582893529889,
    0.01492977459709551,
    0.02499621342628396,
    0.03220460972885305,
    0.05495569417734979,
    0.3287082010801841,
    0.057134202117220485,
    0.015209582956344957,
    0.014723249379554253,
    0.33161287833334496,
    0.014003742170055674,
    0.006395619639987367,
    0.009859913611647191,
    0.004863335767907061,
    0.005256399891614618,
    0.01969984091191942,
    0.005609491392572254,
    0.004796714729990525,
    0.03842035256646579,
    0.08105115472925657,
    0.24909606076992466,
    0.0034576318678681706,
    0.01371060960322292,
    0.3501601752893084,
    0.003530915009576359,
    0.029939494439690864,
    0.02927994616431717,
    0.010512799783229235,
    0.023843669470327906,
    0.07233712296977378,
    0.058726444923425665,
    0.22703783511575987,
    0.02622870262773986,
    0.005802692402530205,
    0.11114387755615547,
    0.011978462617393007,
    0.004090531728075253,
    0.0012924481355807806,
    0.09746657847189083,
    0.5146075452824835,
    0.029313256683275432,
    0.2015552881126852,
    0.010099749348146718,
    0.010279626150521361,
    0.15922428062051883,
    0.007728040398318068,
    0.013943783235930792,
    0.03784741164038358,
    0.007728040398318068,
    0.05470253423326695,
    0.009480173695522941,
    0.24823664938080142,
    0.17837782902152266,
    0.060318687729630865,
    0.010013141998855222,
    0.10686680692191391,
    0.2133405497201203,
    0.09830600354963916,
    0.05972576049217369,
    0.009247000062815069,
    0.009640064186522626,
    0.3051443399691056,
    0.02763440652777875,
    0.02527602178553341,
    0.007181747887402481,
    0.015202920852553304,
    0.013430801243973473,
    0.006722062725778389,
    0.051311523403315316,
    0.010266301942938056,
    0.0081677392485672,
    0.014156970557263705,
    0.03452968395214013,
    0.12665325518312484,
    0.009360255827273178,
    0.02039936181004304,
    0.04543554785907692,
    0.157278946313356,
    0.05159799386635642,
    0.009580105252397744,
    0.3100809588787209,
    0.0035975360474928943,
    0.006275701771737603,
    0.061357975921128814,
    0.012644672996558358,
    0.007528177284568463,
    0.05171124963081452,
    0.014017066377638979,
    0.11185006055807074,
    0.0048766599754903675,
    0.017101620433174553,
    0.0021518595247040826,
    0.024016884168910894,
    0.3513660160755977,
    0.1464863381708773,
    0.25032854997138054,
    0.03579548367255429,
    0.014956423012262125,
    0.01339082862122355,
    0.004723431588282337,
    0.0063356607058624856,
    0.051184943431273895
  ],