{
  "hour": 7,
  "dispatch": 3,
  "load": 0.800032167396059,
  "wind": 0.663399179920479,
  "solar": 0.042961857887415175,
  "gen": [
    47,
    1,
    2,
    3,
    4,
    5,
    6,
    7,
    8,
    9,
    10,
    11,
    12,
    13,
    14,
    15,
    16,
    17,
    18,
    19,
    20,
    21,
    22,
    23,
    24,
    25,
    26,
    27,
    28,
    29,
    30,
    31,
    32,
    33,
    34,
    35,
    36,
    37,
    38,
    39,
    40,
    41,
    42,
    43,
    44,
    45,
    46,
    48,
    49
  ],
  "pg": [
    3.1454805337165705,
    0.04507349498165966,
    0.04507349498466228,
    0.04507349498166049,
    0.04507349498466209,
    0.09024649497129164,
    0.56236348481859,
    0.04676499514139718,
    0.05448099425178943,
    0.05448099425178943,
    0.05448099425178943,
    0.05448099425178943,
    0.05448099425178943,
    0.05448099425178943,
    0.0,
    0.023879994865534427,
    0.1790999948520873,
    0.17909999484686862,
    0.03183999469047181,
    0.04974999469573821,
    0.06268499469394836,
    0.17909999511035898,
    0.43948868871371893,
    1.0064030919065636,
    0.009101836748508974,
    0.8679251470899626,
    0.016428442608716013,
    0.016428442608716013,
    0.016428442608716013,
    0.05638382968116987,
    0.05638382968116987,
    0.6007212254015921,
    0.0006820624558206033,
    0.009755177223063814,
    0.009755177223063814,
    0.009755177223063814,
    0.009755177223063814,
    1.3790699944989748,
    0.1193999946326106,
    0.25869999461085913,
    0.09352999463163134,
    0.0935299946366686,
    0.09352999463102787,
    0.0935299946318318,
    0.0935299946315311,
    0.17412499517800764,
    0.0,
    0.6716249944608174,
    0.6716249944608212
  ],
  "qg": [
    -0.4666980863094976,
    0.005157149651334259,
    0.005980615013986915,
    0.005301107542722703,
    0.005936970817260462,
    0.009496675016800028,
    -0.13863161646649508,
    -0.0056991763315976714,
    -0.03409914900549883,
    -0.03409917333315056,
    -0.034099146220984124,
    -0.03409918333858302,
    -0.03409918305164177,
    -0.034099144049410945,
    0.0015472750272056577,
    0.0018490233409516324,
    0.012117098588916962,
    0.013445926520128458,
    -0.0035988817146435925,
    -0.005498981872256167,
    -0.00699898368372186,
    -0.02199944889777143,
    -0.045690036572649334,
    -0.07819541309564088,
    0.0021633759711061854,
    0.14802677258674074,
    0.035420813530536284,
    0.107468362277306,
    0.1587478364663868,
    0.16461275619092045,
    0.16445299259763108,
    -0.0029102856799659636,
    -0.006571607643596857,
    -0.09415215381758651,
    -0.09348248984097576,
    -0.09415192917616091,
    -0.09415191453124339,
    0.1429002300989609,
    -0.01329967747146529,
    -0.02889967289917568,
    -0.010399674323428759,
    -0.01039967758621295,
    -0.010399673444327176,
    -0.010399674358146128,
    -0.010399674306745134,
    -0.0022666416754725436,
    -0.02408940774317534,
    -0.012293829406060486,
    0.03929119222760639
  ],
  "pd": [
    0.059082375562198954,
    0.013560545237363199,
    0.0635785563429648,
    0.18990363557480253,
    0.3414697296879859,
    0.002424097467210059,
    0.02019281190507653,
    0.3580783974831281,
    0.005712229675207861,
    0.006152247367275694,
    0.009056364134923387,
    0.03684948163026247,
    0.011288453881958392,
    0.019176771052483534,
    0.010824435224868678,
    0.018664750465350054,
    0.47270700642763536,
    0.004104165018741782,
    0.05151407125863224,
    0.16610267859476976,
    0.028577149019387228,
    0.2384655881357433,
    0.008200329715809605,
    0.05105005260154253,
    0.016360657823249407,
    0.3066923313712792,
    0.00853634322611595,
    0.0763870713429757,
    0.01668867101188179,
    0.00760030559026256,
    0.025593029034999926,
    0.05070603876956222,
    0.01235249666459515,
    0.014576586089956194,
    0.0035681434665864233,
    0.017736713151170626,
    0.006032242542166284,
    0.0044321782073741675,
    0.022552906798894903,
    0.007984321030612668,
    0.01112844744847918,
    0.014736592523435406,
    0.007768312345415733,
    0.030081209494091807,
    0.018744753682089662,
    0.011624467392264736,
    0.16444661200825994,
    0.06835474838231928,
    0.10290013737048112,
    0.026577068600897077,
    0.017592707361039336,
    0.019688791639617013,
    0.15009403492517462,
    0.028785157382910202,
    0.004736190430984669,
    0.007072284359781162,
    0.043945766955065524,
    0.01685667776703496,
    0.007160287898194727,
    0.017928720871345682,
    0.030017206920700132,
    0.03867355497192548,
    0.0659946534885009,
    0.3947358713932156,
    0.06861075867588602,
    0.018264734381652027,
    0.017680710899452903,
    0.3982240116430623,
    0.01681667615866516,
    0.007680308807002166,
    0.011840476077461673,
    0.005840234821991231,
    0.006312253800754906,
    0.02365695118990146,
    0.006736270849474817,
    0.005760231605251624,
    0.04613785509373073,
    0.09733191348540454,
    0.29913202738938643,
    0.004152166948785546,
    0.016464662005010896,
    0.42049690718336863,
    0.004240170487199112,
    0.03595344560277889,
    0.035161413757056795,
    0.012624507601509809,
    0.028633151271104954,
    0.08686749273586408,
    0.07052283555596259,
    0.27264296232690294,
    0.03149726643038284,
    0.006968280178019674,
    0.13346936648668453,
    0.01438457836978114,
    0.004912197507811802,
    0.0015520624047483545,
    0.11704470609004344,
    0.6179768473834119,
    0.03520141536542659,
    0.24204173192400366,
    0.012128487657724254,
    0.01234449634292119,
    0.19120768800765808,
    0.009280373141794283,
    0.016744673263599515,
    0.045449827429770114,
    0.009280373141794283,
    0.06569064126489041,
    0.011384457742045918,
    0.2980999858934456,
    0.21420861282029477,
    0.07243491243603918,
    0.012024483475962766,
    0.12833315997200181,
    0.25619430096524,
    0.11805274662096246,
    0.07172288380705669,
    0.011104446483457299,
    0.011576465462220974,
    0.3664387336324169,
    0.033185334303588526,
    0.030353220431006477,
    0.008624346764529516,
    0.018256734059978064,
    0.01612864849470455,
    0.008072324569026235,
    0.06161847753284447,
    0.01232849569957327,
    0.009808394372275682,
    0.017000683557166253,
    0.04146566723613774,
    0.15209411534366477,
    0.011240451951914629,
    0.024496984965667327,
    0.05456219381641122,
    0.18887159407886162,
    0.06196249136482477,
    0.011504462567155328,
    0.3723669719928217,
    0.004320173703938719,
    0.007536303016870876,
    0.07368296261717705,
    0.0151846105371772,
    0.009040363491575465,
    0.06209849683328209,
    0.016832676802013082,
    0.13431740058412436,
    0.005856235465339152,
    0.020536825737056834,
    0.0025841039006892705,
    0.028841159634627925,
    0.4219449654063555,
    0.17591107296704545,
    0.30061208689906915,
    0.04298572835419025,
    0.017960722158041526,
    0.016080646564660784,
    0.005672228066838058,
    0.00760830591193652,
    0.061466471421039205
  ],