{
  "hour": 8,
  "dispatch": 2,
  "load": 0.9750712324748444,
  "wind": 0.3364988409445661,
  "solar": 0.17204758732620595,
  "gen": [
    47,
    1,
    2,
    3,
    4,
    5,
    6,
    7,
    8,
    9,
    10,
    11,
    12,
    13,
    14,
    15,
    16,
    17,
    18,
    19,
    20,
    21,
    22,
    23,
    24,
    25,
    26,
    27,
    28,
    29,
    30,
    31,
    32,
    33,
    34,
    35,
    36,
    37,
    38,
    39,
    40,
    41,
    42,
    43,
    44,
    45,
    46,
    48,
    49
  ],
  "pg": [
    7.089513053298503,
    0.04507349778610484,
    0.04507349778743982,
    0.04507349778610493,
    0.045073497787439784,
    0.0902464977815234,
    0.2852500674687087,
    0.04676499783675363,
    0.02763463081373155,
    0.02763463081373155,
    0.02763463081373155,
    0.02763463081373155,
    0.02763463081373155,
    0.02763463081373155,
    0.0,
    0.023879997726837795,
    0.1790999977210438,
    0.17909999771880286,
    0.03183999760765939,
    0.049749997610679435,
    0.06268499760991501,
    0.17909999781630132,
    0.22292375214895613,
    0.5104822016665446,
    0.004616764097759448,
    0.44024143360777584,
    0.06579030920319186,
    0.06579030920319186,
    0.06579030920319186,
    0.22579800636830993,
    0.22579800636830993,
    0.30470643045212353,
    0.0027314274963908453,
    0.03906615746381228,
    0.03906615746381228,
    0.03906615746381228,
    0.03906615746381228,
    1.3790699975625345,
    0.11939999759734496,
    0.2586999975890473,
    0.09352999759731316,
    0.09352999759922255,
    0.09352999759724107,
    0.09352999759742811,
    0.09352999759725568,
    0.17412499785394622,
    0.0,
    0.67162499753386,
    0.6716249975338604
  ],
  "qg": [
    -0.058373163686796264,
    0.006094309765353656,
    0.007143147345531132,
    0.00624171889714213,
    0.007098338590142255,
    0.01075294581548186,
    -0.21491847889152438,
    -0.005699651108113608,
    -0.034099640663345254,
    -0.03409964930634567,
    -0.03409963933351068,
    -0.03409965313973922,
    -0.03409965300190417,
    -0.0340996382657726,
    0.002664665090393515,
    0.002364232708078202,
    0.017060433800341952,
    0.01733241841168045,
    -0.0035976809937136233,
    -0.005498695630841937,
    -0.00699870572346661,
    -0.02199975979557802,
    0.0691493411091511,
    0.15518420520324883,
    0.003578063107775989,
    0.31720832716324754,
    0.05282678747279535,
    0.15959329390487356,
    0.23532212159436072,
    0.28049934561613277,
    0.27983213271711865,
    0.030098043594246223,
    -0.006081850212748042,
    -0.07642772115067499,
    -0.03465297919435322,
    -0.07667056830581225,
    -0.07668991273217565,
    0.1870927222677035,
    -0.013299886635374923,
    -0.02889988592305877,
    -0.01039988593978831,
    -0.010399886704702472,
    -0.010399885784740976,
    -0.010399885959819095,
    -0.01039988593000077,
    0.013318170434104517,
    0.013061125979379841,
    0.002110340470655001,
    0.0531194674272439
  ],
  "pd": [
    0.07200901051826726,
    0.016527457390448613,
    0.07748891084477588,
    0.2314526584525538,
    0.41617990344491307,
    0.0029544658343987787,
    0.024610797907665072,
    0.4364223822310908,
    0.006962008599870389,
    0.007498297777731553,
    0.01103780635161524,
    0.04491178096779133,
    0.013758255090220054,
    0.023372457442422022,
    0.013192713775384645,
    0.022748411853638118,
    0.5761305884200865,
    0.005002115422595952,
    0.06278483665905524,
    0.2024442892864272,
    0.03482954442400144,
    0.2906394822637769,
    0.009994480132867155,
    0.06221929534421983,
    0.019940206704110567,
    0.3737935569692316,
    0.01040401005050659,
    0.09309980127669813,
    0.020339985909425255,
    0.009263176708511022,
    0.03119252872687027,
    0.06180001471425564,
    0.015055099829411597,
    0.017765797855691667,
    0.004348817696837807,
    0.0216173292239673,
    0.007352037092860327,
    0.005401894627910638,
    0.027487258043465863,
    0.009731210900098946,
    0.013563240843725085,
    0.017960812102186634,
    0.00946794166733074,
    0.03666267834105414,
    0.022845918976885603,
    0.014167785007859488,
    0.2004258918352043,
    0.08331008610265071,
    0.1254136619209145,
    0.03239186634281433,
    0.021441816402121828,
    0.023996503031205922,
    0.18293311392460557,
    0.0350830629444449,
    0.005772421696251079,
    0.008619629695077626,
    0.05356066279984321,
    0.02054475086824497,
    0.008726887530649857,
    0.021851346319761263,
    0.036584672642456156,
    0.047134943377833964,
    0.08043362596684993,
    0.4811001461030883,
    0.08362210889704266,
    0.0222608762374007,
    0.021549074237694064,
    0.4853514566766785,
    0.02049599730662123,
    0.009360683831758506,
    0.014431054240627697,
    0.007118019997066364,
    0.0076933120242265235,
    0.02883285634428115,
    0.00821009977743819,
    0.00702051287381888,
    0.05623235797682429,
    0.11862716614288957,
    0.3645791338223443,
    0.0050606196965444425,
    0.020066965964332297,
    0.5124974397887783,
    0.005167877532116675,
    0.043819701187419506,
    0.04285438066726941,
    0.015386624048453043,
    0.03489779941027468,
    0.1058732344221186,
    0.08595252914265752,
    0.33229452531510223,
    0.038388554422534624,
    0.008492870434855896,
    0.1626711337137783,
    0.0175317807598977,
    0.005986937367395544,
    0.0018916381910011983,
    0.14265292131106974,
    0.7531840228128688,
    0.04290313422889315,
    0.2949980506729394,
    0.014782079884318641,
    0.015045349117086848,
    0.23304202456148781,
    0.011310826296708194,
    0.020408240895698492,
    0.05539379671689591,
    0.011310826296708194,
    0.08006309889850947,
    0.013875263638117035,
    0.3633212919324519,
    0.2610753224951396,
    0.08828294938827243,
    0.01465532062409691,
    0.1564111764012898,
    0.3122470607754194,
    0.14388151106398803,
    0.0874151359913698,
    0.01353398870675084,
    0.014109280733910998,
    0.446611876610453,
    0.04044595472305655,
    0.0369942025600956,
    0.010511267886078823,
    0.022251125525075948,
    0.019657436046692865,
    0.00983846873567118,
    0.07509998632521252,
    0.015025847692437352,
    0.011954373310141592,
    0.020720263690090446,
    0.050537941979171185,
    0.18537079200579268,
    0.013699750816271564,
    0.029856681138379738,
    0.06649985805478438,
    0.23019481656266128,
    0.0755192669551767,
    0.014021524322988263,
    0.4538371544430916,
    0.00526538465536416,
    0.009185171009913035,
    0.08980406051093319,
    0.018506851992372546,
    0.011018304926965742,
    0.07568502906469741,
    0.020515498731270725,
    0.16370470922020164,
    0.007137521421715861,
    0.025030078537629254,
    0.003149480080893747,
    0.035151317930718136,
    0.5142623187195577,
    0.21439866259656878,
    0.36638301560242276,
    0.05239057732087339,
    0.02189034916906026,
    0.019598931772744372,
    0.006913255038246646,
    0.00927292742083577,
    0.07491472279104229
  ],