{
  "hour": 8,
  "dispatch": 3,
  "load": 0.9937382286815903,
  "wind": 0.3422636865744688,
  "solar": 0.22787445233379527,
  "gen": [
    47,
    1,
    2,
    3,
    4,
    5,
    6,
    7,
    8,
    9,
    10,
    11,
    12,
    13,
    14,
    15,
    16,
    17,
    18,
    19,
    20,
    21,
    22,
    23,
    24,
    25,
    26,
    27,
    28,
    29,
    30,
    31,
    32,
    33,
    34,
    35,
    36,
    37,
    38,
    39,
    40,
    41,
    42,
    43,
    44,
    45,
    46,
    48,
    49
  ],
  "pg": [
    7.065452533458852,
    0.04507349775016127,
    0.04507349775151554,
    0.04507349775016139,
    0.0450734977515155,
    0.09024649774551258,
    0.2901369271091772,
    0.04676499780136484,
    0.02810806299624168,
    0.02810806299624168,
    0.02810806299624168,
    0.02810806299624168,
    0.02810806299624168,
    0.02810806299624168,
    0.0,
    0.023879997684110876,
    0.17909999767818685,
    0.17909999767590573,
    0.03183999756814979,
    0.04974999757125448,
    0.06268499757047903,
    0.17909999778058233,
    0.22674284708185408,
    0.5192277030809321,
    0.004695857779801712,
    0.44778358114537753,
    0.08713827907463396,
    0.08713827907463396,
    0.08713827907463396,
    0.2990660772341102,
    0.2990660772341102,
    0.30992661346691297,
    0.0036177348052513335,
    0.05174254039362555,
    0.05174254039362555,
    0.05174254039362555,
    0.05174254039362555,
    1.379069997521378,
    0.11939999755857428,
    0.25869999754999096,
    0.09352999755848926,
    0.0935299975604701,
    0.09352999755839182,
    0.09352999755860286,
    0.09352999755843243,
    0.17412499781765814,
    0.0,
    0.6716249974926456,
    0.6716249974926459
  ],
  "qg": [
    -0.041807851981495815,
    0.00656205963822477,
    0.007728215785723363,
    0.006709568962747475,
    0.007683317163798475,
    0.011348510850576022,
    -0.2096896208942285,
    -0.005699625984813368,
    -0.03409961383673791,
    -0.034099623865350766,
    -0.03409961241661504,
    -0.03409962821817234,
    -0.03409962807094203,
    -0.034099611276655103,
    0.002769369363652638,
    0.0024128465171910345,
    0.01752488878276734,
    0.017698497274275363,
    -0.003596978636229937,
    -0.0054985515759489855,
    -0.006998567746946172,
    -0.021999747665382877,
    0.06811755689287778,
    0.1531108412940958,
    0.0035769986288716337,
    0.31698065804516035,
    0.054293820205978297,
    0.163335982372119,
    0.24064368725606877,
    0.28147153793171736,
    0.2806050899774127,
    0.031993308505817594,
    -0.0060149561333211156,
    -0.07392718711685137,
    -0.033390272484927354,
    -0.07420167088486103,
    -0.07422358401853342,
    0.19068215382086767,
    -0.013299881623041597,
    -0.028899880788634928,
    -0.010399880859180059,
    -0.010399881694398892,
    -0.01039988068258426,
    -0.010399880879426126,
    -0.010399880849294003,
    0.013893881052336958,
    0.014444063099072322,
    0.003629308742591182,
    0.054561765365680734
  ],
  "pd": [
    0.07338756818813545,
    0.016843862976152955,
    0.07897237703332598,
    0.2358836433421491,
    0.42414735076587634,
    0.0030110268329052187,
    0.02508195289192334,
    0.4447773563933062,
    0.007095290952786554,
    0.00764184697856143,
    0.011249116748675602,
    0.04577158281307405,
    0.014021646406697239,
    0.02381990534149772,
    0.013445278234061917,
    0.023183912875141502,
    0.5871601697988044,
    0.005097877113136558,
    0.06398680454480761,
    0.20631993103887178,
    0.035496329528506405,
    0.29620355382312163,
    0.010185816843986301,
    0.06341043637217228,
    0.02032194677653852,
    0.3809495499650877,
    0.01060318690003257,
    0.09488212607451824,
    0.020729379450297975,
    0.009440513172475108,
    0.03178968593552407,
    0.0629831289338392,
    0.015343318250843755,
    0.018105910526578575,
    0.004432072499919893,
    0.022031176529870855,
    0.007492786244259191,
    0.005505309786896011,
    0.028013480666534033,
    0.009917507522242271,
    0.013822898760960923,
    0.018304658172314893,
    0.009649198200498242,
    0.03736455739842778,
    0.02328328669800966,
    0.014439016462743507,
    0.2042628929055009,
    0.08490499425855508,
    0.12781461097302615,
    0.03301198395680243,
    0.02185230364870817,
    0.024455897807853937,
    0.18643522908295315,
    0.03575470146796362,
    0.005882930313795015,
    0.008784645941545259,
    0.05458604090147976,
    0.020938064478321108,
    0.008893957146700233,
    0.02226967370475444,
    0.037285058340133265,
    0.048037305974468064,
    0.0819734664839444,
    0.49031044203149676,
    0.0852229904917332,
    0.022687043760800708,
    0.021961614853863148,
    0.49464314070854837,
    0.02088837756688703,
    0.009539886995343267,
    0.014707325784487538,
    0.007254289069375609,
    0.007840594624297748,
    0.029384839422114624,
    0.00836727588549899,
    0.00715491524650745,
    0.05730888364806733,
    0.12089819290140229,
    0.37155872370404663,
    0.005157501406857454,
    0.020451132746267132,
    0.522308812995044,
    0.005266812612012429,
    0.04465859599695067,
    0.043674795150555897,
    0.015681189248595493,
    0.03556589120451412,
    0.10790009687024707,
    0.08759802485828218,
    0.33865605095239915,
    0.03912347406319421,
    0.008655459971816652,
    0.1657853486909497,
    0.017867413351694995,
    0.006101552724104964,
    0.0019278521636422854,
    0.1453839028561167,
    0.7676031573628077,
    0.04372448206198997,
    0.3006455637053283,
    0.01506507154681291,
    0.015333380868556939,
    0.2375034366549001,
    0.011527363452706448,
    0.020798941126305686,
    0.056454268771401146,
    0.011527363452706448,
    0.08159584595704539,
    0.01414089499413903,
    0.3702768013890475,
    0.2660734107294958,
    0.0899730592248312,
    0.014935885577084303,
    0.15940554926281392,
    0.3182247929707057,
    0.14663601302425547,
    0.08908863220130457,
    0.013793086614100473,
    0.014379392169022613,
    0.4551619208830288,
    0.04122026172571237,
    0.03770242839617954,
    0.010712498105187544,
    0.022677106378513893,
    0.020033762690220863,
    0.010026818727397246,
    0.07653771837305609,
    0.015313506103983307,
    0.012183230683636298,
    0.021116937359483796,
    0.051505452392566826,
    0.18891957465465714,
    0.013962022112976345,
    0.030428264562230297,
    0.06777294719608445,
    0.23460172102714985,
    0.07696502581138917,
    0.014289955728441269,
    0.4625255211575594,
    0.005366186434880588,
    0.00936101411418058,
    0.09152329086157449,
    0.018861151580376587,
    0.011229241984101971,
    0.07713396131026504,
    0.02090825233146066,
    0.16683871121335223,
    0.007274163833949241,
    0.025509260330256422,
    0.0032097744786415364,
    0.03582426314397133,
    0.5241074791889576,
    0.21850316172250808,
    0.37339713942710756,
    0.05339355502706185,
    0.022309423233901705,
    0.019974138396499967,
    0.007045604041352476,
    0.009450450554761923,
    0.07634890810960658
  ],