{
  "hour": 9,
  "dispatch": 3,
  "load": 0.9958798669393667,
  "wind": 0.514188924686789,
  "solar": 0.49787769662869275,
  "gen": [
    47,
    1,
    2,
    3,
    4,
    5,
    6,
    7,
    8,
    9,
    10,
    11,
    12,
    13,
    14,
    15,
    16,
    17,
    18,
    19,
    20,
    21,
    22,
    23,
    24,
    25,
    26,
    27,
    28,
    29,
    30,
    31,
    32,
    33,
    34,
    35,
    36,
    37,
    38,
    39,
    40,
    41,
    42,
    43,
    44,
    45,
    46,
    48,
    49
  ],
  "pg": [
    4.763397536237917,
    0.045073498788834626,
    0.04507349878955143,
    0.04507349878883466,
    0.045073498789551414,
    0.090246498786358,
    0.43587795145699104,
    0.04676499882025983,
    0.04222725125097786,
    0.04222725125097786,
    0.04222725125097786,
    0.04222725125097786,
    0.04222725125097786,
    0.04222725125097786,
    0.0,
    0.023879998734333843,
    0.1790999987309615,
    0.179099998729704,
    0.03183999870219306,
    0.04974999870383871,
    0.0626849987034206,
    0.1790999988109151,
    0.34063987882650404,
    0.7800451663068464,
    0.007054672046702745,
    0.672713370167726,
    0.19038643968002555,
    0.19038643968002555,
    0.19038643968002555,
    0.6534226550986424,
    0.6534226550986424,
    0.4656083550823812,
    0.007904306311677125,
    0.11305109706269073,
    0.11305109706269073,
    0.11305109706269073,
    0.11305109706269073,
    1.379069998661063,
    0.11939999869552587,
    0.2586999986899167,
    0.09352999869515469,
    0.0935299986964744,
    0.09352999869494939,
    0.09352999869519546,
    0.09352999869513427,
    0.17412499882377175,
    0.0,
    0.6716249986521059,
    0.671624998652106
  ],
  "qg": [
    -0.4013236255530989,
    0.00741708215599925,
    0.008806553552681532,
    0.007562261123685117,
    0.008762234992873923,
    0.01238461387464058,
    -0.13007682965835954,
    -0.0056996539386139165,
    -0.03409962935760141,
    -0.034099649341537135,
    -0.03409962819853439,
    -0.034099656588529835,
    -0.03409965646248357,
    -0.03409962727440949,
    0.0026823331699585284,
    0.002368477173449038,
    0.01712012548915998,
    0.017365868795600512,
    -0.00359889651155845,
    -0.005499274488174688,
    -0.00699927779715387,
    -0.0219998156369972,
    0.022178519077134206,
    0.06009173526704304,
    0.0034973967570710368,
    0.24128470759163098,
    0.05372555069378185,
    0.15524983994467334,
    0.22709398918941964,
    0.23148447056001584,
    0.2290119141261034,
    0.027531205018905398,
    -0.006348367379474367,
    -0.08188263947842042,
    -0.03599588324521999,
    -0.08250703386335656,
    -0.08255633087611708,
    0.19583223940746353,
    -0.0132999066733033,
    -0.02889990470946096,
    -0.010399905517886419,
    -0.010399906707490504,
    -0.010399905163555448,
    -0.010399905523538493,
    -0.010399905515246204,
    0.012431129393108137,
    0.011016512255227368,
    0.009306748358214082,
    0.059960549838380534
  ],
  "pd": [
    0.07354572817347223,
    0.016880163744622267,
    0.07914257302567147,
    0.23639200401539748,
    0.4250614448070605,
    0.0030175159968262814,
    0.025136007841549613,
    0.44573591084472175,
    0.007110582249947078,
    0.00765831617676373,
    0.011273360093753631,
    0.04587022667122723,
    0.014051864922514463,
    0.02387124041053662,
    0.013474254599689631,
    0.023233877295695426,
    0.5884255781797941,
    0.005108863717398951,
    0.06412470463222582,
    0.2067645779739513,
    0.03557282884707418,
    0.29684191193861703,
    0.010207768636128508,
    0.06354709430940099,
    0.02036574327891005,
    0.38177054699120627,
    0.010626038180243044,
    0.09508660969537072,
    0.020774054024355188,
    0.009460858735923984,
    0.031858196943390336,
    0.06311886596661706,
    0.015376385145543823,
    0.018144931175635263,
    0.004441624206549576,
    0.02207865665004576,
    0.007508934196722825,
    0.005517174462844092,
    0.028073853449020747,
    0.00993888107205488,
    0.013852688949126592,
    0.018344107149023132,
    0.00966999350798125,
    0.037445082996920176,
    0.02333346528238936,
    0.014470134466628998,
    0.20470310664938685,
    0.0850879758312995,
    0.12809006848574137,
    0.03308312917972576,
    0.021899398273996673,
    0.024508603525377815,
    0.1868370218364946,
    0.035831757612478414,
    0.005895608812281051,
    0.008803578023744003,
    0.05470368109097942,
    0.020983188796412453,
    0.008913124809107331,
    0.022317667818111207,
    0.037365412607565034,
    0.04814083276784897,
    0.08215013022382836,
    0.49136712634788365,
    0.0854066573887201,
    0.02273593736222574,
    0.022008945059360005,
    0.49570916256773917,
    0.02093339480306549,
    0.009560446722617919,
    0.014739022030702627,
    0.007269923028657377,
    0.007857492150151604,
    0.02944816766539707,
    0.008385308479629467,
    0.0071703350419634404,
    0.05743239192639329,
    0.12115874461184335,
    0.3723594822486292,
    0.005168616509415314,
    0.02049520766161217,
    0.5234344580633312,
    0.005278163294778643,
    0.04475484122025514,
    0.04376892015198517,
    0.015714984300303204,
    0.03564254043775994,
    0.10813263595227643,
    0.08778681027070517,
    0.33938589985426676,
    0.03920779036140287,
    0.008674113641041885,
    0.16614263820149455,
    0.01790592000756981,
    0.006114702383007711,
    0.0019320069418623715,
    0.14569722453322936,
    0.7692574444186444,
    0.04381871414533213,
    0.30129349494383595,
    0.015097538782800799,
    0.015366426346874427,
    0.23801528819850862,
    0.011552206456496654,
    0.020843765615040945,
    0.05657593524082542,
    0.011552206456496654,
    0.0817716958743914,
    0.014171370506547187,
    0.37107479722027753,
    0.2666468343730154,
    0.09016696315269027,
    0.014968074400098681,
    0.15974908945574381,
    0.3189106097899934,
    0.14695203316557295,
    0.08928063007111421,
    0.013822812553118409,
    0.014410381674612636,
    0.4561428554542381,
    0.041309096880644935,
    0.03778368215167957,
    0.010735584965606372,
    0.02272597856355635,
    0.020076938117497632,
    0.01004842785741821,
    0.07670266735167003,
    0.01534650874953564,
    0.012209487168676635,
    0.021162447172461542,
    0.05161645350346738,
    0.189326721503843,
    0.013992112130498103,
    0.03049384152568341,
    0.0679190069252648,
    0.2351073189870457,
    0.07713089569445396,
    0.014320752486588094,
    0.4635223252682589,
    0.0053777512814725805,
    0.009381188346568833,
    0.09172053574511568,
    0.01890179987450918,
    0.011253442496414842,
    0.07730019527183364,
    0.020953312400404274,
    0.16719827086045028,
    0.007289840625996164,
    0.025564236184333542,
    0.003216691970214154,
    0.03590146920316417,
    0.5252370006224915,
    0.21897406514262793,
    0.374201860002467,
    0.05350862525065217,
    0.022357503012788785,
    0.02001718532548127,
    0.00706078825660011,
    0.009470817534593376,
    0.07651345017695153
  ],